url,size,access_time,return_code,page_score,domain_score,depth
https://about.google/products/,681096,2026-09-20 18:20:19,200,1.000,3.000,0
https://www.apkmirror.com/apk/google-inc/google-play-services/,671113,2026-09-20 18:20:19,200,1.000,3.000,0
https://play.google.com/store/apps/details?id=com.google.android.gms&hl=en-US,1225646,2026-09-20 18:20:20,200,1.000,3.000,0
https://www.google.us/,228591,2026-09-20 18:20:20,200,1.000,3.000,0
https://apkpure.com/google-play-services-app/com.google.android.gms,0,2026-09-20 18:20:20,403,1.000,3.000,0
https://workspace.google.com/,1519211,2026-09-20 18:20:20,200,1.000,3.000,0
https://abc.xyz/investor/?utm_source=about&utm_medium=referral&utm_campaign=footer-link,166617,2026-09-20 18:20:20,200,1.000,3.000,1
https://assistant.google.com/business/?utm_source=about.google&utm_medium=referral&utm_campaign=productslist,78563,2026-09-20 18:20:20,200,1.000,3.000,1
https://admanager.google.com/home/?utm_source=about.google&utm_medium=referral&utm_campaign=productslist,82863,2026-09-20 18:20:20,200,1.000,3.000,1
https://files.google.com/?utm_source=about.google&utm_medium=referral&utm_campaign=productslist,12718,2026-09-20 18:20:20,200,1.000,3.000,1
https://admob.google.com/home/?utm_source=about.google&utm_medium=referral&utm_campaign=productslist,132773,2026-09-20 18:20:20,200,1.000,3.000,1
https://families.google/familylink/?utm_source=about.google&utm_medium=referral&utm_campaign=productslist,163023,2026-09-20 18:20:20,200,1.000,3.000,1
https://knowledge.workspace.google.com/admin/users/advanced/turn-on-or-off-additional-google-services,323006,2026-09-20 18:20:20,200,1.000,3.000,0
https://en.wikipedia.org/wiki/Google_services,838254,2026-09-20 18:20:20,200,1.000,3.000,0
https://built-in.google/cars/?utm_source=about.google&utm_medium=referral&utm_campaign=productslist,438525,2026-09-20 18:20:20,200,1.000,3.000,1
https://support.google.com/?hl=en,1478838,2026-09-20 18:20:20,200,1.000,3.000,0
https://chromeos.google/?utm_source=about.google&utm_medium=referral&utm_campaign=productslist,626419,2026-09-20 18:20:20,200,1.000,3.000,1
https://flutter.dev/?utm_source=about.google&utm_medium=referral&utm_campaign=productslist,73697,2026-09-20 18:20:20,200,1.000,3.000,1
https://blog.google/?utm_source=about.google&utm_medium=referral&utm_campaign=navigation ,358748,2026-09-20 18:20:20,200,1.000,3.000,1
https://ai.google/?utm_source=about.google&utm_medium=referral&utm_campaign=footer,451893,2026-09-20 18:20:20,200,1.000,3.000,1
https://deepmind.google/?utm_source=about.google&utm_medium=referral&utm_campaign=footer,269782,2026-09-20 18:20:20,200,1.000,3.000,1
https://edu.google.com/workspace-for-education/classroom/?utm_source=about.google&utm_medium=referral&utm_campaign=productslist,454813,2026-09-20 18:20:20,200,1.000,3.000,1
http://blog.picnik.com/2012/01/official-announcement-picnik-is-closing/,0,2026-09-20 18:20:21,0,1.000,3.000,1
https://ads.google.com/home/campaigns/shopping-ads/?utm_source=about.google&utm_medium=referral&utm_campaign=productslist,256358,2026-09-20 18:20:21,200,1.000,3.000,1
https://gemini.google/overview/canvas/?utm_source=about.google&utm_medium=referral&utm_campaign=productspage,177975,2026-09-20 18:20:21,200,1.000,3.000,1
https://chromeenterprise.google/?utm_source=about.google&utm_medium=referral&utm_campaign=productslist,584973,2026-09-20 18:20:21,200,1.000,3.000,1
https://firebase.google.com/?utm_source=about.google&utm_medium=referral&utm_campaign=productslist,527675,2026-09-20 18:20:21,200,1.000,1.893,1
https://developers.google.com/?utm_source=about.google&utm_medium=referral&utm_campaign=footer,144864,2026-09-20 18:20:21,200,1.000,3.000,1
https://automobiles.honda.com/google-built-in,0,2026-09-20 18:20:21,403,1.000,3.000,2
https://about.appsheet.com/home/,203529,2026-09-20 18:20:21,200,1.000,3.000,1
https://crisisresponse.google/?utm_source=about&utm_medium=referral&utm_campaign=footer-link,119613,2026-09-20 18:20:21,200,1.000,3.000,1
https://cloudonair.withgoogle.com/gws-events?utm_source=wgc&utm_medium=et&utm_campaign=FY25-gws-global-webinar-program-&utm_content=gws-nav-bar&utm_term=-,40676,2026-09-20 18:20:21,200,1.000,3.000,1
https://fonts.google.com/?utm_source=about.google&utm_medium=referral&utm_campaign=productslist,335273,2026-09-20 18:20:21,200,1.000,1.893,1
https://android-developers.googleblog.com/2019/02/an-update-on-android-things.html,142879,2026-09-20 18:20:21,200,1.000,3.000,1
https://careers.google.com/?utm_source=about&utm_medium=referral&utm_campaign=footer-link,1030663,2026-09-20 18:20:21,200,1.000,3.000,1
https://blog.verily.com/2018/11/update-on-our-smart-lens-program-with.html,0,2026-09-20 18:20:21,0,1.000,3.000,1
https://cloud.google.com/?utm_source=about.google&utm_medium=referral&utm_campaign=footer,2157297,2026-09-20 18:20:21,200,1.000,3.000,1
https://artsandculture.google.com/?utm_source=google&utm_medium=about_google,1564774,2026-09-20 18:20:21,200,1.000,3.000,1
https://9to5google.com/2022/05/03/youtube-go-shutting-down/,193777,2026-09-20 18:20:21,200,1.000,3.000,1
https://designguidelines.withgoogle.com/conversation/,151897,2026-09-20 18:20:21,200,1.000,3.000,2
https://chromeenterprisecertification.com/,686,2026-09-20 18:20:21,200,1.000,3.000,2
https://creativecommons.org/licenses/by/4.0/,32178,2026-09-20 18:20:21,200,1.000,3.000,1
https://blog.youtube/news-and-events/google-video-content-moving-to-youtube/,95696,2026-09-20 18:20:21,200,1.000,3.000,1
https://dart.dev/,81349,2026-09-20 18:20:21,200,1.000,3.000,2
https://antigravity.google/?utm_source=ai.google&utm_medium=referral,136935,2026-09-20 18:20:21,200,1.000,3.000,2
https://arstechnica.com/gadgets/2022/06/google-hangouts-finally-gets-a-shutdown-date-november-2022/,146450,2026-09-20 18:20:21,200,1.000,3.000,1
https://blog.dart.dev/announcing-dart-3-9-ba49e8f38298,71095,2026-09-20 18:20:21,200,1.000,3.000,2
https://china.googleblog.com/2012/09/blog-post_21.html,130301,2026-09-20 18:20:22,200,1.000,3.000,1
https://fi.google.com/about/?utm_source=about.google&utm_medium=referral&utm_campaign=productslist,2194804,2026-09-20 18:20:22,200,1.000,3.000,1
https://gc23t.app.goo.gl/Dw5Y,1233263,2026-09-20 18:20:22,200,1.000,3.000,2
https://bsky.app/profile/flutter.dev,19310,2026-09-20 18:20:22,200,1.000,3.000,2
https://crisisresilience.google/alerts,132644,2026-09-20 18:20:22,200,1.000,3.000,2
https://dartpad.dev/?id=bbd3f10c2593f0add04dd770318b33f7,15915,2026-09-20 18:20:22,200,1.000,3.000,2
https://commons.wikimedia.org/wiki/Category:Google_services,120567,2026-09-20 18:20:22,200,1.000,3.000,1
https://9to5mac.com/about/,142656,2026-09-20 18:20:22,200,1.000,3.000,2
https://apps.apple.com/us/app/google/id284815942,919057,2026-09-20 18:20:22,200,1.000,3.000,2
https://clever.com/google-classroom,140298,2026-09-20 18:20:22,200,1.000,3.000,2
https://9to5google.beehiiv.com/subscribe,403318,2026-09-20 18:20:22,200,1.000,3.000,2
https://9to5toys.com/,298307,2026-09-20 18:20:22,200,1.000,3.000,2
https://cloud.withgoogle.com/partners/?products=GOOGLE_WORKSPACE_PRODUCT,132092,2026-09-20 18:20:22,200,1.000,3.000,1
https://about.youtube/,96379,2026-09-20 18:20:22,200,1.000,3.000,2
https://ai.google.dev/?utm_source=about.google&utm_medium=referral&utm_campaign=productslist ,273999,2026-09-20 18:20:22,200,1.000,3.000,1
https://codeassist.google/,1583509,2026-09-20 18:20:22,200,1.000,3.000,2
https://developer.wikimedia.org/,35395,2026-09-20 18:20:22,200,1.000,3.000,1
https://ai.studio/,64672,2026-09-20 18:20:22,200,1.000,3.000,2
https://dialogflow.com/,0,2026-09-20 18:20:22,0,1.000,3.000,3
http://blocktalk.co/,114,2026-09-20 18:20:22,200,1.000,3.000,3
https://blogs.ucl.ac.uk/pcph-blog/2018/01/23/google-flu-trends-is-dead-long-live-google-trends/,58340,2026-09-20 18:20:22,200,1.000,3.000,1
https://bsky.social/,63407,2026-09-20 18:20:22,200,1.000,3.000,3
https://artists.youtube/,225743,2026-09-20 18:20:22,200,1.000,3.000,2
https://developer.chrome.com/docs/devtools/ai-assistance?utm_source=ai.google&utm_medium=referral,190438,2026-09-20 18:20:22,200,1.000,3.000,2
https://creative-commons-shop.fourthwall.com/,134594,2026-09-20 18:20:22,200,1.000,3.000,2
https://apple.news/TMzMaigopSFChmI1nDK60mg,7411,2026-09-20 18:20:23,200,1.000,3.000,2
https://discord.gg/gemini,23936,2026-09-20 18:20:23,200,1.000,3.000,2
https://docs.angularjs.org/misc/version-support-status,11890,2026-09-20 18:20:23,200,1.000,3.000,1
https://donate.wikimedia.org/?wmf_source=donate&wmf_medium=sidebar&wmf_campaign=en.wikipedia.org&uselang=en,79002,2026-09-20 18:20:23,200,1.000,1.893,1
https://electrek.co/,289496,2026-09-20 18:20:23,200,1.000,3.000,2
https://developer.android.com/?utm_source=about.google&utm_medium=referral&utm_campaign=productslist,521558,2026-09-20 18:20:23,200,1.000,3.000,1
https://amzn.to/3Ffnevu,886078,2026-09-20 18:20:23,200,1.000,3.000,2
https://businessmessages.google/,94357,2026-09-20 18:20:23,200,1.000,3.000,1
https://brand.youtube/,60243,2026-09-20 18:20:23,200,1.000,3.000,3
https://dronedj.com/,288023,2026-09-20 18:20:23,200,1.000,3.000,2
https://apps.admob.com/signup/,1239796,2026-09-20 18:20:23,200,1.000,3.000,2
https://charts.youtube.com/,62275,2026-09-20 18:20:23,200,1.000,3.000,3
https://9to5mac.myphonesunlimited.com/,23128,2026-09-20 18:20:23,200,1.000,3.000,3
https://developers.googleblog.com/en/google-url-shortener-links-will-no-longer-be-available/,38520,2026-09-20 18:20:23,200,1.000,1.500,1
https://en.wikiquote.org/wiki/en:Category:Google_services,45795,2026-09-20 18:20:23,200,1.000,3.000,2
https://9to5mac.ifixyouri.com/,213578,2026-09-20 18:20:23,200,1.000,3.000,3
https://chromium.googlesource.com/chromium/src/tools/gn/+/48062805e19b4697c5fbd926dc649c78b6aaa138/README.md,12148,2026-09-20 18:20:23,200,1.000,3.000,1
https://fontawesome.com/,21105,2026-09-20 18:20:23,200,1.000,3.000,2
https://firebase.blog/,87438,2026-09-20 18:20:23,200,1.000,3.000,2
https://atproto.com/,89760,2026-09-20 18:20:23,200,1.000,3.000,3
https://discuss.google.dev/c/google-workspace/20,480306,2026-09-20 18:20:23,200,1.000,3.000,1
https://chrome.dev/cinemai/devtools/overflow,42316,2026-09-20 18:20:23,200,1.000,3.000,3
https://blog.chromium.org/,301473,2026-09-20 18:20:23,200,1.000,3.000,3
http://fortune.com/2016/02/04/google-ends-search-appliance/,418289,2026-09-20 18:20:23,200,1.000,3.000,1
http://connectthewatts.com/,294062,2026-09-20 18:20:23,200,1.000,3.000,3
https://crbug.com/364805393,162543,2026-09-20 18:20:24,200,1.000,3.000,3
https://configure.nesherequipment.ca/,2097,2026-09-20 18:20:24,200,1.000,3.000,3
https://9to5mac.us9.list-manage.com/subscribe?u=53ec2d4dd6eb242346cdddfa2&id=ce73234260,0,2026-09-20 18:20:24,404,1.000,3.000,3
https://climate.uchicago.edu/news/how-ai-is-helping-38-million-farmers-with-advance-weather-predictions/,0,2026-09-20 18:20:24,0,1.000,3.000,2
https://aws.amazon.com/what-is-cloud-computing/?sc_channel=EL&sc_campaign=amazonfooter,398010,2026-09-20 18:20:24,200,1.000,3.000,3
https://geminicli.com/,28756,2026-09-20 18:20:24,200,1.000,3.000,3
https://blueskydirectory.com/,0,2026-09-20 18:20:24,403,1.000,3.000,4
https://blinkforhome.com/?ref=nav_footer,478876,2026-09-20 18:20:24,200,1.000,3.000,3
https://developer.amazon.com/,502714,2026-09-20 18:20:24,200,1.000,3.000,3
https://colab.google/,72437,2026-09-20 18:20:24,200,1.000,3.000,2
https://advertising.amazon.com/?ref=ext_amzn_ftr,228872,2026-09-20 18:20:24,200,1.000,3.000,3
https://genkit.dev/docs/dart/get-started/,123794,2026-09-20 18:20:24,200,1.000,3.000,3
https://developer.mozilla.org/en-US/docs/Learn_web_development/Core/Styling_basics/Overflow,197277,2026-09-20 18:20:24,200,1.000,3.000,4
https://affiliate-program.amazon.com/,51862,2026-09-20 18:20:24,200,1.000,3.000,3
https://angular.io/,101786,2026-09-20 18:20:24,200,1.000,3.000,2
https://gemini.google.com/?utm_source=about.google&utm_medium=referral&utm_campaign=productspage,848762,2026-09-20 18:20:24,200,1.000,0.706,1
https://f45training.com/,224481,2026-09-20 18:20:24,200,1.000,3.000,4
https://clever.academy/quick-start-google-classroom,4528,2026-09-20 18:20:24,200,1.000,3.000,3
https://fortunecustomerservice.zendesk.com/hc/en-us,0,2026-09-20 18:20:24,403,1.000,3.000,2
https://dspjobhub.com/,57172,2026-09-20 18:20:24,200,1.000,3.000,3
https://fortune.wd108.myworkdayjobs.com/en-US/Fortune,7522,2026-09-20 18:20:24,200,1.000,3.000,2
https://calculator.aws/?nc2=h_pr_calc,2701,2026-09-20 18:20:24,200,1.000,3.000,4
https://eero.com/,377519,2026-09-20 18:20:24,200,1.000,3.000,3
https://flow.google/?utm_source=deepmind.google&utm_medium=referral&utm_campaign=gdm&utm_content=,153219,2026-09-20 18:20:24,200,1.000,3.000,2
https://blink.com/users/sign_in,7346,2026-09-20 18:20:24,200,1.000,3.000,4
https://entechonline.com/building-ai-apps-without-code-introducing-googles-opal/,222684,2026-09-20 18:20:24,200,1.000,3.000,1
https://builder.aws.com/content/2zZDrpGNFIOPAOT9PXifxnumRUC/aws-tools-and-resources-java?nc1=f_dr,3681,2026-09-20 18:20:24,200,1.000,3.000,4
https://foundation.wikimedia.org/wiki/Project:Privacy_policy,208754,2026-09-20 18:20:24,200,1.000,1.292,2
https://angular.dev/tutorials,144268,2026-09-20 18:20:24,200,1.000,3.000,3
https://g.co/gemini/share/3b2ef78110b3,847966,2026-09-20 18:20:24,200,1.000,3.000,2
https://developer.ring.com/,113584,2026-09-20 18:20:25,200,1.000,3.000,4
https://giving.gofundme.com/campaign/778218/donate,306730,2026-09-20 18:20:25,200,1.000,3.000,2
https://docs.angular.lat/,98116,2026-09-20 18:20:25,200,1.000,3.000,3
https://blog.angular.dev/,0,2026-09-20 18:20:25,403,1.000,3.000,3
https://community.amazondeveloper.com/,274253,2026-09-20 18:20:25,200,1.000,3.000,4
https://en.wiktionary.org/wiki/Wiktionary:Main_Page,168284,2026-09-20 18:20:25,200,1.000,3.000,3
https://amazonappdev2026.devpost.com/?utm_source=amzn-dev_org&utm_campaign=web&utm_medium=l0,103574,2026-09-20 18:20:25,200,1.000,3.000,4
https://github.com/illogical-robot/apkmirror-public/issues,318283,2026-09-20 18:20:25,200,1.000,3.000,1
https://colab.new/,74293,2026-09-20 18:20:25,200,1.000,3.000,3
https://dev.angular.tw/,4493,2026-09-20 18:20:25,200,1.000,3.000,3
https://alnk.to/dLk3lQ7,751579,2026-09-20 18:20:25,200,1.000,3.000,4
https://getstepr.com/,531738,2026-09-20 18:20:25,200,1.000,3.000,4
https://get.fabric.io/roadmap/,527675,2026-09-20 18:20:25,200,1.000,3.000,1
https://angular.jp/,102077,2026-09-20 18:20:25,200,1.000,3.000,3
https://angular.az/,5065,2026-09-20 18:20:25,200,1.000,3.000,3
http://angular.codeschool.com/,459396,2026-09-20 18:20:25,200,1.000,3.000,2
https://enterprise.wikimedia.com/,63211,2026-09-20 18:20:25,200,1.000,3.000,3
https://en.wikibooks.org/wiki/Main_Page,101795,2026-09-20 18:20:25,200,1.000,3.000,4
https://angular-docs.tr/,109248,2026-09-20 18:20:25,200,1.000,3.000,3
https://driveelectricweek.org/attend,206537,2026-09-20 18:20:25,200,1.000,3.000,3
https://developer.aws/,3681,2026-09-20 18:20:25,200,1.000,3.000,4
http://google-tvads.blogspot.com/2012/08/an-update-on-google-tv-ads.html,26988,2026-09-20 18:20:25,200,1.000,3.000,1
https://angular.cn/,4473,2026-09-20 18:20:25,200,1.000,3.000,3
https://angular.kr/,5065,2026-09-20 18:20:25,200,1.000,3.000,3
https://en.wikinews.org/wiki/Main_Page,127146,2026-09-20 18:20:25,200,1.000,3.000,4
https://discord.com/invite/HP4BhW3hnp,23829,2026-09-20 18:20:25,200,1.000,3.000,5
https://drb.ai/and/f45?utm_source=f45&utm_medium=website&utm_campaign=hsa-fsa-banner&utm_term=partner,294040,2026-09-20 18:20:25,200,1.000,3.000,5
https://en.wikisource.org/wiki/Main_Page,119064,2026-09-20 18:20:25,200,1.000,3.000,4
https://docs.github.com/en/repositories/managing-your-repositorys-settings-and-features/repository-access-and-collaboration/inviting-collaborators-to-a-personal-repository,195461,2026-09-20 18:20:25,200,1.000,1.893,5
https://en.wikiversity.org/wiki/Wikiversity:Main_Page,96294,2026-09-20 18:20:25,200,1.000,3.000,4
https://devpost.team/,90640,2026-09-20 18:20:25,200,1.000,3.000,5
https://google.ai/,93139,2026-09-20 18:20:25,200,1.000,3.000,2
https://functionalinspiredtraining.com/newsroom/,112457,2026-09-20 18:20:25,200,1.000,3.000,5
https://apps.shopify.com/whatmore-live,261993,2026-09-20 18:20:25,200,1.000,3.000,5
https://github.blog/,315852,2026-09-20 18:20:25,200,1.000,3.000,2
https://calendly.com/d/4ty-cbq-n9z/stepr-15-min-meeting-with-sales-team,1144,2026-09-20 18:20:25,200,1.000,3.000,5
http://googlephotos.blogspot.com/2016/02/moving-on-from-picasa.html,35459,2026-09-20 18:20:25,200,1.000,1.893,1
http://feeds.feedburner.com/TVAdsBlog,0,2026-09-20 18:20:25,200,1.000,3.000,2
https://evhybridnoire.com/,163224,2026-09-20 18:20:25,200,1.000,3.000,4
https://f45training.hu/?lang=hu,222571,2026-09-20 18:20:26,200,1.000,3.000,5
https://en.wikivoyage.org/wiki/,134633,2026-09-20 18:20:26,200,1.000,3.000,4
https://developer.pluralsight.com/integrations-hub/documentation/building-integrations,3663,2026-09-20 18:20:26,200,1.000,3.000,3
http://googlevideo.blogspot.com/2009/01/turning-down-uploads-at-google-video.html,30968,2026-09-20 18:20:26,200,1.000,1.893,2
http://googlenotebookblog.blogspot.com/2009/01/stopping-development-on-google-notebook.html,258990,2026-09-20 18:20:26,200,1.000,1.893,1
https://f45training.ly/,224481,2026-09-20 18:20:26,200,1.000,3.000,5
https://angular-docs.ru/,106523,2026-09-20 18:20:26,200,1.000,3.000,3
http://googleblog.blogspot.com/2008/11/lively-no-more.html,111034,2026-09-20 18:20:26,200,1.000,1.893,1
http://emobilityequityconference.com/,384,2026-09-20 18:20:26,200,1.000,3.000,5
https://google.play/howplayworks/,251189,2026-09-20 18:20:26,200,1.000,3.000,2
https://goo.gle/3xj0b2F,370628,2026-09-20 18:20:26,200,1.000,3.000,1
https://grow.google/?utm_source=about&utm_medium=referral&utm_campaign=footer-link,360201,2026-09-20 18:20:26,200,1.000,3.000,1
https://google.com/accessibility?utm_source=about.google&utm_medium=referral&utm_campaign=footer,137048,2026-09-20 18:20:26,200,1.000,0.694,1
http://affirm.com/licenses,971356,2026-09-20 18:20:26,200,1.000,3.000,5
http://googlesystem.blogspot.com/2014/07/google-discontinues-q-services.html,122592,2026-09-20 18:20:26,200,1.000,1.893,1
https://githubuniverse.com/?utm_source=Blog&utm_medium=GitHub&utm_campaign=module_uni_26,170083,2026-09-20 18:20:26,200,1.000,3.000,3
https://heggerty.org/,24128,2026-09-20 18:20:26,200,1.000,3.000,2
http://google-opensource.blogspot.com/2015/03/farewell-to-google-code.html,179962,2026-09-20 18:20:26,200,1.000,3.000,1
https://home.google.com/welcome?utm_source=about.google&utm_medium=referral&utm_campaign=productslist,137521,2026-09-20 18:20:26,200,1.000,0.694,1
https://cleantechnica.com/2026/09/19/the-unstoppable-rise-of-leapmotor-augusts-china-ev-sales-report-45-bev-share/,149612,2026-09-20 18:20:26,200,1.000,3.000,5
https://health.google/?utm_source=about_google&utm_medium=web&utm_content=footer,299151,2026-09-20 18:20:26,200,1.000,3.000,1
https://invest.getstepr.com/,0,2026-09-20 18:20:26,0,1.000,1.893,4
https://help.pluralsight.com/help,0,2026-09-20 18:20:26,403,1.000,1.893,3
https://driveelectricmonth.org/event?eventid=5445,20140,2026-09-20 18:20:26,200,1.000,3.000,4
https://economicimpact.google/?utm_source=google&utm_medium=referral&utm_campaign=eir2024&utm_term=play,286209,2026-09-20 18:20:26,200,1.000,3.000,3
http://guru.google.co.th/guru/,0,2026-09-20 18:20:26,404,1.000,3.000,2
https://atom.io/,167611,2026-09-20 18:20:26,200,1.000,3.000,3
https://cleantechnica.myspreadshop.com/,0,2026-09-20 18:20:26,403,1.000,3.000,6
https://investor.onepeloton.com/financial-information/quarterly-results,0,2026-09-20 18:20:26,403,1.000,3.000,4
http://google-latlong.blogspot.com/2011/01/retiring-real-estate-on-google-maps.html,113985,2026-09-20 18:20:26,200,1.000,3.000,1
https://hyrox.com/,424352,2026-09-20 18:20:26,200,1.000,3.000,4
https://health.amazon.com/health-ai?ref_=nav_cs_health_ai,225492,2026-09-20 18:20:26,200,1.000,1.161,3
https://carnewschina.com/2026/07/30/xiaomi-skynomad-n70-is-plug-in-hybrid-with-longest-ev-range-in-the-world-ceo-says/,192948,2026-09-20 18:20:26,200,1.000,3.000,6
http://is.gd/fWe0,2561,2026-09-20 18:20:26,200,1.000,3.000,2
https://cleantechnica.fundjournalism.org/contribute/,0,2026-09-20 18:20:26,403,1.000,3.000,6
https://accessibility.google/accessibility-conformance-reports,188704,2026-09-20 18:20:26,200,1.000,3.000,2
https://institute.deepmind.com/,49101,2026-09-20 18:20:26,200,1.000,3.000,2
https://hyperice.com/products/normatec-elite-hips/,754022,2026-09-20 18:20:26,200,1.000,3.000,4
https://demo.whatmore.ai/?_bt=BAh7BkkiC19yYWlscwY6BkVUewhJIglkYXRhBjsAVEkiFWRlbW8ud2hhdG1vcmUuYWkGOwBGSSIIZXhwBjsAVEkiHTIwMjYtMDktMjBUMjM6MjA6MjUuNzQyWgY7AFRJIghwdXIGOwBUSSIecGVybWFuZW50X3Bhc3N3b3JkX2J5cGFzcwY7AEY%3D--bf7714920c170acd9933876c91363ad14cf1418d,644493,2026-09-20 18:20:26,200,1.000,3.000,6
https://cnevpost.com/2026/09/17/maserati-plans-2-evs-with-huawei-jac-report/,259177,2026-09-20 18:20:26,200,1.000,3.000,6
https://driveelectricearthmonth.org/,108005,2026-09-20 18:20:26,200,1.000,3.000,4
https://flipboard.com/@9to5google,1187416,2026-09-20 18:20:27,200,1.000,3.000,2
https://affirm.app.link/wHQWMhNgjDb,925800,2026-09-20 18:20:27,200,1.000,3.000,6
https://ifixyour.com/,1500249,2026-09-20 18:20:27,200,1.000,3.000,4
https://chinaevsandmore.buzzsprout.com/,48043,2026-09-20 18:20:27,200,1.000,3.000,7
https://iw.toolforge.org/scholia/Q7001511,0,2026-09-20 18:20:27,503,1.000,3.000,2
https://jaspr.site/,71575,2026-09-20 18:20:27,200,1.000,3.000,2
http://googlerussiablog.blogspot.com/2007/06/google.html,153011,2026-09-20 18:20:27,200,1.000,1.893,1
https://bitbucket.org/,1131210,2026-09-20 18:20:27,200,1.000,3.000,2
https://googledevelopers.blogspot.com/,71829,2026-09-20 18:20:27,200,1.000,1.893,2
https://hyperice.zendesk.com/hc/en-us/categories/1260800291589-Contact-Us,27135,2026-09-20 18:20:27,200,1.000,3.000,5
https://bit.ly/3ZxVJHJ,1330577,2026-09-20 18:20:27,200,1.000,3.000,4
https://blackroll.com/,478850,2026-09-20 18:20:27,200,1.000,3.000,5
https://github.community/,600864,2026-09-20 18:20:27,200,1.000,3.000,2
https://go.puma.com/hyrox,1502954,2026-09-20 18:20:27,200,1.000,3.000,5
https://iste.org/iste-seal,375326,2026-09-20 18:20:27,200,1.000,3.000,2
https://cnevdata.com/,237922,2026-09-20 18:20:27,200,1.000,3.000,7
https://ioconnectchina.googlecnapps.cn/intl/en_cn/,6859,2026-09-20 18:20:27,200,1.000,3.000,2
https://itunes.apple.com/us/app/google-family-link/id1150085200,875435,2026-09-20 18:20:27,200,1.000,1.893,2
https://inthecloud.withgoogle.com/forrester-tei-report-on-gws/dl-cd.html,2156576,2026-09-20 18:20:27,200,1.000,1.292,2
https://instagram.com/googleartsculture,626529,2026-09-20 18:20:27,200,1.000,3.000,2
https://flipboard.helpshift.com/hc/en/,62805,2026-09-20 18:20:27,200,1.000,3.000,3
https://developer.atlassian.com/bitbucket,210428,2026-09-20 18:20:27,200,1.000,3.000,3
https://hyroxaustralia.com/,193903,2026-09-20 18:20:27,200,1.000,3.000,5
https://gsuiteupdates.googleblog.com/2017/06/charts-in-sheets-updates_1.html,208563,2026-09-20 18:20:27,200,1.000,1.292,1
https://cloud.m.ifit.com/referral/evergreen,0,2026-09-20 18:20:27,404,1.000,3.000,5
https://hyroxcanada.com/,206216,2026-09-20 18:20:27,200,1.000,3.000,5
https://hyrox.es/,226406,2026-09-20 18:20:28,200,1.000,3.000,5
https://hyroxexperiences.com/,135322,2026-09-20 18:20:28,200,1.000,3.000,5
https://hyroxdach.com/,202630,2026-09-20 18:20:28,200,1.000,3.000,5
https://hyroxfinland.com/,184192,2026-09-20 18:20:28,200,1.000,3.000,5
https://hyroxfrance.com/,198397,2026-09-20 18:20:28,200,1.000,3.000,5
https://centr.com/,1330902,2026-09-20 18:20:28,200,1.000,3.000,5
https://amplify.com/programs/amplify-desmos-math/,760624,2026-09-20 18:20:28,200,1.000,3.000,3
https://bookcreator.com/,277222,2026-09-20 18:20:28,200,1.000,3.000,3
https://greatergrid.com/?utm_source=pluginamerica&utm_medium=web&utm_campaign=deem,653174,2026-09-20 18:20:28,200,1.000,3.000,5
http://cleantechnica.tv/,2296141,2026-09-20 18:20:28,200,1.000,3.000,6
https://community.fitbit.com/t5/The-Pulse-Fitbit-Community-Blog/See-what-s-new-for-Fitbit-Labs/ba-p/5750673,1553044,2026-09-20 18:20:28,200,1.000,3.000,2
https://atlassian.design/,312354,2026-09-20 18:20:28,200,1.000,3.000,4
https://bb7eztc.myrdbx.io/become-a-partner/,0,2026-09-20 18:20:28,0,1.000,3.000,6
https://activatelearning.com/,272255,2026-09-20 18:20:28,200,1.000,3.000,3
https://b147i9q.myrdbx.io/become-a-partner/,196960,2026-09-20 18:20:28,200,1.000,3.000,5
https://campus.rutasformativas.com/,4863,2026-09-20 18:20:28,200,1.000,3.000,3
https://365softskills.org/Digital-and-soft-skills-for-kids-ESP,50937,2026-09-20 18:20:28,200,1.000,3.000,3
https://hyroxbrazil.com/,187408,2026-09-20 18:20:28,200,1.000,3.000,5
https://confluence.atlassian.com/display/BITBUCKET,335435,2026-09-20 18:20:28,200,1.000,3.000,3
https://classmate.worldbook.com/,197074,2026-09-20 18:20:28,200,1.000,3.000,3
https://codingcredentials.com/,171380,2026-09-20 18:20:28,200,1.000,3.000,3
https://edia.app/,6751,2026-09-20 18:20:28,200,1.000,3.000,3
https://certiport.pearsonvue.com/Certifications/IC3/Digital-Literacy-Certification/Overview.aspx,76077,2026-09-20 18:20:28,200,1.000,3.000,3
https://365financialskills.org/,93800,2026-09-20 18:20:28,200,1.000,3.000,3
https://hyroxbelgium.com/,227476,2026-09-20 18:20:28,200,1.000,3.000,5
https://cybercredentials.com/,161822,2026-09-20 18:20:28,200,1.000,3.000,3
https://edtechindex.org/product/ultid/P38E-B555-386F-4B19-B9/,5708,2026-09-20 18:20:28,200,1.000,3.000,3
https://edgeubadges.com/,334713,2026-09-20 18:20:28,200,1.000,3.000,3
https://everfi.com/k-12/,134565,2026-09-20 18:20:28,200,1.000,3.000,3
https://centrfitness.co.uk/,226699,2026-09-20 18:20:28,200,1.000,3.000,6
https://bookings.cloud.microsoft/book/ReuninExploratoriaIBEC@ibeclatam.com/?ismsaljsauthenabled=true,8598,2026-09-20 18:20:28,200,1.000,3.000,4
https://edreports.org/reports/overview/amplify-desmos-math-2026,208520,2026-09-20 18:20:28,200,1.000,3.000,4
https://22487071.hs-sites.com/test-blog-post?hsLang=en,0,2026-09-20 18:20:28,404,1.000,3.000,6
https://hyroxcn.com/,171361,2026-09-20 18:20:29,200,1.000,3.000,5
https://classroom.cloud/,262893,2026-09-20 18:20:29,200,1.000,3.000,3
https://hackersjack.com/,116050,2026-09-20 18:20:29,200,1.000,3.000,3
https://hyrox.mx/,197608,2026-09-20 18:20:29,200,1.000,3.000,5
https://au.myprotein.com/,436718,2026-09-20 18:20:29,200,1.000,3.000,6
https://cookiedatabase.org/tcf/purposes/,0,2026-09-20 18:20:29,403,1.000,3.000,4
https://hyroxbenelux.com/become-head-judge/,216560,2026-09-20 18:20:29,200,1.000,3.000,6
https://b40w59.myrdbx.io/find-my-race/,509973,2026-09-20 18:20:29,200,1.000,3.000,6
https://es.amazfit.com/pages/amazfit-hyrox-1,544857,2026-09-20 18:20:29,200,1.000,3.000,6
https://education.minecraft.net/,138512,2026-09-20 18:20:29,200,1.000,3.000,4
https://complyeq.com/,194434,2026-09-20 18:20:29,200,1.000,3.000,4
https://centrfitness.eu/collections/hyrox,1341160,2026-09-20 18:20:29,200,1.000,3.000,6
https://connect.studentbeans.com/v4/hosted/puma/us,229149,2026-09-20 18:20:29,200,1.000,3.000,6
https://gobrewing.com/,696847,2026-09-20 18:20:29,200,1.000,3.000,6
https://eventhub.goldcast.io/?eventHubId=f47bc547-8402-48cb-a92a-8d869b2b6b5a,63068,2026-09-20 18:20:29,200,1.000,3.000,4
https://au.hyrox-shop.com/,1975603,2026-09-20 18:20:29,200,1.000,3.000,6
https://acties.kwf.nl/evenementen/hyrox-tegen-kanker/,349868,2026-09-20 18:20:29,200,1.000,3.000,6
https://hyroxhk.com/,212870,2026-09-20 18:20:29,200,1.000,3.000,5
https://energystoragect.com/,124549,2026-09-20 18:20:29,200,1.000,3.000,6
https://hyroxjapan.com/,191142,2026-09-20 18:20:29,200,1.000,3.000,5
https://hyroxitaly.com/,190817,2026-09-20 18:20:29,200,1.000,3.000,5
https://hyroxlatvia.com/,189412,2026-09-20 18:20:29,200,1.000,3.000,5
https://chat.whatsapp.com/Fbk4GGBRiAn3A1olGLdw3o,222304,2026-09-20 18:20:29,200,1.000,3.000,6
https://elbnetz.com/en/?utm_source=hyrox&utm_medium=referral&utm_campaign=partner_footer,0,2026-09-20 18:20:30,0,1.000,3.000,5
https://eu.velitessport.com/es/pages/hyrox-collection,334550,2026-09-20 18:20:30,200,1.000,3.000,6
https://hyroxme.com/,171002,2026-09-20 18:20:30,200,1.000,3.000,5
https://bydautomotive.com.au/,503152,2026-09-20 18:20:30,200,1.000,3.000,6
https://amazfit.com.ar/,639946,2026-09-20 18:20:30,200,1.000,3.000,7
https://centr.mx/,190545,2026-09-20 18:20:30,200,1.000,3.000,6
https://hyroxgreece.com/,183560,2026-09-20 18:20:30,200,1.000,3.000,5
https://hyrox-shop.mx/,107549,2026-09-20 18:20:30,200,1.000,3.000,6
https://amazfit-store.ro/,419347,2026-09-20 18:20:30,200,1.000,3.000,7
https://funecole.com/,87940,2026-09-20 18:20:30,200,1.000,3.000,3
https://hyroxpoland.com/pl/,198540,2026-09-20 18:20:30,200,1.000,3.000,5
https://habrahabr.ru/company/google/,330523,2026-09-20 18:20:30,200,1.000,3.000,2
https://hyroxnordics.com/,186048,2026-09-20 18:20:30,200,1.000,3.000,5
https://docs.microsoft.com/training/modules/minecraft-intro-game-based-learning/,42921,2026-09-20 18:20:30,200,1.000,3.000,5
https://amazfit.mx/,870465,2026-09-20 18:20:30,200,1.000,3.000,7
https://de.myprotein.com/,856209,2026-09-20 18:20:30,200,1.000,3.000,6
https://hyroxsingapore.com/,196531,2026-09-20 18:20:30,200,1.000,3.000,5
https://get.microsoft.com/installer/download/9NKSQGP7F2NH?cid=website_cta_psi,0,2026-09-20 18:20:30,200,1.000,3.000,7
https://aireadyskills.com/,149091,2026-09-20 18:20:30,200,1.000,3.000,3
https://hyroxus.com/,193461,2026-09-20 18:20:31,200,1.000,3.000,5
https://hyroxuk.com/,195521,2026-09-20 18:20:31,200,1.000,3.000,5
https://eu.hyrox-shop.com/,1976866,2026-09-20 18:20:31,200,1.000,3.000,6
https://ibecorporation.com/Standards,104769,2026-09-20 18:20:31,200,1.000,3.000,3
https://hyroxthailand.com/,193130,2026-09-20 18:20:31,200,1.000,3.000,5
https://fitnessshop.jp/collections/centr,326811,2026-09-20 18:20:31,200,1.000,3.000,6
https://id.atlassian.com/login?continue=https%3A%2F%2Fwww.atlassian.com%2Fgateway%2Fapi%2Fstart%2Fauthredirect&application=wac--ic,0,2026-09-20 18:20:31,202,1.000,1.500,3
https://company.habr.com/ru/advertising/,52309,2026-09-20 18:20:31,200,1.000,3.000,3
https://hyroxsouthkorea.com/,194113,2026-09-20 18:20:31,200,1.000,3.000,5
https://365entrepreneurship.org/,0,2026-09-20 18:20:31,0,1.000,3.000,4
https://hyroxhungary.com/,188427,2026-09-20 18:20:31,200,1.000,3.000,5
https://hyroxtaiwan.com/,189879,2026-09-20 18:20:31,200,1.000,3.000,5
https://hyroxportugal.pt/,189880,2026-09-20 18:20:31,200,1.000,3.000,5
https://hyroxnetherlands.com/,227476,2026-09-20 18:20:31,200,1.000,3.000,5
https://au-careers.byd.com/,85212,2026-09-20 18:20:31,200,1.000,3.000,7
https://habr.com/ru/companies/google/articles/542580/,165287,2026-09-20 18:20:31,200,1.000,3.000,3
https://ibec.one/,249162,2026-09-20 18:20:31,200,1.000,3.000,4
https://influencers.nordictrack.com/social-proof/x24-treadmill,44048,2026-09-20 18:20:31,200,1.000,3.000,5
https://intercom.help/bookcreator/en/articles/3557748-what-is-the-difference-between-book-creator-for-ipad-and-book-creator-online,81531,2026-09-20 18:20:31,200,1.000,3.000,4
http://hyroxsa.com/,189837,2026-09-20 18:20:31,200,1.000,3.000,5
https://innovatiq.education/,106454,2026-09-20 18:20:31,200,1.000,3.000,3
https://hyroxmalaysia.com/,188855,2026-09-20 18:20:32,200,1.000,3.000,5
https://iste-ascd.org/topic-guides,88766,2026-09-20 18:20:32,200,1.000,3.000,3
https://dafi.pl/,388804,2026-09-20 18:20:32,200,1.000,3.000,6
https://hyroxturkiye.com/,189594,2026-09-20 18:20:32,200,1.000,3.000,5
https://amazfitpolska.pl/,1126800,2026-09-20 18:20:32,200,1.000,3.000,7
https://hyrox.pl/,193697,2026-09-20 18:20:32,200,1.000,3.000,6
https://amazfit.com.sg/,655697,2026-09-20 18:20:32,200,1.000,3.000,6
https://kahoot.com/,460752,2026-09-20 18:20:32,200,1.000,3.000,3
https://365digcomp.org/DigComp-Docentes,252049,2026-09-20 18:20:32,200,1.000,3.000,4
https://iste.ascd.org/iste-seal-one-pager,39025,2026-09-20 18:20:32,200,1.000,3.000,3
https://jr.brainpop.com/,85480,2026-09-20 18:20:32,200,1.000,3.000,3
https://bloodo.com/,204447,2026-09-20 18:20:32,200,1.000,3.000,6
https://gdg-russia.com/iwd2021,0,2026-09-20 18:20:32,402,1.000,3.000,3
http://bootstrapcollaboration.com/,12644,2026-09-20 18:20:32,200,1.000,3.000,4
http://365lifecomp.org/,131907,2026-09-20 18:20:32,200,1.000,3.000,4
https://dzen.ru/habr,3050,2026-09-20 18:20:32,200,1.000,3.000,3
http://365greencomp.org/,133438,2026-09-20 18:20:32,200,1.000,3.000,4
https://elbnetz.com/,310510,2026-09-20 18:20:32,200,1.000,3.000,6
https://ascd.org/el,249418,2026-09-20 18:20:32,200,1.000,3.000,4
http://ibeclatam.net/Magazine,0,2026-09-20 18:20:32,0,1.000,3.000,5
https://kamiapp.com/,162602,2026-09-20 18:20:32,200,1.000,3.000,4
https://app.teamtailor.com/companies/CY_kZ-VW3IU@eu/dashboard,10632,2026-09-20 18:20:32,200,1.000,3.000,8
http://gcp.cloudycluster.com/,26294,2026-09-20 18:20:32,200,1.000,3.000,4
http://arxiv.org/abs/1607.06110,41881,2026-09-20 18:20:32,200,1.000,3.000,5
https://join.surfdating.com/6BTb/hyroxlatam ,174071,2026-09-20 18:20:32,200,1.000,3.000,6
https://books2go.com.mx/,60038,2026-09-20 18:20:33,200,1.000,3.000,4
https://kahoot.it/,6004,2026-09-20 18:20:33,200,1.000,3.000,4
https://hiddensymmetries.princeton.edu/,0,2026-09-20 18:20:33,403,1.000,3.000,5
https://cims.nyu.edu/wave-turbulence/,67551,2026-09-20 18:20:33,200,1.000,3.000,5
https://ibeclatam.com/,249162,2026-09-20 18:20:33,200,1.000,3.000,4
https://grb.to/GrabHyrox,469313,2026-09-20 18:20:33,200,1.000,3.000,6
https://formaster.com/,0,2026-09-20 18:20:33,0,1.000,3.000,7
https://innovatiq.mx/login,1563,2026-09-20 18:20:33,200,1.000,3.000,4
https://kdp.amazon.com/,82084,2026-09-20 18:20:33,200,1.000,1.069,3
https://core.ac.uk/services/recommender,69222,2026-09-20 18:20:33,200,1.000,3.000,6
https://kahoot360.com/use-cases/events/,247928,2026-09-20 18:20:33,200,1.000,3.000,4
https://event.ascd.org/2026/,172230,2026-09-20 18:20:33,200,1.000,1.893,4
https://grupoeduit.com/,80179,2026-09-20 18:20:33,200,1.000,3.000,4
https://bodeli.mx/,15128,2026-09-20 18:20:33,200,1.000,3.000,4
https://careers.bydeurope.com/,139091,2026-09-20 18:20:34,200,1.000,3.000,8
https://huggingface.co/docs/hub/spaces,181201,2026-09-20 18:20:34,200,1.000,3.000,6
https://amazfit.kr/,296840,2026-09-20 18:20:34,200,1.000,3.000,6
https://ecom.house/,367527,2026-09-20 18:20:34,200,1.000,3.000,7
http://kenrockwell.com/,13891,2026-09-20 18:20:34,200,1.000,3.000,2
https://bskmedia.pl/,251454,2026-09-20 18:20:34,200,1.000,3.000,8
https://iarxiv.org/about,2447,2026-09-20 18:20:34,200,1.000,3.000,6
https://dagshub.com/,177721,2026-09-20 18:20:34,200,1.000,3.000,6
http://gotit.pub/faq,11655,2026-09-20 18:20:34,200,1.000,3.000,6
https://insidetheperimeter.ca/bootstrap-building-nature/,82364,2026-09-20 18:20:34,200,1.000,3.000,5
https://engineering.grab.com/,525169,2026-09-20 18:20:34,200,1.000,3.000,7
https://doi.org/10.48550/arXiv.1607.06110,41881,2026-09-20 18:20:34,200,1.000,3.000,6
https://choice.microsoft.com/,221113,2026-09-20 18:20:34,200,1.000,3.000,5
https://api.semanticscholar.org/arXiv:1607.06110,0,2026-09-20 18:20:34,202,1.000,3.000,6
https://alphaxiv.org/,864325,2026-09-20 18:20:34,200,1.000,3.000,6
https://byd.simemotors.my/,171444,2026-09-20 18:20:34,200,1.000,3.000,6
https://grabmaps.grab.com/,126211,2026-09-20 18:20:34,200,1.000,3.000,7
https://gradio.app/,133177,2026-09-20 18:20:34,200,1.000,3.000,7
http://dave-wyman.squarespace.com/centralcoast/sierranevadaeastside,93487,2026-09-20 18:20:34,200,1.000,3.000,3
https://g.page/Elbnetz/,206464,2026-09-20 18:20:34,200,1.000,3.000,7
https://conocer.gob.mx/,205167,2026-09-20 18:20:34,200,1.000,3.000,4
https://hyroxshop.africa/,349959,2026-09-20 18:20:34,200,1.000,3.000,6
https://express.grab.com/en/,3441,2026-09-20 18:20:34,200,1.000,3.000,7
https://kevmoo.com/,98974,2026-09-20 18:20:35,200,1.000,3.000,3
https://keras.io/keras_3/,31471,2026-09-20 18:20:35,200,1.000,3.000,2
https://investors.grab.com/,136412,2026-09-20 18:20:35,200,1.000,3.000,7
https://apps.cra-arc.gc.ca/ebci/hacc/srch/pub/chrtydtls/889814323RR0001,55231,2026-09-20 18:20:35,200,1.000,3.000,6
https://killedbygoogle.com/,455811,2026-09-20 18:20:35,200,1.000,3.000,1
https://gifts.grab.com/sg/?utm_source=grabcom,6578,2026-09-20 18:20:35,200,1.000,3.000,7
https://labs.google/?utm_source=about.google&utm_medium=referral&utm_campaign=productspage,292456,2026-09-20 18:20:35,200,1.000,3.000,1
https://knative.dev/docs/,205068,2026-09-20 18:20:35,200,1.000,3.000,2
https://forms.fillout.com/t/3ioiagnP7mus,16777,2026-09-20 18:20:35,200,1.000,3.000,7
https://information.ascd.org/webinars,0,2026-09-20 18:20:35,0,1.000,1.893,4
https://inspirehep.net/arxiv/1607.06110,2896,2026-09-20 18:20:35,200,1.000,3.000,6
https://dineout.grab.com/sg/en,600960,2026-09-20 18:20:35,200,1.000,3.000,7
http://insidegrab.com/,350702,2026-09-20 18:20:35,200,1.000,3.000,7
https://consultapublicamx.plataformadetransparencia.org.mx/vut-web/?idSujetoObigadoParametro=134&idEntidadParametro=33&idSectorParametro=25,0,2026-09-20 18:20:35,403,1.000,3.000,5
https://landing.perimeterinstitute.ca/newsletter-signup,25292,2026-09-20 18:20:35,200,1.000,3.000,6
https://grab.onelink.me/2695613898?pid=organic_web&c=organic_web&af_adset=grab_website&af_ad=sg&af_channel=homepage&af_sub1=download_app&is_retargeting=true&af_dp=grab%3A%2F%2Fopen%3FscreenType%3DMAIN&af_force_deeplink=true&af_web_dp=https%3A%2F%2Fwww.grab.com%2Fsg%2Fdownload%2F,197262,2026-09-20 18:20:36,200,1.000,3.000,7
https://languagedrops.com/,138768,2026-09-20 18:20:36,200,1.000,3.000,4
https://brickipedia.fandom.com/wiki/Build_with_Chrome,0,2026-09-20 18:20:36,403,1.000,3.000,2
https://food.grab.com/sg/en/?utm_source=grab.com&utm_medium=referral&utm_campaign=footer-link&pid=Grab.com&c=footer-link,227597,2026-09-20 18:20:36,200,1.000,3.000,7
https://itsallwidgets.com/podcast/episodes/27/kevin-moore,29850,2026-09-20 18:20:36,200,1.000,3.000,4
http://getpunchd.com/,4734,2026-09-20 18:20:36,200,1.000,3.000,2
https://grab.careers/,90309,2026-09-20 18:20:36,200,1.000,3.000,7
https://kserve.github.io/website/latest/,0,2026-09-20 18:20:36,404,1.000,3.000,3
https://influencemap.cmlab.dev/,11900,2026-09-20 18:20:36,200,1.000,3.000,6
https://cloudevents.io/,46196,2026-09-20 18:20:36,200,1.000,3.000,3
https://jules.google/,35507,2026-09-20 18:20:36,200,1.000,3.000,2
https://bskgroup.pl/,199803,2026-09-20 18:20:36,200,1.000,3.000,8
https://apply.workable.com/drops/,7392,2026-09-20 18:20:36,200,1.000,3.000,5
https://bactivegroup.com/,0,2026-09-20 18:20:36,0,1.000,3.000,6
https://flutter101.dev/episodes/dart-backend-cloud-command-line-shelf-with-kevin-moore,3281,2026-09-20 18:20:36,200,1.000,3.000,4
https://leaflet.pub/,118725,2026-09-20 18:20:36,200,1.000,3.000,4
http://bolsa-trabajo.azurewebsites.net/BolsaDeTrabajo/FormularioGrupoEduit,14168,2026-09-20 18:20:36,200,1.000,3.000,5
https://kraftmark.se/sv/trademarks/centr-x-hyrox,213393,2026-09-20 18:20:36,200,1.000,3.000,6
https://cordcuttersnews.com/google-is-shutting-down-album-archive/,134508,2026-09-20 18:20:36,200,1.000,3.000,2
https://flutter.github.io/samples/,502,2026-09-20 18:20:36,200,1.000,3.000,5
https://knowledgequest.aasl.org/so-long-google-tour-builder-hello-google-earth/,163374,2026-09-20 18:20:36,200,1.000,3.000,2
https://help.grab.com/merchant/en-sg/,4288,2026-09-20 18:20:36,200,1.000,3.000,7
https://bgr.com/2019/03/26/killed-by-google-products-list/,51121,2026-09-20 18:20:36,200,1.000,3.000,2
https://grabacademyportal.grab.com/about-us/,291147,2026-09-20 18:20:37,200,1.000,3.000,7
https://kdp.amazon.co.jp/,160250,2026-09-20 18:20:37,200,1.000,3.000,4
https://eventschedule.com/,382001,2026-09-20 18:20:37,200,1.000,3.000,5
https://kstatic.googleusercontent.com/files/4f6ac8b5b65010ef6bd8b4f3762e6907b743b3240fce080b8fddd229fea28211e1eb5ed9870f8db94d1139cf6aec41428d99c00ed7e235391c02bebe6fa10b91,0,2026-09-20 18:20:37,200,1.000,3.000,4
https://flutterpro.dev/,63113,2026-09-20 18:20:37,200,1.000,3.000,5
https://alexandersoen.github.io/,24835,2026-09-20 18:20:37,200,1.000,3.000,7
https://drops.workable.com/,7392,2026-09-20 18:20:37,200,1.000,3.000,5
https://codyogden.com/,8655,2026-09-20 18:20:37,200,1.000,3.000,2
https://leader.com.hk/collections/amazfit-智能手錶/products/amazfit-t-rex3,0,2026-09-20 18:20:37,404,1.000,3.000,6
https://akismet.com/privacy/,103485,2026-09-20 18:20:37,200,1.000,3.000,3
https://killedbygoogle.blue/,18971,2026-09-20 18:20:37,200,1.000,3.000,2
https://codyogden.blog/how-technology-affects-us/,0,2026-09-20 18:20:37,0,1.000,3.000,3
https://app.appsflyer.com/id647268330?pid=SG-Website-IOS-Install_Button&c=Website_Download,970947,2026-09-20 18:20:37,200,1.000,3.000,8
https://blog.cosmik.network/,884200,2026-09-20 18:20:37,200,1.000,3.000,5
https://awakari.com/,62765,2026-09-20 18:20:37,200,1.000,3.000,4
https://blog.stream.place/,273101,2026-09-20 18:20:37,200,1.000,3.000,5
https://automattic.com/work-with-us/,158339,2026-09-20 18:20:37,200,1.000,3.000,4
https://blogs.oracle.com/cloud-infrastructure/track-and-react-to-cloud-native-events,0,2026-09-20 18:20:37,403,1.000,3.000,4
https://g.dev/kevmoo,84490,2026-09-20 18:20:37,200,1.000,3.000,4
https://cafe.catabush.com/,226239,2026-09-20 18:20:38,200,1.000,3.000,5
https://community.hireez.com/grab/4a53f0a2,327270,2026-09-20 18:20:38,200,1.000,3.000,8
https://cloud.ibm.com/codeengine,1939094,2026-09-20 18:20:38,200,1.000,3.000,4
https://clerk.com/,1193671,2026-09-20 18:20:38,200,1.000,3.000,3
https://killedby.tech/google/glass-os/,0,2026-09-20 18:20:38,404,1.000,3.000,1
https://docs.direktiv.io/docs/events/events.html,0,2026-09-20 18:20:38,404,1.000,3.000,4
https://debezium.io/documentation/reference/integrations/cloudevents.html,50334,2026-09-20 18:20:38,200,1.000,3.000,4
https://falco.org/,40352,2026-09-20 18:20:38,200,1.000,3.000,4
https://flutterstreams.com/,47879,2026-09-20 18:20:38,200,1.000,3.000,5
https://academic.davidz.cn/en/,86775,2026-09-20 18:20:38,200,1.000,3.000,7
https://direktiv.io/,162891,2026-09-20 18:20:38,200,1.000,3.000,4
https://docs.openfaas.com/reference/triggers/,83889,2026-09-20 18:20:38,200,1.000,3.000,4
https://choria.io/blog/post/2019/12/05/cloudevents_transition,30524,2026-09-20 18:20:38,200,1.000,3.000,4
https://cncf.io/,209424,2026-09-20 18:20:38,200,1.000,3.000,4
https://golioth.io/,94881,2026-09-20 18:20:38,200,1.000,3.000,4
https://flyte.org/,140210,2026-09-20 18:20:38,200,1.000,3.000,4
https://eep.dev/,67767,2026-09-20 18:20:38,200,1.000,3.000,4
https://hn.algolia.com/?q=awakari,2383,2026-09-20 18:20:38,200,1.000,3.000,5
https://flutterx.com/,48325,2026-09-20 18:20:38,200,1.000,3.000,5
https://automatticstatus.com/,22250,2026-09-20 18:20:38,200,1.000,3.000,4
https://goharbor.io/,44428,2026-09-20 18:20:38,200,1.000,3.000,4
https://cloud.tencent.com/product/eb,37290,2026-09-20 18:20:38,200,1.000,3.000,4
https://kogito.kie.org/,11755,2026-09-20 18:20:38,200,1.000,3.000,4
https://invoiceninja.com/,150945,2026-09-20 18:20:38,200,1.000,3.000,5
https://keptn.sh/,106267,2026-09-20 18:20:38,200,1.000,3.000,4
https://learningzone.microsoft.com/,20909,2026-09-20 18:20:38,200,1.000,1.292,3
https://lens.google/?utm_source=about.google&utm_medium=referral&utm_campaign=productslist,59198,2026-09-20 18:20:38,200,1.000,3.000,1
https://ieeexplore.ieee.org/abstract/document/10750824,53914,2026-09-20 18:20:38,200,1.000,3.000,8
https://about.gitlab.com/,226140,2026-09-20 18:20:38,200,1.000,3.000,5
https://learning.google/?utm_source=about&utm_medium=referral&utm_campaign=footer-link,219823,2026-09-20 18:20:38,200,1.000,3.000,1
https://controlplane.com/,456426,2026-09-20 18:20:38,200,1.000,3.000,5
http://cppmicroservices.org/,20810,2026-09-20 18:20:38,200,1.000,3.000,8
https://kodeitglobal.com/,140606,2026-09-20 18:20:39,200,1.000,3.000,3
https://legal.pluralsight.com/policies?name=modern-slavery-act-transparency-statement,4061,2026-09-20 18:20:39,200,1.000,1.893,3
https://deanattali.com/beautiful-jekyll/,349,2026-09-20 18:20:39,200,1.000,3.000,5
https://leaflet.connectedplaces.online/,496263,2026-09-20 18:20:39,200,1.000,3.000,5
https://frame.io/,597381,2026-09-20 18:20:39,200,1.000,3.000,5
https://events.linuxfoundation.org/kubecon-cloudnativecon-north-america/register/?utm_source=falco&utm_medium=ribbon-banner&utm_campaign=KubeCon-CloudNativeCon-NA-2026&utm_content=hero,211184,2026-09-20 18:20:39,200,1.000,3.000,5
https://emitter.io/,11051,2026-09-20 18:20:39,200,1.000,3.000,5
http://arquillian.org/,14175,2026-09-20 18:20:39,200,1.000,3.000,5
https://gw.my-company.com/function/slack-forwarder,0,2026-09-20 18:20:39,0,1.000,3.000,5
https://container-registry.com/,39491,2026-09-20 18:20:39,200,1.000,3.000,5
https://anchore.com/,257246,2026-09-20 18:20:39,200,1.000,3.000,5
http://byteman.jboss.org/,22261,2026-09-20 18:20:39,200,1.000,3.000,5
https://docnetwork.org/,58100,2026-09-20 18:20:39,200,1.000,3.000,5
https://app.invoicing.co/,13987,2026-09-20 18:20:39,200,1.000,3.000,6
https://gohugo.io/,91251,2026-09-20 18:20:39,200,1.000,3.000,5
https://docker.com/,351859,2026-09-20 18:20:39,200,1.000,3.000,5
http://gatein.jboss.org/,23165,2026-09-20 18:20:39,200,1.000,3.000,5
https://console.cpln.io/signup,2246,2026-09-20 18:20:39,200,1.000,3.000,6
https://beautifuljekyll.com/,15620,2026-09-20 18:20:39,200,1.000,3.000,6
http://capedwarf.org/,13139,2026-09-20 18:20:39,200,1.000,3.000,5
https://actualyze.ai/,388496,2026-09-20 18:20:39,200,1.000,3.000,6
https://aranya.tech/,139932,2026-09-20 18:20:39,200,1.000,3.000,6
https://aenix.io/,46745,2026-09-20 18:20:39,200,1.000,3.000,6
https://cloud-native.slack.com/archives/C017GAX90GM,0,2026-09-20 18:20:39,403,1.000,3.000,5
https://archestra.ai/,47595,2026-09-20 18:20:39,200,1.000,3.000,6
http://akuity.io/,573645,2026-09-20 18:20:39,200,1.000,3.000,6
http://hawt.io/,279721,2026-09-20 18:20:39,200,1.000,3.000,5
https://docs.min.io/docs/minio-bucket-notification-guide.html,335152,2026-09-20 18:20:39,200,1.000,3.000,5
https://ascendranetworks.com/,10513,2026-09-20 18:20:39,200,1.000,3.000,6
https://devstudio.jboss.com/,0,2026-09-20 18:20:40,403,1.000,3.000,5
https://joinup.ec.europa.eu/collection/interoperability-test-bed-repository/solution/cloudeventsvalidator,67202,2026-09-20 18:20:40,200,1.000,3.000,4
https://bindplane.com/,378347,2026-09-20 18:20:40,200,1.000,3.000,6
https://arpio.io/,186431,2026-09-20 18:20:40,200,1.000,3.000,6
http://forge.jboss.org/,11252,2026-09-20 18:20:40,200,1.000,3.000,5
https://backstage.spotify.com/,145892,2026-09-20 18:20:40,200,1.000,3.000,6
https://betterstack.com/,270937,2026-09-20 18:20:40,200,1.000,3.000,6
https://app.slack.com/accept-slack-connect-invitation/T02RMFR5J7P/I0AC6KGAH7W/enQtMTA0MTQ2NjIzNTcyNjgtYzM2OGYwODkzNTZlM2IyMTliYTRmNGNmZTM0MTNlODVkNTRjZmE5NWVmZTBjMGMzM2ExNzZlYTc2MDM0ZTU2Zg,167191,2026-09-20 18:20:40,200,1.000,3.000,7
https://bestpractices.coreinfrastructure.org/projects/2095,251143,2026-09-20 18:20:40,200,1.000,3.000,5
https://antithesis.com/,491267,2026-09-20 18:20:40,200,1.000,3.000,6
https://amutable.com/,109605,2026-09-20 18:20:40,200,1.000,3.000,6
https://cast.ai/?utm_source=CNCF,463240,2026-09-20 18:20:40,200,1.000,3.000,6
https://claude.ai/new?q=Read%20https%3A%2F%2Factualyze.ai%2Fllms.txt%20and%20give%20me%20a%20concise%20summary%20of%20Actualyze%20AI%20%E2%80%94%20what%20it%20does%2C%20who%20it%20is%20for%2C%20and%20who%20is%20behind%20it.,123535,2026-09-20 18:20:40,200,1.000,3.000,7
https://chronosphere.io/,343216,2026-09-20 18:20:40,200,1.000,3.000,6
https://ciq.com/,982027,2026-09-20 18:20:40,200,1.000,3.000,6
https://bep.is/en/hugo-sponsor-2023-01/?utm_campaign=hugosponsor&utm_content=gohugoio&utm_medium=banner&utm_source=hugofooter,4874,2026-09-20 18:20:40,200,1.000,3.000,6
https://camaraproject.org/,206975,2026-09-20 18:20:40,200,1.000,3.000,6
http://bytemanblog.blogspot.co.uk/,68514,2026-09-20 18:20:40,200,1.000,3.000,6
https://chatgpt.com/?q=Read%20https%3A%2F%2Factualyze.ai%2Fllms.txt%20and%20give%20me%20a%20concise%20summary%20of%20Actualyze%20AI%20%E2%80%94%20what%20it%20does%2C%20who%20it%20is%20for%2C%20and%20who%20is%20behind%20it.,499718,2026-09-20 18:20:40,200,1.000,3.000,7
https://devco.net/,70067,2026-09-20 18:20:40,200,1.000,3.000,5
https://ciroos.ai/,139330,2026-09-20 18:20:40,200,1.000,3.000,6
https://c8n.io/,3406,2026-09-20 18:20:40,200,1.000,3.000,6
https://akuity.cloud/,1566,2026-09-20 18:20:41,200,1.000,3.000,7
https://business.safety.google/privacy/,87059,2026-09-20 18:20:41,200,1.000,3.000,7
https://clickhouse.com/,351366,2026-09-20 18:20:41,200,1.000,3.000,6
https://api-docs.invoicing.co/,11973228,2026-09-20 18:20:41,200,1.000,3.000,6
https://circleci.com/gh/forge/,112179,2026-09-20 18:20:41,200,1.000,3.000,6
https://cloudcannon.com/hugo-cms/?utm_campaign=HugoSponsorship&utm_content=gohugo&utm_medium=banner&utm_source=sponsor,181798,2026-09-20 18:20:41,200,1.000,3.000,6
https://calver.org/,16847,2026-09-20 18:20:41,200,1.000,3.000,6
https://brakemanscanner.org/,9490,2026-09-20 18:20:41,200,1.000,3.000,6
https://arpio.statuspage.io/,80289,2026-09-20 18:20:41,200,1.000,3.000,7
https://clear.ml/,351484,2026-09-20 18:20:41,200,1.000,3.000,6
https://cloudsmith.com/,268525,2026-09-20 18:20:41,200,1.000,3.000,6
https://cloudchipr.com/,93613,2026-09-20 18:20:41,200,1.000,3.000,6
https://backstage.io/docs,370,2026-09-20 18:20:41,200,1.000,3.000,7
https://cheatsheetseries.owasp.org/cheatsheets/Password_Storage_Cheat_Sheet.html,90267,2026-09-20 18:20:41,200,1.000,3.000,6
https://coder.com/,262366,2026-09-20 18:20:41,200,1.000,3.000,6
https://csmetrics.net/,49995,2026-09-20 18:20:41,200,1.000,3.000,8
https://canonical.com/,343557,2026-09-20 18:20:41,200,1.000,3.000,6
https://central.sonatype.com/search?q=byteman,31326,2026-09-20 18:20:41,200,1.000,3.000,7
https://clang-analyzer.llvm.org/,7793,2026-09-20 18:20:41,200,1.000,3.000,6
https://blog.filippo.io/the-ecb-penguin/,13608,2026-09-20 18:20:41,200,1.000,3.000,6
http://awestruct.org/,69654,2026-09-20 18:20:41,200,1.000,3.000,6
https://cfp.all-systems-go.io/all-systems-go-2026/talk/RN9E3E/,15279,2026-09-20 18:20:41,200,1.000,3.000,7
https://clang.llvm.org/docs/UndefinedBehaviorSanitizer.html,84357,2026-09-20 18:20:41,200,1.000,3.000,6
https://comp.anu.edu.au/,45247,2026-09-20 18:20:41,200,1.000,3.000,8
https://causaldynamics.com/,171014,2026-09-20 18:20:41,200,1.000,3.000,6
http://dasai.lanqiao.cn/,1790,2026-09-20 18:20:41,200,1.000,3.000,8
https://bombadil.bot/,275968,2026-09-20 18:20:41,200,1.000,3.000,7
http://codevisionary.ai/,5941,2026-09-20 18:20:41,200,1.000,3.000,6
http://cm.cecs.anu.edu.au/,26660,2026-09-20 18:20:41,200,1.000,3.000,7
https://blogs.oracle.com/linux/improving-application-security-with-undefinedbehaviorsanitizer-ubsan-and-gcc,0,2026-09-20 18:20:41,403,1.000,3.000,7
https://ciroos.my.site.com/customer/s/login,341933,2026-09-20 18:20:41,200,1.000,3.000,7
https://attentionflow.ml/,0,2026-09-20 18:20:41,0,1.000,3.000,8
https://boltons.readthedocs.io/en/latest/,51912,2026-09-20 18:20:41,200,1.000,3.000,7
https://central.sonatype.org/publish-ea/publish-ea-guide/,522,2026-09-20 18:20:41,200,1.000,3.000,8
https://data.iana.org/time-zones/tz-link.html,65372,2026-09-20 18:20:41,200,1.000,3.000,7
https://cozystack.io/,41921,2026-09-20 18:20:41,200,1.000,3.000,7
https://communityinviter.com/apps/cloudchiprcommunity/landing-page,0,2026-09-20 18:20:41,404,1.000,3.000,7
https://cwe.mitre.org/top25/,19138,2026-09-20 18:20:41,200,1.000,3.000,6
http://community.jboss.org/en/arquillian?view=discussions,109194,2026-09-20 18:20:42,200,1.000,1.292,6
https://cribl.io/,888337,2026-09-20 18:20:42,200,1.000,3.000,6
http://cppcheck.sourceforge.net/,0,2026-09-20 18:20:42,403,1.000,3.000,6
https://coreweave.com/,572208,2026-09-20 18:20:42,200,1.000,3.000,6
https://blog.ircmaxell.com/2015/03/security-issue-combining-bcrypt-with.html,57308,2026-09-20 18:20:42,200,1.000,3.000,7
https://blog.regehr.org/archives/213,139254,2026-09-20 18:20:42,200,1.000,3.000,7
https://datatracker.ietf.org/doc/html/draft-ietf-kitten-password-storage-07,120660,2026-09-20 18:20:42,200,1.000,3.000,7
https://csrankings.org/,62757,2026-09-20 18:20:42,200,1.000,3.000,9
https://academic.oup.com/sleep/article/45/12/zsac236/6717940,0,2026-09-20 18:20:42,403,1.000,3.000,8
https://controltheory.com/,700789,2026-09-20 18:20:42,200,1.000,3.000,6
https://cdr.co/discord-t4v3GFQdEF,24297,2026-09-20 18:20:42,200,1.000,3.000,7
https://24timezones.com/,112418,2026-09-20 18:20:42,200,1.000,3.000,8
https://console.cielara.ai/signup,77165,2026-09-20 18:20:42,200,1.000,3.000,7
https://bmjopen.bmj.com/content/7/6/e014319.long,0,2026-09-20 18:20:42,403,1.000,3.000,8
https://charmhub.io/,18322,2026-09-20 18:20:42,200,1.000,3.000,7
https://cldr.unicode.org/,11818,2026-09-20 18:20:42,200,1.000,3.000,8
https://abyssdomain.expert/@filippo,56115,2026-09-20 18:20:42,200,1.000,3.000,7
https://blog.jonudell.net/2009/10/23/a-literary-appreciation-of-the-olsonzoneinfotz-database/,243381,2026-09-20 18:20:42,200,1.000,3.000,8
https://blog.poormansmath.net/how-much-is-time-wrong-around-the-world/,15231,2026-09-20 18:20:42,200,1.000,3.000,8
https://blog.ganssle.io/articles/2018/03/pytz-fastest-footgun.html,40391,2026-09-20 18:20:42,200,1.000,3.000,8
https://4latestnews.com/2019/05/26/what-the-royal-astronomical-society-in-1884-tells-us-about-python-today/,0,2026-09-20 18:20:42,0,1.000,3.000,9
https://askgeo.com/,462319,2026-09-20 18:20:42,200,1.000,3.000,8
https://app.dstl8.ai/login,0,2026-09-20 18:20:42,464,1.000,3.000,7
http://android.mypimpshack.com/?p=7205,0,2026-09-20 18:20:42,0,1.000,3.000,9
https://crates.io/crates/chrono-tz,0,2026-09-20 18:20:42,404,1.000,3.000,8
https://cecs.anu.edu.au/,41495,2026-09-20 18:20:42,200,1.000,3.000,7
https://codeofmatt.com/on-the-timing-of-time-zone-changes/,32167,2026-09-20 18:20:42,200,1.000,3.000,8
https://blog.appliedis.com/2013/03/12/creating-custom-timezoneinfo-with-daylight-saving-time-transitions/,0,2026-09-20 18:20:42,0,1.000,3.000,9
https://amaztechsolutions.co.uk/an-llm-turbocharged-community-calendar-reboot/,0,2026-09-20 18:20:42,0,1.000,3.000,9
http://datacore.com/,596284,2026-09-20 18:20:42,200,1.000,3.000,6
https://chrony-project.org/,4263,2026-09-20 18:20:43,200,1.000,3.000,8
http://boomeroo.org/?p=39508,0,2026-09-20 18:20:43,0,1.000,3.000,9
https://aaai.org/,196013,2026-09-20 18:20:43,200,1.000,3.000,10
https://csconferences.org/,22917,2026-09-20 18:20:43,200,1.000,3.000,10
https://decimal.app/,133836,2026-09-20 18:20:43,200,1.000,3.000,6
http://alyonascooking.com/2016/03/easy-napoleon-cake/,418145,2026-09-20 18:20:43,200,1.000,3.000,8
https://blog.samwhited.com/,8474,2026-09-20 18:20:43,200,1.000,3.000,8
https://cygwin.com/,5920,2026-09-20 18:20:43,200,1.000,3.000,8
https://crashoverride.com/,87670,2026-09-20 18:20:43,200,1.000,3.000,6
https://csstipendrankings.org/,22201,2026-09-20 18:20:43,200,1.000,3.000,10
https://date-fns.org/,4797,2026-09-20 18:20:43,200,1.000,3.000,8
http://cs.haifa.ac.il/~rotemn/,0,2026-09-20 18:20:43,0,1.000,3.000,8
https://cran.r-project.org/web/packages/devtools/index.html,67433,2026-09-20 18:20:43,200,1.000,3.000,6
http://blog.appliedis.com/2013/03/12/creating-custom-timezoneinfo-with-daylight-saving-time-transitions/,0,2026-09-20 18:20:43,0,1.000,3.000,9
https://app.dstl8.ai/lp/dstl8-signup,0,2026-09-20 18:20:43,464,1.000,3.000,7
https://cedarlakeventures.com/signon/v0/we0aca67f693fbff9/single?lc=en-US&loginPath=%2Flogin_callback%3Fredir%3D%252F&email=,26918,2026-09-20 18:20:43,200,1.000,3.000,9
http://calconnect.wordpress.com/2011/01/07/read-any-good-timezones-lately/,100618,2026-09-20 18:20:43,200,1.000,3.000,9
https://crates.io/crates/jiff,0,2026-09-20 18:20:43,404,1.000,3.000,8
https://depot.dev/,546339,2026-09-20 18:20:43,200,1.000,3.000,6
https://aaai.memberclicks.net/,32852,2026-09-20 18:20:43,200,1.000,3.000,11
https://cloud.r-project.org/web/packages/smallsets/index.html,1193,2026-09-20 18:20:43,200,1.000,3.000,8
https://app.getdecimal.ai/,0,2026-09-20 18:20:43,429,1.000,3.000,7
http://awards.acm.org/newell/,0,2026-09-20 18:20:43,403,1.000,3.000,11
https://blog.x.com/engineering/en_us/a/2012/twittercldr-improving-internationalization-support-in-ruby,0,2026-09-20 18:20:43,403,1.000,3.000,9
https://astrologynewsservice.com/opinion/how-astrologers-contributed-to-the-information-age-a-brief-history-of-time/,66783,2026-09-20 18:20:43,200,1.000,3.000,8
http://disqus.com/?ref_noscript,6060,2026-09-20 18:20:43,200,1.000,3.000,9
https://bugs.python.org/issue35723,29783,2026-09-20 18:20:43,200,1.000,3.000,9
http://developers.redhat.com/,0,2026-09-20 18:20:43,403,1.000,3.000,6
https://devtools.r-lib.org/,21862,2026-09-20 18:20:43,200,1.000,3.000,7
https://aitopics.org/search,0,2026-09-20 18:20:43,200,1.000,3.000,11
http://caldav.calconnect.org/,0,2026-09-20 18:20:43,0,1.000,3.000,10
https://dev.mysql.com/doc/refman/en/time-zone-support.html,0,2026-09-20 18:20:43,403,1.000,3.000,8
https://dis.io/,6177,2026-09-20 18:20:43,200,1.000,3.000,7
https://bell-sw.com/pages/iana-updater/,1182246,2026-09-20 18:20:44,200,1.000,3.000,8
https://docs.jboss.org/author/display/ARQ/Reference+Guide,0,2026-09-20 18:20:44,404,1.000,1.161,6
https://cal.com/decimal-demo/30m,628347,2026-09-20 18:20:44,200,1.000,3.000,7
https://app.dstl8.ai/lp/dstl8-signup/,0,2026-09-20 18:20:44,464,1.000,3.000,7
https://docs.npmjs.com/deprecating-and-undeprecating-packages-or-package-versions,518602,2026-09-20 18:20:44,200,1.000,3.000,6
https://docs.python.org/3/library/index.html,73289,2026-09-20 18:20:44,200,1.000,1.893,8
http://ascher.ca/blog,0,2026-09-20 18:20:44,404,1.000,3.000,10
https://devguide.ropensci.org/,41236,2026-09-20 18:20:44,200,1.000,3.000,8
https://docs.gtk.org/glib/,529357,2026-09-20 18:20:44,200,1.000,3.000,8
https://docs.openvoxproject.org/,39730,2026-09-20 18:20:44,200,1.000,3.000,6
http://calconnect.org/CD1007%20Timezone%20Service.shtml,0,2026-09-20 18:20:44,404,1.000,3.000,10
https://delta.scitevents.org/,75274,2026-09-20 18:20:44,200,1.000,3.000,11
https://cra.org/,0,2026-09-20 18:20:44,0,1.000,3.000,9
https://developer.teradata.com/tools/reference/teradata-python-module,96592,2026-09-20 18:20:44,200,1.000,3.000,7
https://blog.getpelican.com/,13017,2026-09-20 18:20:44,200,1.000,3.000,9
http://cheerleader.yoz.com/,187658,2026-09-20 18:20:44,200,1.000,3.000,9
https://ds.ibs.re.kr/event/2021-07-13/,0,2026-09-20 18:20:44,0,1.000,3.000,8
https://edgedelta.com/,186368,2026-09-20 18:20:44,200,1.000,3.000,6
https://en.cppreference.com/cpp/chrono,98797,2026-09-20 18:20:44,200,1.000,3.000,8
https://edera.dev/,163244,2026-09-20 18:20:44,200,1.000,3.000,6
https://caringo.atlassian.net/wiki/spaces/KB/overview,1306548,2026-09-20 18:20:44,200,1.000,3.000,7
https://dockr.ly/3OW6752,351868,2026-09-20 18:20:44,200,1.000,3.000,6
http://alabe.com/,29082,2026-09-20 18:20:44,200,1.000,3.000,9
https://18f.gsa.gov/,0,2026-09-20 18:20:45,0,1.000,3.000,10
https://biostec.scitevents.org/,92294,2026-09-20 18:20:45,200,1.000,3.000,11
http://buyviagraonline-canada.net/,0,2026-09-20 18:20:45,0,1.000,3.000,10
https://elixir-lang.org/,192265,2026-09-20 18:20:45,200,1.000,3.000,8
https://dofollow.co.uk/,26995,2026-09-20 18:20:45,200,1.000,3.000,7
http://cialis-buy-online.net/,0,2026-09-20 18:20:45,0,1.000,3.000,10
http://cialis-generic-online.net/,0,2026-09-20 18:20:45,0,1.000,3.000,10
https://docs.tilt.dev/install.html,39845,2026-09-20 18:20:45,200,1.000,3.000,7
https://esdoc.org/,91939,2026-09-20 18:20:45,200,1.000,3.000,6
http://cialiscouponsale.net/,0,2026-09-20 18:20:45,0,1.000,3.000,10
https://documentation.ubuntu.com/charmed-mlflow/en/latest/,26938,2026-09-20 18:20:45,200,1.000,3.000,7
https://fastmail.com/,107436,2026-09-20 18:20:45,200,1.000,3.000,6
https://fastly.com/,664873,2026-09-20 18:20:45,200,1.000,3.000,6
http://boingboing.net/,104760,2026-09-20 18:20:45,200,1.000,3.000,10
http://cialisprofessional.net/,0,2026-09-20 18:20:45,0,1.000,3.000,10
https://empirik.ai/,256969,2026-09-20 18:20:45,200,1.000,3.000,6
https://dashbit.co/,27309,2026-09-20 18:20:45,200,1.000,3.000,9
https://atomvm.org/,13772,2026-09-20 18:20:45,200,1.000,3.000,9
http://blog.lizardwrangler.com/,71970,2026-09-20 18:20:45,200,1.000,3.000,10
https://beta.fec.gov/,39568,2026-09-20 18:20:45,200,1.000,3.000,10
https://brew.sh/,26350,2026-09-20 18:20:45,200,1.000,3.000,8
https://endor.ai/,230805,2026-09-20 18:20:45,200,1.000,3.000,6
http://dockerstatus.com/,528542,2026-09-20 18:20:45,200,1.000,3.000,6
https://collegescorecard.ed.gov/,1374713,2026-09-20 18:20:45,200,1.000,3.000,10
http://acspublications.com/,0,2026-09-20 18:20:45,0,1.000,3.000,9
https://emeryberger.com/,275419,2026-09-20 18:20:45,200,1.000,3.000,10
http://akabeko.me/blog/2015/07/esdoc/,31420,2026-09-20 18:20:45,200,1.000,3.000,7
https://app.endorlabs.com/,914,2026-09-20 18:20:45,200,1.000,3.000,7
http://exoplatform.com/,129575,2026-09-20 18:20:45,200,1.000,3.000,6
https://claude.com/plugins/ai-plugins,459982,2026-09-20 18:20:45,200,1.000,3.000,7
https://awards.acm.org/award_winners/berger_4417531,0,2026-09-20 18:20:45,403,1.000,3.000,11
https://egov.uscis.gov/casestatus/landing.do,0,2026-09-20 18:20:46,403,1.000,3.000,10
http://cialisonlinewithoutprescription-ltd.net/,133850,2026-09-20 18:20:46,200,1.000,3.000,10
http://blog.ning.com/,128219,2026-09-20 18:20:46,200,1.000,3.000,10
https://avatars.githubusercontent.com/u/1612723?v=4,0,2026-09-20 18:20:46,200,1.000,3.000,11
http://devblog.bu.mp/how-we-use-redis-at-bump,0,2026-09-20 18:20:46,404,1.000,3.000,10
https://camo.githubusercontent.com/9100b831a1c95e5f355fa80f92ae721e33efea4d7580fdb08218ee76f3ebfdfc/68747470733a2f2f696d672e736869656c64732e696f2f796f75747562652f76696577732f6b77746f3041515f556e38,0,2026-09-20 18:20:46,200,1.000,3.000,11
https://bugs.launchpad.net/ubuntu/+source/tzdata/+bug/453165,133723,2026-09-20 18:20:46,200,1.000,3.000,9
https://careeronestop.org/,43859,2026-09-20 18:20:46,200,1.000,3.000,11
http://buycialisonlinehq.net/,0,2026-09-20 18:20:46,525,1.000,3.000,10
https://asplos-conference.org/2021/index.html%3Fp=44.html,91348,2026-09-20 18:20:46,200,1.000,3.000,11
https://conda.anaconda.org/conda-forge/scalene,0,2026-09-20 18:20:46,404,1.000,3.000,11
https://curtsinger.cs.grinnell.edu/,11040,2026-09-20 18:20:46,200,1.000,3.000,11
http://developer.sketchapp.com/reference/api/,399365,2026-09-20 18:20:46,200,1.000,3.000,7
https://fedoraproject.org/wiki/Licensing:Main?rd=Licensing,4537,2026-09-20 18:20:46,200,1.000,3.000,6
https://buttondown.email/homebrew,18101,2026-09-20 18:20:46,200,1.000,3.000,9
https://cics.umass.edu/,115782,2026-09-20 18:20:46,200,1.000,3.000,11
https://discuss.systems/@emeryberger,56540,2026-09-20 18:20:46,200,1.000,3.000,11
https://certify.sba.gov/,25665,2026-09-20 18:20:46,200,1.000,3.000,10
http://dojotoolkit.org/intro_to_dojo_io.html,0,2026-09-20 18:20:46,404,1.000,3.000,10
https://dl.acm.org/doi/10.1145/2660193.2660206,0,2026-09-20 18:20:46,403,1.000,3.000,11
http://culytics.com/,48143,2026-09-20 18:20:46,200,1.000,3.000,11
http://andrew.mcmillan.net.nz/,4850,2026-09-20 18:20:46,200,1.000,3.000,10
http://blog.h13i32maru.jp/entry/2015/05/06/221041,81063,2026-09-20 18:20:46,200,1.000,3.000,7
https://epa-notice.usa.gov/,0,2026-09-20 18:20:46,0,1.000,3.000,10
https://docs.exoplatform.org/guide/getting-started/start-community.html,43100,2026-09-20 18:20:47,200,1.000,3.000,7
https://docs.endorlabs.com/scan-with-endorlabs/language-scanning/rust/,568162,2026-09-20 18:20:47,200,1.000,3.000,7
https://docs.cursor.com/tools/mcp,539487,2026-09-20 18:20:47,200,1.000,3.000,7
https://anthropic.com/transparency,855616,2026-09-20 18:20:47,200,1.000,3.000,8
https://blog.sigplan.org/2019/08/28/a-checklist-manifesto-for-empirical-evaluation-a-preemptive-strike-against-a-replication-crisis-in-computer-science/,196692,2026-09-20 18:20:47,200,1.000,3.000,11
http://discountcialisltd.com/,3379,2026-09-20 18:20:47,200,1.000,3.000,10
https://developer.sketch.com/plugins/updates/new-in-sketch-20252,70490,2026-09-20 18:20:47,200,1.000,3.000,8
https://buttondown.com/homebrew/archive/,20517,2026-09-20 18:20:47,200,1.000,3.000,10
http://aa.com.tr/tr/turkiye/yaz-saati-uygulamasi-8-kasimda-sona-erecek/362217,371740,2026-09-20 18:20:47,200,1.000,3.000,9
https://c4ir.rw/global-ai-summit-on-africa/sessions/Innovating-for-a-Healthier-Future,26148,2026-09-20 18:20:47,200,1.000,3.000,11
https://elixir-broadway.org/,17754,2026-09-20 18:20:47,200,1.000,3.000,9
https://code.visualstudio.com/,0,2026-09-20 18:20:47,0,1.000,3.000,8
http://canadian-pharmacy-viagra.org/,4922,2026-09-20 18:20:47,200,1.000,3.000,10
https://dl.acm.org/doi/10.1145/2815400.2815409,0,2026-09-20 18:20:47,403,1.000,3.000,11
http://etech06.ning.com/,0,2026-09-20 18:20:47,404,1.000,1.893,10
https://bsc.es/,0,2026-09-20 18:20:47,500,1.000,3.000,11
http://dojotoolkit.org/,1111,2026-09-20 18:20:47,200,1.000,3.000,10
https://erlef.org/,36081,2026-09-20 18:20:47,200,1.000,3.000,9
https://cse.buffalo.edu/~mhertz/,20705,2026-09-20 18:20:47,200,1.000,3.000,11
http://evaluate.inf.usi.ch/artifacts,0,2026-09-20 18:20:48,403,1.000,3.000,12
http://codelunch.fm/,20395,2026-09-20 18:20:48,200,1.000,3.000,8
https://exomel.com/,8572,2026-09-20 18:20:48,200,1.000,3.000,9
https://app.clowdr.org/conference/asplos2021,3345,2026-09-20 18:20:48,200,1.000,3.000,12
http://en.blog.koba04.com/2015/06/28/esdoc-documentation-for-react-and-es6/,0,2026-09-20 18:20:48,403,1.000,3.000,7
http://findbugs.sourceforge.net/,0,2026-09-20 18:20:48,403,1.000,3.000,6
https://feeds.feedblitz.com/plperspectives,0,2026-09-20 18:20:48,404,1.000,3.000,12
http://dl.acm.org/authorize?N41715,0,2026-09-20 18:20:48,403,1.000,3.000,12
https://clarivate.com/webofsciencegroup/solutions/webofscience-cpci/,337339,2026-09-20 18:20:48,200,1.000,3.000,12
http://factoryjoe.com/blog/2006/08/28/the-yin-yang-of-foo-and-bar/,225674,2026-09-20 18:20:48,200,1.000,3.000,10
https://fastmailstatus.com/,304924,2026-09-20 18:20:48,200,1.000,3.000,7
https://flox.dev/,115586,2026-09-20 18:20:48,200,1.000,3.000,6
https://form.asana.com/?k=PyLtsnGm3ZzejNjrN-BXMQ&d=1138869158379504,368,2026-09-20 18:20:48,200,1.000,3.000,7
https://cvent.me/XnDvx1,468705,2026-09-20 18:20:48,200,1.000,3.000,12
https://blog.hatena.ne.jp/-/pro?plus_via=blog_plus_badge&utm_source=pro_badge&utm_medium=referral&utm_campaign=register_pro,14446,2026-09-20 18:20:48,200,1.000,3.000,8
https://codebeameurope.com/,184014,2026-09-20 18:20:48,200,1.000,3.000,10
https://aleph-archives.com/,51711,2026-09-20 18:20:48,200,1.000,3.000,10
https://b.hatena.ne.jp/entry/s/blog.h13i32maru.jp/entry/2015/05/06/221041,147051,2026-09-20 18:20:48,200,1.000,3.000,8
http://blog.heroku.com/archives/2011/6/28/the_new_heroku_4_erosion_resistance_explicit_contracts/,352794,2026-09-20 18:20:48,200,1.000,3.000,10
https://emeryberger.medium.com/,210690,2026-09-20 18:20:48,200,1.000,3.000,11
https://business.usa.gov/,33491,2026-09-20 18:20:48,200,1.000,3.000,11
https://cubeafricagroup.com/,84106,2026-09-20 18:20:48,200,1.000,3.000,12
https://erlangforums.com/c/erlang-platforms/atomvm-forum/76,485389,2026-09-20 18:20:48,200,1.000,3.000,10
http://blogs.smugmug.com/onethumb/2006/08/28/foo-nofoo-barcamp/,0,2026-09-20 18:20:49,502,1.000,3.000,11
https://dnsimple.com/,132483,2026-09-20 18:20:49,200,1.000,3.000,10
https://elixirforum.com/,324286,2026-09-20 18:20:49,200,1.000,3.000,9
http://blog.fusioncharts.com/2013/12/jsdoc-vs-yuidoc-vs-doxx-vs-docco-choosing-a-javascript-documentation-generator/,96430,2026-09-20 18:20:49,200,1.000,3.000,8
https://erlangecosystemfoundation.wildapricot.org/Sys/Profile,28940,2026-09-20 18:20:49,200,1.000,3.000,10
https://avassa.io/,278057,2026-09-20 18:20:49,200,1.000,3.000,10
https://anchor.fm/s/77d9b6c/podcast/rss,0,2026-09-20 18:20:49,200,1.000,3.000,9
https://forms.feedblitz.com/alr,12286,2026-09-20 18:20:49,200,1.000,3.000,12
https://9elements.com/,147643,2026-09-20 18:20:49,200,1.000,3.000,11
https://ahrefs.com/,1330050,2026-09-20 18:20:49,200,1.000,3.000,11
https://bitcrowd.net/,118707,2026-09-20 18:20:49,200,1.000,3.000,10
https://campusm.exlibrisgroup.com/,104755,2026-09-20 18:20:49,200,1.000,3.000,13
https://authentication.decisionresourcesgroup.com/login/Solutions,24859,2026-09-20 18:20:49,200,1.000,3.000,13
https://betterprogramming.pub/?source=user_profile_page---------2-------------e3c3ceaf8444------------------------,0,2026-09-20 18:20:49,403,1.000,3.000,12
https://about.proquest.com/en/products-services/proquest-digital-collections/,359368,2026-09-20 18:20:49,200,1.000,3.000,13
https://dl.acm.org/doi/10.1145/3478432.3499091?cid=81100478720,0,2026-09-20 18:20:50,403,1.000,3.000,12
https://dev.to/pckrishnadas88/building-distributed-systems-in-elixir-part-8-publish-subscribe-cl3,147872,2026-09-20 18:20:50,200,1.000,3.000,10
http://blog.hatenablog.com/,130861,2026-09-20 18:20:50,200,1.000,3.000,9
https://fastmail.help/,90937,2026-09-20 18:20:50,200,1.000,3.000,7
https://alexanderstreet.com/products/academic-video-online,361916,2026-09-20 18:20:50,200,1.000,3.000,13
http://del.icio.us/yoz,0,2026-09-20 18:20:50,0,1.000,3.000,10
http://blogs.smugmug.com/onethumb/,0,2026-09-20 18:20:50,502,1.000,3.000,11
https://dnsimple.social/@trusty,55560,2026-09-20 18:20:50,200,1.000,3.000,11
https://9292.nl/,240025,2026-09-20 18:20:50,200,1.000,3.000,11
https://codesync.global/privacy_policy/,71595,2026-09-20 18:20:50,200,1.000,3.000,11
http://factorycity.net/,0,2026-09-20 18:20:50,0,1.000,3.000,11
https://adminportal.alexanderstreet.com/,9850,2026-09-20 18:20:50,200,1.000,3.000,14
https://dl.acm.org/doi/10.1145/2445196.2445364?cid=81100478720,0,2026-09-20 18:20:50,403,1.000,3.000,12
https://9esec.io/,171110,2026-09-20 18:20:50,200,1.000,3.000,12
https://bookmark.hatenastaff.com/,354624,2026-09-20 18:20:50,200,1.000,3.000,9
https://bitcrowd.dev/open-sourcing-our-bluesky-dataplane,24391,2026-09-20 18:20:50,200,1.000,3.000,11
https://elixir-slack.community/,0,2026-09-20 18:20:50,403,1.000,3.000,9
https://exlibrisgroup.com/products/alma-library-services-platform/,773873,2026-09-20 18:20:50,200,1.000,1.893,13
https://brand-landscape-analyzer.apps.compumark.com/,177855,2026-09-20 18:20:50,200,1.000,3.000,13
https://dialog.proquest.com/professional/,1036,2026-09-20 18:20:50,200,1.000,3.000,13
https://crozdesk.com/marketing/seo-sem-software/ahrefs,0,2026-09-20 18:20:50,403,1.000,3.000,12
https://code.visualstudio.com/mcp,0,2026-09-20 18:20:51,0,1.000,3.000,7
https://ahrefsevolve.com/?utm_source=ahrefs_website&utm_content=header-evolve-banner,477901,2026-09-20 18:20:51,200,1.000,3.000,12
http://barcamp.org/BarCampFounders,19048,2026-09-20 18:20:51,200,1.000,3.000,11
https://fosstodon.org/@gohugoio,55988,2026-09-20 18:20:51,200,1.000,3.000,6
https://dribbble.com/9elements,323043,2026-09-20 18:20:51,200,1.000,3.000,12
https://enki-multimedia.eu/,0,2026-09-20 18:20:51,0,1.000,3.000,10
https://dnsimplestatus.com/,112088,2026-09-20 18:20:51,200,1.000,3.000,11
https://catalystcloud.nz/,40276,2026-09-20 18:20:51,200,1.000,3.000,11
https://forum.posit.co/c/package-development/11,314696,2026-09-20 18:20:51,200,1.000,3.000,8
https://ahrefstop.com/websites,993118,2026-09-20 18:20:51,200,1.000,3.000,12
http://dl.acm.org/authorize?N41702,0,2026-09-20 18:20:51,403,1.000,3.000,12
https://eu.ipplatform.com/patentcareplus/,2481,2026-09-20 18:20:51,200,1.000,3.000,13
https://forms.gle/mP3zNYuTNsEZkZ7n7,91342,2026-09-20 18:20:51,200,1.000,3.000,11
https://ai.itokoba.com/archives/861/,95576,2026-09-20 18:20:51,200,1.000,3.000,10
https://frame.work/,0,2026-09-20 18:20:51,403,1.000,3.000,6
https://fortressa.com/,34915,2026-09-20 18:20:51,200,1.000,3.000,10
https://foxclocks.org/,33649,2026-09-20 18:20:51,200,1.000,3.000,8
https://endnote.com/?utm_source=clarivate.com&utm_medium=navigation-menu&utm_campaign=main-nav-click,201541,2026-09-20 18:20:51,200,1.000,3.000,13
https://foundationinc.co/,185113,2026-09-20 18:20:51,200,1.000,3.000,12
https://ameblo.jp/miyamotokarin-official/entry-12974640519.html,142858,2026-09-20 18:20:51,200,1.000,3.000,10
https://fusionauth.io/,154985,2026-09-20 18:20:51,200,1.000,3.000,6
https://encount.press/archives/1046239/,60937,2026-09-20 18:20:51,200,1.000,3.000,10
https://events.zoom.us/ev/AkZ1w0VCIF8rFvn6uOT9rqmEJAXBJZohCVLjBPOR16A2AI9518wZ~AtuurRzfTO8vensSBCgn2aJWDClikeEvU-sCxEd5fz3M9WkusQeks16FdnywO3_SUbl1te8f5GPOhFyM99PK-sBPew,59836,2026-09-20 18:20:52,200,1.000,3.000,14
https://firehose.com/?utm_source=ahrefs_website&utm_content=explore_firehose&utm_campaign=firehose_launch&utm_medium=banner,57077,2026-09-20 18:20:52,200,1.000,3.000,12
https://gcc.gnu.org/,20518,2026-09-20 18:20:52,200,1.000,3.000,8
https://gedit-text-editor.org/,2554,2026-09-20 18:20:52,200,1.000,3.000,8
https://blog.takaumada.com/entry/ai-organization-flow,67931,2026-09-20 18:20:52,200,1.000,3.000,10
https://clutch.co/profile/foundation-marketing?utm_source=clutch_award_badge&utm_medium=image_embed&badge=131261,0,2026-09-20 18:20:52,403,1.000,3.000,13
http://delicious.com/save,0,2026-09-20 18:20:52,403,1.000,3.000,9
https://gembundler.com/,26926,2026-09-20 18:20:52,200,1.000,3.000,11
https://dl.acm.org/doi/10.1145/1993478.1993487?cid=81100478720,0,2026-09-20 18:20:52,403,1.000,3.000,12
https://academic.oup.com/qje/article/140/2/889/7990658,0,2026-09-20 18:20:52,403,1.000,3.000,11
https://dorachan.tameshiyo.me/F26SEP8C,20065,2026-09-20 18:20:52,200,1.000,3.000,10
http://generic-viagra-online.net/,5013,2026-09-20 18:20:52,200,1.000,3.000,10
https://blog.pinkumohikan.com/entry/2026/09/05/150757,32885,2026-09-20 18:20:52,200,1.000,3.000,10
https://anond.hatelabo.jp/20260907230452,98728,2026-09-20 18:20:52,200,1.000,3.000,10
https://9elements.jobs.personio.de/,51087,2026-09-20 18:20:52,200,1.000,3.000,13
https://ascii.jp/elem/000/004/426/4426043/,96858,2026-09-20 18:20:52,200,1.000,3.000,10
https://ausbildung.de/,208170,2026-09-20 18:20:52,200,1.000,3.000,12
https://amix-design.com/tl/web-darkp/,45672,2026-09-20 18:20:52,200,1.000,3.000,10
https://ghost.org/,121271,2026-09-20 18:20:52,200,1.000,3.000,9
https://benny.aeaweb.org/articles?id=10.1257%2Faeri.20250275,26400,2026-09-20 18:20:53,200,1.000,3.000,11
https://gds.blog.gov.uk/2014/07/03/what-we-mean-when-we-say-service-transformation/,60062,2026-09-20 18:20:53,200,1.000,3.000,10
https://discourse.gnome.org/tag/gedit,321084,2026-09-20 18:20:53,200,1.000,3.000,9
https://geodata.bts.gov/datasets/usdot::time-zones/about,54062,2026-09-20 18:20:53,200,1.000,3.000,8
https://git-scm.com/,6161,2026-09-20 18:20:53,200,1.000,3.000,8
https://genius.com/remiprev,358030,2026-09-20 18:20:53,200,1.000,3.000,10
https://genserver.social/bitcrowd,8667,2026-09-20 18:20:53,200,1.000,3.000,11
https://dl.acm.org/doi/10.1145/2445196.2445254?cid=81100478720,0,2026-09-20 18:20:53,403,1.000,3.000,12
http://digg.com/submit?phase=2&url=https%3A%2F%2Ffoxclocks.org%2F&title=Welcome+to+FoxClocks,496565,2026-09-20 18:20:53,200,1.000,3.000,9
https://go.dev/,64185,2026-09-20 18:20:53,200,1.000,3.000,8
https://cal.eu/bitcrowd/discuss-a-project,642811,2026-09-20 18:20:53,200,1.000,3.000,12
https://archive.fosdem.org/2026/schedule/track/gcc-gnu-toolchain/,21309,2026-09-20 18:20:53,200,1.000,3.000,9
https://dora-world.com/reading_manga,339348,2026-09-20 18:20:53,200,1.000,3.000,11
https://diamond.jp/articles/-/396632,127343,2026-09-20 18:20:53,200,1.000,3.000,10
https://auth.user.ameba.jp/signup?callback=https%3A%2F%2Fwww.ameba.jp&utm_medium=ameba&utm_source=ameblo.jp&utm_campaign=ameba_blog_header_button&force_ameba_id=true,10981,2026-09-20 18:20:53,200,1.000,3.000,11
http://gotorankings.org/,5302,2026-09-20 18:20:53,200,1.000,3.000,9
https://gitlab.gnome.org/GNOME/glib/,0,2026-09-20 18:20:53,406,1.000,3.000,9
https://blog.daviddollar.org/2011/05/06/introducing-foreman.html,0,2026-09-20 18:20:53,0,1.000,3.000,11
https://blog.x.com/engineering/en_us/a/2015/handling-five-billion-sessions-a-day-in-real-time.html,0,2026-09-20 18:20:53,403,1.000,3.000,9
https://gnu-tools-cauldron.org/,36179,2026-09-20 18:20:53,200,1.000,3.000,9
http://gigaom.com/2005/08/16/foocampfighting/,59607,2026-09-20 18:20:53,200,1.000,3.000,11
https://climate.stripe.com/6MNofu,36460,2026-09-20 18:20:53,200,1.000,3.000,10
http://gihyo.jp/dev/serial/01/agile/0004,67838,2026-09-20 18:20:53,200,1.000,3.000,8
https://game.watch.impress.co.jp/docs/review/rev1/2135433.html,227821,2026-09-20 18:20:53,200,1.000,3.000,10
https://blog.cloudflare.com/graceful-upgrades-in-go/,302734,2026-09-20 18:20:54,200,1.000,3.000,9
https://goatmire.com/,68163,2026-09-20 18:20:54,200,1.000,3.000,9
https://goteleport.com/,268441,2026-09-20 18:20:54,200,1.000,3.000,6
http://about.me/allonlister,109912,2026-09-20 18:20:54,200,1.000,3.000,11
https://grafana.com/,666333,2026-09-20 18:20:54,200,1.000,3.000,6
http://getport.io/,212651,2026-09-20 18:20:54,200,1.000,3.000,6
https://bitly.com/blog/why-we-write-everything-in-go/?utm_source=go-dev&utm_medium=referral&utm_campaign=go-dev&utm_content=case-study,160514,2026-09-20 18:20:54,200,1.000,3.000,9
https://blog.twitch.tv/en/2016/07/05/gos-march-to-low-latency-gc-a6fa96f06eb7/,46873,2026-09-20 18:20:54,200,1.000,3.000,9
https://bugcrowd.com/engagements/Genius-VDP,107884,2026-09-20 18:20:54,200,1.000,3.000,11
https://governmentdigitalservice.podbean.com/,26723,2026-09-20 18:20:54,200,1.000,3.000,11
https://csindexbr.org/,9387,2026-09-20 18:20:54,200,1.000,3.000,10
https://bosssauce.it/services/training,2428,2026-09-20 18:20:54,200,1.000,3.000,9
http://capsctrl.que.jp/kdmsnr/wiki/bliki/?CodeAsDocumentation,0,2026-09-20 18:20:54,0,1.000,3.000,9
https://creative2.co.jp/recruit/,52673,2026-09-20 18:20:54,200,1.000,3.000,11
https://embecosm.com/,37497,2026-09-20 18:20:54,200,1.000,3.000,10
https://app.port.io/?screen_hint=login&__hstc=106030492.9c2a7da746da9218a1c95514537887e5.1741509764670.1741856037631.1741860156806.4&__hssc=106030492.8.1741860156806&__hsfp=1092976895,61615,2026-09-20 18:20:54,200,1.000,3.000,7
https://cloudflare.net/,64491,2026-09-20 18:20:54,200,1.000,3.000,10
https://doraeiga.com/2027/,8357,2026-09-20 18:20:54,200,1.000,3.000,12
https://eng.uber.com/aresdb/,0,2026-09-20 18:20:54,404,1.000,3.000,9
https://airline.ikaros.jp/,114037,2026-09-20 18:20:54,200,1.000,3.000,11
https://clarivate.com.cn/,0,2026-09-20 18:20:54,0,1.000,3.000,13
https://demo.port.io/organization/home,0,2026-09-20 18:20:54,403,1.000,3.000,7
http://gravitee.io/,2771777,2026-09-20 18:20:54,200,1.000,3.000,6
https://bitly.is/TopNav-Button,120704,2026-09-20 18:20:54,200,1.000,3.000,10
https://abema.go.link/4DmeV,109854,2026-09-20 18:20:54,200,1.000,3.000,11
https://embrace.family/,135982,2026-09-20 18:20:54,200,1.000,3.000,13
https://dropbox.tech/infrastructure/open-sourcing-our-go-libraries,223134,2026-09-20 18:20:54,200,1.000,3.000,9
https://frontierclimate.com/,57981,2026-09-20 18:20:55,200,1.000,3.000,11
http://capsctrl.que.jp/kdmsnr/wiki/bliki/?SpecificationByExample,0,2026-09-20 18:20:55,0,1.000,3.000,9
https://blog.golang.org/profiling-go-programs,62059,2026-09-20 18:20:55,200,1.000,3.000,10
https://githubengineering.com/glb-part-2-haproxy-zero-downtime-zero-delay-reloads-with-multibinder/,745,2026-09-20 18:20:55,200,1.000,3.000,10
https://bergstromstehandel.se/,65267,2026-09-20 18:20:55,200,1.000,3.000,10
https://bank28.se/,5774,2026-09-20 18:20:55,200,1.000,3.000,10
https://entgo.io/blog/2019/10/03/introducing-ent/,25780,2026-09-20 18:20:55,200,1.000,3.000,9
https://docs.port.io/agent-management/overview/,148482,2026-09-20 18:20:55,200,1.000,3.000,7
https://blog.tinect.jp/?p=91457,92977,2026-09-20 18:20:55,200,1.000,3.000,10
https://cloudflare.tv/live,138621,2026-09-20 18:20:55,200,1.000,3.000,11
https://beams.run/,48951,2026-09-20 18:20:55,200,1.000,3.000,7
https://dash.dropbox.com/?utm=blogs,192698,2026-09-20 18:20:55,200,1.000,3.000,10
https://goatbiz.fly.dev/workshops/browse,44451,2026-09-20 18:20:55,200,1.000,3.000,10
https://dialog.com/,332617,2026-09-20 18:20:55,200,1.000,3.000,14
https://fabli.shop/,397456,2026-09-20 18:20:55,200,1.000,3.000,11
https://energy.appstate.edu/CDIAC,0,2026-09-20 18:20:55,404,1.000,3.000,12
https://entgo.substack.com/,70820,2026-09-20 18:20:55,200,1.000,3.000,10
https://books.mdn.co.jp/,92772,2026-09-20 18:20:55,200,1.000,3.000,11
https://diamond-fudosan.jp/,117318,2026-09-20 18:20:55,200,1.000,3.000,11
https://campus.varberg.se/samarbeta/techarena-varberg/,0,2026-09-20 18:20:56,0,1.000,3.000,10
https://golangweekly.com/,11134,2026-09-20 18:20:56,200,1.000,3.000,9
https://diamond.co.jp/,33910,2026-09-20 18:20:56,200,1.000,3.000,11
https://godoc.org/github.com/astaxie/beego/grace,63948,2026-09-20 18:20:56,200,1.000,3.000,10
https://cuni.cz/UKEN-1.html,71280,2026-09-20 18:20:56,200,1.000,3.000,10
https://baylibre.com/,301976,2026-09-20 18:20:56,200,1.000,3.000,10
https://blog.dropbox.com/,203252,2026-09-20 18:20:56,200,1.000,3.000,10
https://blog.ameba.jp/ucs/logininput.do?bnm=miyamotokarin-official&eid=12974640519&service=pc_header&token=,11994,2026-09-20 18:20:56,200,1.000,3.000,11
https://dekiru.net/,112801,2026-09-20 18:20:56,200,1.000,3.000,11
https://grok.com/?q=What%20does%20Edge%20Delta's%20AI%20team%20do%3F,588791,2026-09-20 18:20:56,200,1.000,3.000,7
https://guides.rubyonrails.org/security.html,206395,2026-09-20 18:20:56,200,1.000,3.000,7
https://dropbox.com/,601092,2026-09-20 18:20:56,200,1.000,3.000,10
https://form.run/@airline-2026-10,61708,2026-09-20 18:20:56,200,1.000,3.000,12
https://app.reclaim.ai/signup?utm_medium=referral&utm_source=dbx-footer-referral&utm_campaign=dbx-footer-signup&utm_term=dbx-footer,36722,2026-09-20 18:20:56,200,1.000,3.000,11
https://groups.io/g/LEAPSECS,64588,2026-09-20 18:20:56,200,1.000,3.000,8
https://grepr.ai/,145208,2026-09-20 18:20:56,200,1.000,3.000,6
https://deps.dev/go/github.com%2Fastaxie%2Fbeego/v1.12.3,1308,2026-09-20 18:20:56,200,1.000,3.000,11
https://comic-curea.jp/,81324,2026-09-20 18:20:56,200,1.000,3.000,11
https://dash.ai/login,1937,2026-09-20 18:20:56,200,1.000,3.000,11
https://cooperpress.com/legal/privacy/,7585,2026-09-20 18:20:56,200,1.000,3.000,10
https://abema.tv/about/payperview-terms,51896,2026-09-20 18:20:56,200,1.000,3.000,12
http://groundcover.com/,241477,2026-09-20 18:20:56,200,1.000,3.000,6
https://golang.org/pkg/net/,509704,2026-09-20 18:20:56,200,1.000,1.893,10
https://feeds.simplecast.com/oFUBEhnI,0,2026-09-20 18:20:56,200,1.000,3.000,11
https://hachyderm.io/@golang,55636,2026-09-20 18:20:56,200,1.000,3.000,9
http://groovymother.com/archives/2005/06/01/dead_tree_cavalc.html,37172,2026-09-20 18:20:56,200,1.000,3.000,10
https://cicero.oslo.no/en/articles/stylised-pathways-to-well-below-2c,144495,2026-09-20 18:20:57,200,1.000,3.000,12
https://abematv.co.jp/pages/396088/company,50321,2026-09-20 18:20:57,200,1.000,3.000,12
https://community.broadcom.com/symantecenterprise/communities/community-home/librarydocuments/viewdocument?DocumentKey=12d8d106-1137-4d7c-8bb4-3ea1faec83fa,103531,2026-09-20 18:20:57,200,1.000,3.000,8
https://embedded-world-na.com/,875244,2026-09-20 18:20:57,200,1.000,3.000,11
http://eepurl.com/i-dhkU,534224,2026-09-20 18:20:57,200,1.000,3.000,11
http://grisha.org/blog/2014/06/03/graceful-restart-in-golang/,33098,2026-09-20 18:20:57,200,1.000,3.000,11
https://campus.varberg.se/,0,2026-09-20 18:20:57,0,1.000,3.000,10
https://coaching.begbie.com/blog/job-success-profiles/,32471,2026-09-20 18:20:57,200,1.000,3.000,11
https://gtnr.io/deoR7mFEn,75942,2026-09-20 18:20:57,200,1.000,3.000,7
https://enable-javascript.com/,26913,2026-09-20 18:20:57,200,1.000,3.000,11
https://fujiko-museum.com/,45143,2026-09-20 18:20:57,200,1.000,3.000,12
https://hadley.nz/,20986,2026-09-20 18:20:57,200,1.000,3.000,8
https://central-network.eu/CN-1.html,17667,2026-09-20 18:20:58,200,1.000,3.000,11
http://harpold.com/ok.html,12485,2026-09-20 18:20:58,200,1.000,3.000,10
https://ganref.jp/dcm/,45132,2026-09-20 18:20:58,200,1.000,3.000,11
http://hatacademy.com/,12114,2026-09-20 18:20:58,200,1.000,3.000,11
https://hatena.co.jp/press/release/entry/2026/08/20/163000,117065,2026-09-20 18:20:58,200,1.000,3.000,10
https://help.openai.com/en/articles/5722486-how-your-data-is-used-to-improve-model-performance,0,2026-09-20 18:20:58,403,1.000,3.000,8
https://hegel.dev/,85018,2026-09-20 18:20:58,200,1.000,3.000,7
http://greenbytes.de/tech/webdav/,549215,2026-09-20 18:20:58,200,1.000,3.000,10
https://helm.sh/docs/intro/install/,56254,2026-09-20 18:20:58,200,1.000,3.000,7
https://4euplus.eu/4EU-1.html,57560,2026-09-20 18:20:58,200,1.000,3.000,11
https://diamond-rm.net/,396154,2026-09-20 18:20:58,200,1.000,3.000,12
https://hatena.blog/guide/app,19006,2026-09-20 18:20:58,200,1.000,3.000,9
https://hackage.haskell.org/package/timezone-olson,22160,2026-09-20 18:20:58,200,1.000,3.000,8
https://hatenabookmark.page.link/app,628826,2026-09-20 18:20:58,200,1.000,3.000,9
https://dropboxbusinessblog.co.uk/,203252,2026-09-20 18:20:58,200,1.000,3.000,11
https://hb2.gethealthbase.com/,83161,2026-09-20 18:20:58,200,1.000,3.000,13
https://help.hatenablog.com/guide/support/education,27780,2026-09-20 18:20:58,200,1.000,1.893,9
https://help.ubuntu.com/,5557,2026-09-20 18:20:58,200,1.000,1.893,7
http://hatenanews.com/,145946,2026-09-20 18:20:58,200,1.000,3.000,9
https://hackvertor.co.uk/,395979,2026-09-20 18:20:58,200,1.000,3.000,8
https://artifacthub.io/,6767,2026-09-20 18:20:58,200,1.000,3.000,8
http://blog.nella.org/zero-downtime-upgrades-of-tcp-servers-in-go/,24893,2026-09-20 18:20:58,200,1.000,3.000,12
https://ai-text-humanizer.com/,32973,2026-09-20 18:20:59,200,1.000,3.000,12
https://ggplot2-book.org/,34743,2026-09-20 18:20:59,200,1.000,3.000,9
https://hatenablog.com/guide/pro?plus_via=hatenabookmark_footer&utm_source=hatenabookmark&utm_medium=referral&utm_campaign=hatenabookmark_to_hatenablog_pro&utm_content=hatenabookmark_footer,50631,2026-09-20 18:20:59,200,1.000,1.893,9
https://chocolatey.org/,114671,2026-09-20 18:20:59,200,1.000,3.000,8
https://harness.io/,340343,2026-09-20 18:20:59,200,1.000,3.000,6
https://buycheapestfollowers.com/,173310,2026-09-20 18:20:59,200,1.000,3.000,12
https://gigazine.net/news/20260920-card-networks-intro/,110576,2026-09-20 18:20:59,200,1.000,3.000,10
https://hex.pm/,93035,2026-09-20 18:20:59,200,1.000,3.000,9
https://azukiazusa.dev/blog/json-render-jev/,308817,2026-09-20 18:20:59,200,1.000,3.000,10
https://dengekionline.com/article/202609/88710,387778,2026-09-20 18:20:59,200,1.000,3.000,10
https://ch0.co/podcast,818358,2026-09-20 18:20:59,200,1.000,3.000,9
https://djnavarro.net/,31983,2026-09-20 18:20:59,200,1.000,3.000,10
https://aiscan24.com/,13450,2026-09-20 18:20:59,200,1.000,3.000,13
https://archlinux.org/packages/extra/x86_64/haskell-timezone-olson,15496,2026-09-20 18:20:59,200,1.000,3.000,9
http://cafepress.com/chocolatey,0,2026-09-20 18:21:00,404,1.000,3.000,9
http://helpdesk.patrafee.com/,0,2026-09-20 18:21:00,0,1.000,3.000,13
http://herodevs.com/?utm_source=event&utm_medium=event&utm_campaign=2026q4_conf-kubecon-na-2026_global,346448,2026-09-20 18:21:00,200,1.000,3.000,6
https://docs.typesafe.ai/introduction,302511,2026-09-20 18:21:00,200,1.000,3.000,11
https://dachstartups.com/startup/ai-text-humanizer.com/,11385,2026-09-20 18:21:00,200,1.000,3.000,13
https://developers.freee.co.jp/entry/spa_react_upgrade,106700,2026-09-20 18:21:00,200,1.000,3.000,10
https://buildkite.com/organizations/helm-linux/packages/registries/helm-debian,142669,2026-09-20 18:21:00,200,1.000,3.000,8
https://analytics.leverages.jp/entry/2026/09/18/181500,62597,2026-09-20 18:21:00,200,1.000,3.000,10
https://gigazine.biz/,107116,2026-09-20 18:21:00,200,1.000,3.000,11
http://ftp.ics.uci.edu/pub/ietf/webdav/collection/redirect-issues.html,0,2026-09-20 18:21:00,0,1.000,3.000,11
https://aitools.inc/,780661,2026-09-20 18:21:00,200,1.000,3.000,13
https://garethheyes.co.uk/,372210,2026-09-20 18:21:00,200,1.000,3.000,9
https://exyk.hatenadiary.com/entry/2026/09/20/114800,105586,2026-09-20 18:21:00,200,1.000,3.000,10
https://arrow-user2022.netlify.app/,24033,2026-09-20 18:21:00,200,1.000,3.000,11
https://gablomo.com/,10772,2026-09-20 18:21:00,200,1.000,3.000,13
https://chef.io/,119221,2026-09-20 18:21:00,200,1.000,3.000,9
http://hikiwiki.org/,0,2026-09-20 18:21:00,403,1.000,3.000,9
https://hilaryparker.com/2014/04/29/writing-an-r-package-from-scratch/,137121,2026-09-20 18:21:00,200,1.000,3.000,8
https://harness-privacy.relyance.ai/,2378,2026-09-20 18:21:00,200,1.000,3.000,7
https://hhvm.com/,11871,2026-09-20 18:21:00,200,1.000,3.000,8
https://checkout.bluesnap.com/buynow/checkout?sku3343184=500&storeid=269004,743295,2026-09-20 18:21:00,200,1.000,3.000,9
http://hatenacorp.jp/contact/,20136,2026-09-20 18:21:00,200,1.000,3.000,11
http://hibernate.org/,30805,2026-09-20 18:21:00,200,1.000,3.000,5
https://hexdocs.pm/elixir/introduction.html,13523,2026-09-20 18:21:00,200,1.000,3.000,9
http://alyssafrazee.com/,3920,2026-09-20 18:21:01,200,1.000,3.000,9
http://en.uw.edu.pl/,101003,2026-09-20 18:21:01,200,1.000,3.000,12
https://gigazine.co.jp/,55527,2026-09-20 18:21:01,200,1.000,3.000,11
https://forms.progress.com/ccpa-subscription,7208,2026-09-20 18:21:01,200,1.000,3.000,10
http://cwick.co.nz/,30366,2026-09-20 18:21:01,200,1.000,3.000,9
https://arrow.apache.org/,23531,2026-09-20 18:21:01,200,1.000,3.000,12
https://code.facebook.com/projects/,0,2026-09-20 18:21:01,400,1.000,3.000,9
https://gaccha.jp/onepiece/onepiece-card-favorite-characters/,224165,2026-09-20 18:21:01,200,1.000,3.000,10
https://hotcrp.com/,14214,2026-09-20 18:21:01,200,1.000,3.000,11
https://hb.afl.rakuten.co.jp/hgc/g00q0728.mdytf55e.g00q0728.mdytgd65/_RTgmwz00000001/?pc=https%3A%2F%2Fitem.rakuten.co.jp%2Fbook%2F18763446%2F&rafcid=wsc_i_ra_bfabe294-56c5-42cb-b8e9-b0a124451385,7664,2026-09-20 18:21:01,200,1.000,3.000,11
https://community.progress.com/s/products/chef,700937,2026-09-20 18:21:01,200,1.000,3.000,10
http://hacklang.org/,30487,2026-09-20 18:21:01,200,1.000,3.000,9
https://deck.tools/,0,2026-09-20 18:21:01,0,1.000,3.000,10
https://dropeverything.com.au/,0,2026-09-20 18:21:01,0,1.000,3.000,11
https://dropbox.gcs-web.com/,0,2026-09-20 18:21:01,0,1.000,3.000,11
https://buildkitestatus.com/,163026,2026-09-20 18:21:01,200,1.000,3.000,9
https://forum.buildkite.community/c/feature-requests,331685,2026-09-20 18:21:01,200,1.000,3.000,9
https://helps.ameba.jp/inquiry.html,13374,2026-09-20 18:21:01,200,1.000,1.500,11
https://hub.docker.com/u/falcosecurity,418996,2026-09-20 18:21:02,200,1.000,1.893,5
https://houwellgo.com/,18007,2026-09-20 18:21:02,200,1.000,3.000,9
https://blog.innerht.ml/,0,2026-09-20 18:21:02,503,1.000,3.000,10
https://heyfabric.ai/?utm_source=ai-tools-inc&utm_medium=website&utm_campaign=ai-tools-inc-footer-nav,92569,2026-09-20 18:21:02,200,1.000,3.000,14
https://engineering.fb.com/2014/03/20/developer-tools/hack-a-new-programming-language-for-hhvm/,92855,2026-09-20 18:21:02,200,1.000,3.000,10
https://hugoblox.com/?utm_campaign=poweredby,489618,2026-09-20 18:21:02,200,1.000,3.000,8
https://hugoconf.io/,138587,2026-09-20 18:21:02,200,1.000,3.000,7
https://diehardtales.com/n/nc359b58d9d57,476336,2026-09-20 18:21:02,200,1.000,3.000,10
http://bentkowski.info/,3737,2026-09-20 18:21:02,200,1.000,3.000,10
http://cure53.de/,51728,2026-09-20 18:21:02,200,1.000,3.000,10
https://ifttt.com/,421879,2026-09-20 18:21:02,200,1.000,3.000,5
https://fumimaker.net/entry/2019/05/30/213134,144853,2026-09-20 18:21:02,200,1.000,3.000,11
http://fujiko-artgallery.jp/,32237,2026-09-20 18:21:02,200,1.000,3.000,13
https://icu.unicode.org/,299837,2026-09-20 18:21:02,200,1.000,1.893,8
https://baku89.com/ja/edc,85546,2026-09-20 18:21:02,200,1.000,3.000,11
https://code.facebook.com/posts/rss/,0,2026-09-20 18:21:02,400,1.000,3.000,11
http://adv-r.had.co.nz/Package-basics.html,86835,2026-09-20 18:21:02,200,1.000,3.000,9
https://about.facebook.com/,0,2026-09-20 18:21:02,400,1.000,3.000,11
https://about.meta.com/,0,2026-09-20 18:21:03,400,1.000,3.000,11
https://ai.facebook.com/results/?content_types%5B0%5D=publication,0,2026-09-20 18:21:03,400,1.000,3.000,11
https://akizukidenshi.com/catalog/g/g109530/,131328,2026-09-20 18:21:03,200,1.000,3.000,11
https://home.robusta.dev/,273573,2026-09-20 18:21:03,200,1.000,3.000,6
https://hydrahost.com/,149882,2026-09-20 18:21:03,200,1.000,3.000,7
https://ai.meta.com/blog/,0,2026-09-20 18:21:03,400,1.000,3.000,11
https://ic3k.scitevents.org/,70299,2026-09-20 18:21:03,200,1.000,1.500,11
https://frederik-braun.com/,5254,2026-09-20 18:21:03,200,1.000,3.000,10
http://identi.ca/notice/12920669,0,2026-09-20 18:21:03,404,1.000,3.000,9
https://developers.facebook.com/,0,2026-09-20 18:21:03,400,1.000,3.000,11
https://iclr.cc/,58714,2026-09-20 18:21:03,200,1.000,3.000,10
https://dundy.ai/features/real-estate-listing-photo-generator,97352,2026-09-20 18:21:03,200,1.000,3.000,15
https://img.shields.io/crates/d/coz,0,2026-09-20 18:21:03,200,1.000,3.000,11
https://acrobat.adobe.com/,424593,2026-09-20 18:21:03,200,1.000,3.000,9
https://icaart.scitevents.org/,76777,2026-09-20 18:21:03,200,1.000,1.500,11
https://iceis.scitevents.org/,78532,2026-09-20 18:21:03,200,1.000,1.500,11
https://bugbounty.meta.com/,0,2026-09-20 18:21:03,400,1.000,3.000,11
https://icpram.scitevents.org/,89884,2026-09-20 18:21:03,200,1.000,1.500,11
https://hypothes.is/search?q=url%3Ahttps%3A%2F%2Fblog.jonudell.net%2F*,1099452,2026-09-20 18:21:03,200,1.000,3.000,9
https://docs.rs/crate/arrow/,72770,2026-09-20 18:21:03,200,1.000,3.000,13
https://ie2027.mk/,60816,2026-09-20 18:21:03,200,1.000,3.000,11
https://ijcci.scitevents.org/,82205,2026-09-20 18:21:03,200,1.000,1.500,11
https://in.relation.to/,42765,2026-09-20 18:21:03,200,1.000,3.000,6
https://hugo.chat/?utm_source=hugoblox&utm_medium=home_final_cta&utm_campaign=brief_ai,189977,2026-09-20 18:21:03,200,1.000,3.000,9
https://infisical.com/,421181,2026-09-20 18:21:04,200,1.000,3.000,6
https://dev-indy-.fission.app/annote/hypothesis/facets,0,2026-09-20 18:21:04,0,1.000,3.000,10
https://infino.ai/,71844,2026-09-20 18:21:04,200,1.000,3.000,6
http://incident.io/,418004,2026-09-20 18:21:04,200,1.000,3.000,6
https://crates.io/users/alamb,0,2026-09-20 18:21:04,404,1.000,3.000,14
https://infosec.exchange/@gaz,60820,2026-09-20 18:21:04,200,1.000,3.000,10
https://info.backstage.byspotify.com/partner-interest,74111,2026-09-20 18:21:04,200,1.000,3.000,7
https://info.port.io/ai-sre-reduce-mttr-by-50-with-autonomous-incident-resolution,38083,2026-09-20 18:21:04,200,1.000,1.500,7
https://info.archtis.com/demo-request,18698,2026-09-20 18:21:04,200,1.000,3.000,5
https://frederikbraun.de/pages/publications.html,11275,2026-09-20 18:21:04,200,1.000,3.000,11
http://info.asahi.com/dora/,0,2026-09-20 18:21:04,503,1.000,3.000,13
https://garden.ooo/,111,2026-09-20 18:21:04,200,1.000,3.000,12
https://infros.io/,122729,2026-09-20 18:21:04,200,1.000,3.000,6
http://example.com/,559,2026-09-20 18:21:04,200,1.000,3.000,10
https://inch-ci.org/,603,2026-09-20 18:21:04,200,1.000,3.000,8
https://indy.trailmarks.co/ipfs/QmeBGhQfuAMrssvynkrbEyXnWJPhv7iNWdjBMze7Ni9D2C/pdf/viewer/web/viewer.html?file=,0,2026-09-20 18:21:04,0,1.000,3.000,10
https://dev-indy0.fission.app/dashboard/,0,2026-09-20 18:21:04,0,1.000,3.000,10
https://ichigo-drill.jp/,523818,2026-09-20 18:21:04,200,1.000,3.000,10
https://fluxfingers.net/,43963,2026-09-20 18:21:04,200,1.000,3.000,11
https://inform.tmforum.org/research-and-analysis/proofs-of-concept/turning-telco-networks-into-programmable-spatial-web-infrastructure,102976,2026-09-20 18:21:04,200,1.000,3.000,7
https://doc.rust-lang.org/nightly/clippy,25771,2026-09-20 18:21:04,200,1.000,3.000,14
https://improve.scitevents.org/,71280,2026-09-20 18:21:04,200,1.000,1.500,11
https://help-note.com/hc/ja,15012,2026-09-20 18:21:04,200,1.000,3.000,11
https://inbox.sourceware.org/gcc/DDZ33YE13W8K.3GW0F1S381V0T@adacore.com/,7416,2026-09-20 18:21:04,200,1.000,3.000,9
https://crates.io/users/nevi-me,0,2026-09-20 18:21:04,404,1.000,3.000,14
https://attackanddefense.dev/2025/03/31/https-first-in-firefox-136.html,14436,2026-09-20 18:21:04,200,1.000,3.000,12
https://instatus.com/,246239,2026-09-20 18:21:05,200,1.000,3.000,8
https://indieweb.org/fragmention,85004,2026-09-20 18:21:05,200,1.000,3.000,10
https://access.redhat.com/security/team/contact/,77100,2026-09-20 18:21:05,200,1.000,3.000,7
http://boffosocko.com/2016/04/07/webmentions-for-improving-annotation-and-preventing-bullying-on-the-web/,0,2026-09-20 18:21:05,500,1.000,3.000,10
https://install.dstl8.ai/script/dstl8-cli,0,2026-09-20 18:21:05,200,1.000,3.000,7
https://investors.progress.com/press-releases,0,2026-09-20 18:21:05,403,1.000,1.500,10
http://blog.enkerli.com/2007/11/13/android-sales-pitch-and-drift-off/,42495,2026-09-20 18:21:05,200,1.000,3.000,10
https://illumination.co.jp/,16846,2026-09-20 18:21:05,200,1.000,3.000,11
https://ctftime.org/,77878,2026-09-20 18:21:05,200,1.000,3.000,12
http://blogs.zdnet.com/social/?p=62,0,2026-09-20 18:21:05,0,1.000,3.000,11
https://flu.xxx/,2216,2026-09-20 18:21:05,200,1.000,3.000,12
https://ie.wh.sdu.edu.cn/,58488,2026-09-20 18:21:05,200,1.000,3.000,8
https://instat.us/,333659,2026-09-20 18:21:05,200,1.000,3.000,9
http://cool.org/,314419,2026-09-20 18:21:05,200,1.000,3.000,10
https://ec.hakko.com/products/detail/6506,90287,2026-09-20 18:21:06,200,1.000,3.000,12
https://fetch.spec.whatwg.org/,1929966,2026-09-20 18:21:06,200,1.000,3.000,13
https://hyp.is/AVRK9cOjH9ZO4OKSl4y7/blog.jonudell.net/2016/04/24/annotation-is-not-only-web-comments/,88448,2026-09-20 18:21:06,200,1.000,3.000,10
https://crates.io/users/andygrove,0,2026-09-20 18:21:06,404,1.000,3.000,14
http://del.icio.us/,0,2026-09-20 18:21:06,0,1.000,3.000,10
https://disquotational.appspot.com/,0,2026-09-20 18:21:06,503,1.000,3.000,11
http://bret.io/base/2014/11/01/photo-article/,0,2026-09-20 18:21:06,404,1.000,3.000,11
http://bthdonohue.com/post/85643490431/instapaper-fragmentions,0,2026-09-20 18:21:06,404,1.000,3.000,11
https://invite.slack.golangbridge.org/,0,2026-09-20 18:21:06,403,1.000,3.000,9
http://ben.thatmustbe.me/,0,2026-09-20 18:21:06,500,1.000,3.000,11
https://crates.io/users/tustvold,0,2026-09-20 18:21:06,404,1.000,3.000,14
https://idpf.org/epub/linking/cfi/,96021,2026-09-20 18:21:07,200,1.000,3.000,11
http://betterlink.io/posts/better-fragmention.html,17109,2026-09-20 18:21:07,200,1.000,3.000,11
https://hgi.rub.de/,78057,2026-09-20 18:21:07,200,1.000,3.000,12
https://foundation.rust-lang.org/policies/privacy-policy/,104145,2026-09-20 18:21:07,200,1.000,3.000,14
https://ie2024.ijs.si/,131033,2026-09-20 18:21:07,200,1.000,3.000,12
http://blog.gerv.net/2007/02/fragment_search/,31170,2026-09-20 18:21:07,200,1.000,3.000,11
https://annevankesteren.nl/,20668,2026-09-20 18:21:07,200,1.000,3.000,14
https://crates.io/crates/arrow-flight,0,2026-09-20 18:21:07,404,1.000,3.000,14
https://feit.ukim.edu.mk/en/,111088,2026-09-20 18:21:07,200,1.000,3.000,12
http://blog.userstyles.org/,0,2026-09-20 18:21:07,0,1.000,3.000,12
http://asztal.net/,0,2026-09-20 18:21:07,0,1.000,3.000,12
https://blogs.igalia.com/schenney/find-in-page-highlight-styling/,22130,2026-09-20 18:21:07,200,1.000,3.000,11
http://documentation.superfeedr.com/subscribers.html,46699,2026-09-20 18:21:07,200,1.000,3.000,11
https://drupal.org/sandbox/ocean/2247743,3038,2026-09-20 18:21:07,200,1.000,3.000,11
https://drafts.csswg.org/css-values-4/,1018170,2026-09-20 18:21:08,200,1.000,3.000,14
https://app.dundy.ai/,120297,2026-09-20 18:21:08,200,1.000,3.000,15
https://invoiceninjacom.levdev.co/contact-support/,0,2026-09-20 18:21:08,404,1.000,3.000,6
http://aaronparecki.com/articles/2014/03/23/1/posting-photos-on-my-own-site,23286,2026-09-20 18:21:08,200,1.000,3.000,11
https://internet.watch.impress.co.jp/docs/news/2137041.html,117100,2026-09-20 18:21:08,200,1.000,1.893,10
https://arina-p.co.jp/,275677,2026-09-20 18:21:08,200,1.000,3.000,11
https://dl.acm.org/doi/pdf/10.1145/322796.322806,0,2026-09-20 18:21:08,403,1.000,3.000,13
http://boffosocko.com/2018/01/07/reply-to-annotating-web-audio-by-jon-udell/,0,2026-09-20 18:21:08,500,1.000,3.000,10
https://dom.spec.whatwg.org/,3158685,2026-09-20 18:21:08,200,1.000,1.893,11
https://crates.io/crates/arrow,0,2026-09-20 18:21:08,404,1.000,3.000,14
https://httpwg.org/specs/rfc8470.html,51875,2026-09-20 18:21:08,200,1.000,3.000,14
http://blog.vrypan.net/2014/04/22/fragmentions/,16219,2026-09-20 18:21:08,200,1.000,3.000,11
https://htmlspecs.com/fetch/,2397711,2026-09-20 18:21:08,200,1.000,3.000,14
http://internet-apps.blogspot.in/2007/11/using-urls-to-pass-parameters-to-web.html,18085,2026-09-20 18:21:08,200,1.000,3.000,11
https://eab.org/,12914,2026-09-20 18:21:08,200,1.000,3.000,12
https://finki.ukim.mk/en,122868,2026-09-20 18:21:09,200,1.000,3.000,12
https://dl.acm.org/doi/10.1145/3728887,0,2026-09-20 18:21:09,403,1.000,3.000,13
https://ie2026.pt/,199222,2026-09-20 18:21:09,200,1.000,3.000,12
https://ches.iacr.org/,17436,2026-09-20 18:21:09,200,1.000,3.000,13
https://arinna.co.jp/interview-7/,256905,2026-09-20 18:21:09,200,1.000,3.000,11
http://css-tricks.com/examples/DynamicPage/,3746,2026-09-20 18:21:09,200,1.000,3.000,12
https://csrc.nist.gov/projects/post-quantum-cryptography,60702,2026-09-20 18:21:09,200,1.000,3.000,13
https://eurocrypt.iacr.org/2020/,18041,2026-09-20 18:21:09,200,1.000,3.000,13
https://ioburn.com/2019/07/21/lazy-reading-for-2019-07-21/,0,2026-09-20 18:21:09,0,1.000,3.000,9
http://boffosocko.com/about/website-philosophy-structure/,0,2026-09-20 18:21:09,500,1.000,3.000,11
https://crates.io/users/xhochy,0,2026-09-20 18:21:09,404,1.000,3.000,14
http://fantasai.inkedblade.net/contact,2306,2026-09-20 18:21:09,200,1.000,3.000,15
https://codeberg.org/aaronpk,0,2026-09-20 18:21:09,403,1.000,3.000,12
https://floss.social/@igalia,56366,2026-09-20 18:21:09,200,1.000,3.000,12
https://datadoghq.com/,271273,2026-09-20 18:21:09,200,1.000,3.000,15
http://indiewebcamp.com/fragmention,85004,2026-09-20 18:21:09,200,1.000,3.000,11
https://aaronpk.tv/,15635,2026-09-20 18:21:09,200,1.000,3.000,12
https://christiaanconover.com/,150286,2026-09-20 18:21:09,200,1.000,3.000,11
https://discordapp.com/privacy,111687,2026-09-20 18:21:09,200,1.000,3.000,15
https://forschung.ruhr-uni-bochum.de/de/digital-society-information-security,65334,2026-09-20 18:21:10,200,1.000,3.000,13
https://cube-five.de/,146026,2026-09-20 18:21:10,200,1.000,3.000,13
http://foursquare.com/aaronpk,0,2026-09-20 18:21:10,404,1.000,3.000,12
https://caniuse.com/,19137,2026-09-20 18:21:10,200,1.000,3.000,15
https://farcaster.xyz/vrypan,3736,2026-09-20 18:21:10,200,1.000,3.000,12
https://cash.me/$aaronpk,26723,2026-09-20 18:21:10,200,1.000,3.000,12
https://audax.iscte-iul.pt/,88413,2026-09-20 18:21:10,200,1.000,3.000,13
https://crates.io/users/kou,0,2026-09-20 18:21:10,404,1.000,3.000,14
https://iowngf.org/,243662,2026-09-20 18:21:10,200,1.000,3.000,6
https://ipendo.cpaglobal.com/Login.aspx?ReturnUrl=%2fdefault.aspx,3171,2026-09-20 18:21:10,200,1.000,3.000,13
https://indieauth.com/,10609,2026-09-20 18:21:10,200,1.000,3.000,12
https://finki.edupage.org/timetable/,12455,2026-09-20 18:21:10,200,1.000,3.000,13
http://boffosocko.com/2015/07/21/boffosocko-com-now-supports-fragmentions/,0,2026-09-20 18:21:10,500,1.000,3.000,11
https://drafts.css-houdini.org/css-typed-om-1/,1809306,2026-09-20 18:21:10,200,1.000,3.000,15
http://html5up.net/,29579,2026-09-20 18:21:10,200,1.000,3.000,13
https://cast-forum.de/home.html?ts=1596457720239,0,2026-09-20 18:21:10,0,1.000,3.000,13
https://apkclassy.com/,278,2026-09-20 18:21:11,200,1.000,3.000,12
https://isc.sans.edu/diary/MPack+Analysis/3015,37800,2026-09-20 18:21:11,200,1.000,3.000,8
https://fastnetmon.com/product-overview/,579628,2026-09-20 18:21:11,200,1.000,3.000,13
https://isovalent.com/,199139,2026-09-20 18:21:11,200,1.000,3.000,6
https://crates.io/users/kszucs,0,2026-09-20 18:21:11,404,1.000,3.000,14
http://goessner.net/articles/JsonPath/,25229,2026-09-20 18:21:11,200,1.000,3.000,12
https://a11ysupport.io/,403,2026-09-20 18:21:11,200,1.000,3.000,16
https://caniuse.bitsofco.de/,9405,2026-09-20 18:21:11,200,1.000,3.000,16
https://caniwebview.com/,16254,2026-09-20 18:21:11,200,1.000,3.000,16
https://discordstatus.com/,141497,2026-09-20 18:21:11,200,1.000,3.000,16
https://heretorecord.com/consulting,2496,2026-09-20 18:21:11,200,1.000,3.000,13
https://html.spec.whatwg.org/,15594776,2026-09-20 18:21:11,200,1.000,3.000,12
https://ifcncodeofprinciples.poynter.org/profile/pt-kompas-cyber-media,7002,2026-09-20 18:21:11,200,1.000,3.000,12
https://ipmanagementsolution.com/,5333,2026-09-20 18:21:11,200,1.000,3.000,13
http://id-day.org/,1105384,2026-09-20 18:21:11,200,1.000,3.000,13
https://datok.xn--i20byrx5atz2c.info/apkclassy.html,9799,2026-09-20 18:21:11,200,1.000,3.000,12
https://discordmerch.com/evergreenfooter,470220,2026-09-20 18:21:11,200,1.000,3.000,16
https://itnext.io/?source=user_profile_page---------0-------------e3c3ceaf8444------------------------,0,2026-09-20 18:21:11,403,1.000,3.000,12
https://account.kompas.com/login/a29tcGFz/aHR0cHM6Ly93d3cua29tcGFzLmNvbS9qYXdhLWJhcmF0L3JlYWQvMjAyNS8wOS8wNC8xNzIwMDAzODgva29tcG9sLWNvc21hcy1kaXBlY2F0LXRpZGFrLWhvcm1hdC1wZXJuYWgtdGVyc2VyZXQta2FzdXMtcGVueWlyYW1hbg==,39881,2026-09-20 18:21:11,200,1.000,3.000,12
https://ipinfo.io/,253369,2026-09-20 18:21:11,200,1.000,3.000,16
https://indieauth.net/,5211,2026-09-20 18:21:11,200,1.000,3.000,13
https://issues.jboss.org/browse/ARQ,903930,2026-09-20 18:21:11,200,1.000,1.161,6
http://crates.io/,0,2026-09-20 18:21:11,404,1.000,3.000,15
https://dev.w3.org/html5/html-sourcing-inband-tracks/,0,2026-09-20 18:21:11,403,1.000,3.000,13
http://iwanttouse.com/,570382,2026-09-20 18:21:11,200,1.000,3.000,16
http://dobrado.net/,658,2026-09-20 18:21:11,200,1.000,3.000,14
https://front-end.social/@fyrd,55699,2026-09-20 18:21:11,200,1.000,3.000,16
http://gs.statcounter.com/,36277,2026-09-20 18:21:12,200,1.000,3.000,16
https://indielogin.com/api,11640,2026-09-20 18:21:12,200,1.000,3.000,13
https://indiekey.id/,4229,2026-09-20 18:21:12,200,1.000,3.000,13
https://isucon.net/archives/56735884.html,26186,2026-09-20 18:21:12,200,1.000,3.000,10
https://domenic.me/,12562,2026-09-20 18:21:12,200,1.000,3.000,13
https://caniemail.com/,26162,2026-09-20 18:21:12,200,1.000,3.000,16
https://domfarolino.com/,13024,2026-09-20 18:21:12,200,1.000,3.000,13
https://cybermacs.eu/,339049,2026-09-20 18:21:12,200,1.000,3.000,13
https://drafts.fxtf.org/css-masking-1/,326,2026-09-20 18:21:12,200,1.000,3.000,13
https://javascriptforhackers.co.uk/,37726,2026-09-20 18:21:12,200,1.000,3.000,9
http://jbossremoting.jboss.org/,27384,2026-09-20 18:21:12,200,1.000,1.069,5
https://jekyllrb.com/,10393,2026-09-20 18:21:12,200,1.000,3.000,5
https://foolip.org/,1786,2026-09-20 18:21:12,200,1.000,3.000,13
http://isc.sans.org/diary.html?storyid=2991,31287,2026-09-20 18:21:12,200,1.000,3.000,9
https://graphviz.org/doc/info/lang.html,112297,2026-09-20 18:21:12,200,1.000,3.000,13
https://crates.io/,0,2026-09-20 18:21:12,404,1.000,3.000,15
http://jboss.org/jbcra,16638,2026-09-20 18:21:12,200,1.000,1.069,6
https://gmpg.org/xfn/11,5842,2026-09-20 18:21:12,200,1.000,3.000,13
https://about.kauche.com/,36389,2026-09-20 18:21:12,200,1.000,3.000,11
https://gh-pages.glitch.me/,0,2026-09-20 18:21:12,410,1.000,3.000,14
https://ai-2027.com/,1911123,2026-09-20 18:21:12,200,1.000,3.000,14
https://activity.kompas.com/saved,166238,2026-09-20 18:21:12,200,1.000,3.000,12
https://jamesg.blog/2022/10/11/fragmention-links/,30772,2026-09-20 18:21:12,200,1.000,3.000,11
https://daringfireball.net/projects/markdown/,15343,2026-09-20 18:21:12,200,1.000,3.000,6
https://job-boards.greenhouse.io/akuity,23235,2026-09-20 18:21:12,200,1.000,3.000,7
https://jdk.java.net/,4521,2026-09-20 18:21:12,200,1.000,3.000,8
https://jennybryan.org/,2399,2026-09-20 18:21:12,200,1.000,3.000,8
https://example-app.com/pkce,3015,2026-09-20 18:21:12,200,1.000,3.000,14
http://itsy.wordy-rappinghood.net/?p=14,0,2026-09-20 18:21:12,0,1.000,3.000,8
https://jafmate.jp/lifestyle/interviewmygarage_20260917.html?utm_source=encount&utm_medium=referral&utm_campaign=text_link,97549,2026-09-20 18:21:13,200,1.000,3.000,11
https://joinmastodon.org/apps,196424,2026-09-20 18:21:13,200,1.000,3.000,8
https://join.slack.com/t/clusterdOScommunity/shared_invite/zt-3vmd902s2-eVG~Se5tkNHN5PndY9jTdQ,0,2026-09-20 18:21:13,403,1.000,1.893,7
https://go.resend.com/caniemail,410249,2026-09-20 18:21:13,200,1.000,3.000,17
https://j-defense.ikaros.jp/,58570,2026-09-20 18:21:13,200,1.000,1.893,11
http://jetlib.com/news/2011/03/03/timezone-maintainer-retiring/,0,2026-09-20 18:21:13,404,1.000,3.000,9
https://corporate.m3.com/,205518,2026-09-20 18:21:13,200,1.000,3.000,11
https://darioamodei.com/machines-of-loving-grace,137035,2026-09-20 18:21:13,200,1.000,3.000,15
https://dev.java/,23047,2026-09-20 18:21:13,200,1.000,3.000,9
https://jolokia.org/,68787,2026-09-20 18:21:13,200,1.000,3.000,6
https://iwparchives.jp/,22135,2026-09-20 18:21:13,200,1.000,3.000,11
https://iknow.ukim.mk/,8341,2026-09-20 18:21:13,200,1.000,3.000,13
https://academic.oup.com/humupd/advance-article/doi/10.1093/humupd/dmae012/7684172,0,2026-09-20 18:21:13,403,1.000,3.000,16
https://ai-2040.com/,1075630,2026-09-20 18:21:13,200,1.000,3.000,15
https://ai-alignment.com/iterated-distillation-and-amplification-157debfd1616,0,2026-09-20 18:21:13,403,1.000,3.000,15
http://bugreport.java.com/,0,2026-09-20 18:21:13,403,1.000,3.000,9
http://bumppo.net/,49860,2026-09-20 18:21:13,200,1.000,3.000,7
https://ai-futures.org/,13190,2026-09-20 18:21:13,200,1.000,3.000,15
https://jobs.gohire.io/hydra-host-uwnxgabz/,24028,2026-09-20 18:21:13,200,1.000,3.000,8
https://brutaldon.org/,4764,2026-09-20 18:21:13,200,1.000,3.000,9
https://johncolburn.deviantart.com/,0,2026-09-20 18:21:13,404,1.000,3.000,13
https://elk.zone/,23202,2026-09-20 18:21:13,200,1.000,3.000,9
https://blogs.oracle.com/java/post/the-arrival-of-java-25,0,2026-09-20 18:21:13,403,1.000,3.000,7
https://codeberg.org/martianh/mastodon.el,0,2026-09-20 18:21:13,403,1.000,3.000,9
https://buffer.com/,603759,2026-09-20 18:21:13,200,1.000,3.000,9
https://alphafold.ebi.ac.uk/,8360,2026-09-20 18:21:13,200,1.000,3.000,16
https://dithering.fm/,3207,2026-09-20 18:21:13,200,1.000,3.000,7
http://joeclark.org/weblogs/,1355,2026-09-20 18:21:13,200,1.000,3.000,11
https://boffosocko.com/2018/01/23/fragmentions-for-better-highlighting-and-direct-references-the-web/,226017,2026-09-20 18:21:13,200,1.000,3.000,11
https://api.jquery.com/jQuery.ajax/,103015,2026-09-20 18:21:13,200,1.000,3.000,7
https://allpoetry.com/All-Watched-Over-By-Machines-Of-Loving-Grace,561424,2026-09-20 18:21:13,200,1.000,3.000,16
https://blog.aifutures.org/p/scenario-scrutiny-for-ai-policy,185525,2026-09-20 18:21:13,200,1.000,3.000,16
https://centerforhealthsecurity.org/our-work/tabletop-exercises/clade-x-tabletop-exercise,0,2026-09-20 18:21:13,403,1.000,3.000,16
https://job.mynavi.jp/28/pc/search/corp215193/outline.html,140497,2026-09-20 18:21:13,200,1.000,3.000,12
https://apps.kde.org/tokodon/,54080,2026-09-20 18:21:13,200,1.000,3.000,9
https://data.worldbank.org/indicator/NY.GDP.PCAP.CD,1274895,2026-09-20 18:21:13,200,1.000,3.000,16
https://devoxx.be/,69819,2026-09-20 18:21:13,200,1.000,3.000,10
https://bugs.java/,0,2026-09-20 18:21:14,403,1.000,3.000,10
http://fh-dortmund.de/,79586,2026-09-20 18:21:14,200,1.000,3.000,13
https://bob.ippoli.to/archives/2005/12/05/remote-json-jsonp/,9339,2026-09-20 18:21:14,200,1.000,3.000,8
https://docs.osgi.org/specification/osgi.cmpn/8.1.0/service.servlet.html,1223673,2026-09-20 18:21:14,200,1.000,3.000,7
https://jlcpcb.com/JPV,39240,2026-09-20 18:21:14,200,1.000,3.000,12
https://docs.spring.io/spring-boot/docs/3.2.2/reference/html/actuator.html,387113,2026-09-20 18:21:14,200,1.000,3.000,7
http://cubicle17.com/,2073,2026-09-20 18:21:14,200,1.000,3.000,8
https://compdemocracy.org/,50838,2026-09-20 18:21:14,200,1.000,3.000,16
https://docs.oracle.com/en/java/javase/27/docs/api/index.html,31320,2026-09-20 18:21:14,200,1.000,3.000,10
https://api.appoptics.com/v1/measurements,0,2026-09-20 18:21:14,0,1.000,3.000,8
https://distill.pub/2020/circuits/frequency-edges/,1878950,2026-09-20 18:21:14,200,1.000,3.000,16
https://fedica.com/,199748,2026-09-20 18:21:14,200,1.000,3.000,9
https://epoch.ai/publications/chip-smuggling,160262,2026-09-20 18:21:14,200,1.000,3.000,16
https://bugreport.java.com/bugreport/,0,2026-09-20 18:21:14,403,1.000,3.000,11
https://2026.usa.jcon.one/,57895,2026-09-20 18:21:14,200,1.000,3.000,10
https://aifuturesmodel.com/,3330981,2026-09-20 18:21:14,200,1.000,3.000,16
https://fedistar.net/,16256,2026-09-20 18:21:14,200,1.000,3.000,9
https://carlschwan.eu/2023/02/17/tokodon-23.02-release/,0,2026-09-20 18:21:14,404,1.000,3.000,10
https://doc.qt.io/,19157,2026-09-20 18:21:14,200,1.000,3.000,10
http://blog.fawny.org/,73399,2026-09-20 18:21:14,200,1.000,3.000,12
https://ebooks.gramedia.com/?source=kompascom&medium=footer,5794,2026-09-20 18:21:14,200,1.000,3.000,13
https://cset.georgetown.edu/article/bis-2023-update-explainer/,217245,2026-09-20 18:21:14,200,1.000,3.000,17
https://fedscoop.com/openai-anthropic-enter-ai-agreements-with-us-ai-safety-institute/,111838,2026-09-20 18:21:14,200,1.000,3.000,15
https://cla.openjsf.org/,75717,2026-09-20 18:21:14,200,1.000,3.000,8
https://docs.micrometer.io/micrometer/reference/implementations/graphite,39072,2026-09-20 18:21:14,200,1.000,3.000,8
https://contribute.jquery.org/web-sites/,38165,2026-09-20 18:21:14,200,1.000,3.000,8
https://docs.wavefront.com/proxies_installing.html,87034,2026-09-20 18:21:14,200,1.000,3.000,8
https://cybermacs.org/,88743,2026-09-20 18:21:14,200,1.000,3.000,14
https://csvoss.com/,102465,2026-09-20 18:21:14,200,1.000,3.000,17
https://enechain.co.jp/,158855,2026-09-20 18:21:14,200,1.000,3.000,11
https://events.jquery.org/,76883,2026-09-20 18:21:14,200,1.000,3.000,8
https://apryse.com/,339293,2026-09-20 18:21:14,200,1.000,3.000,11
https://cloud.humio.com/,4819,2026-09-20 18:21:15,200,1.000,3.000,8
https://alpha-omega.dev/,210800,2026-09-20 18:21:15,200,1.000,3.000,7
https://appglass.org/,2552,2026-09-20 18:21:15,200,1.000,3.000,11
http://bugs.jqueryui.com/,6484,2026-09-20 18:21:15,200,1.000,3.000,9
https://code-of-conduct.openjsf.org/,321960,2026-09-20 18:21:15,200,1.000,3.000,8
https://foursquare.com/chrisaldrich,0,2026-09-20 18:21:15,404,1.000,3.000,12
https://and-now.co.uk/,80020,2026-09-20 18:21:15,200,1.000,3.000,17
https://docs.dynatrace.com/docs/shortlink/api-authentication,924663,2026-09-20 18:21:15,200,1.000,3.000,8
https://aiscoop.com/,154329,2026-09-20 18:21:15,200,1.000,3.000,16
http://akaptur.com/blog/2017/06/03/two-kinds-of-feedback/,9143,2026-09-20 18:21:15,200,1.000,3.000,18
https://cat.eto.tech/?countries=Afghanistan%2CEgypt%2CArmenia%2CAzerbaijan%2CBahrain%2CBelarus%2CCambodia%2CChina+%28mainland%29%2CCuba%2CNorth+Korea%2CEritrea%2CGeorgia%2CHaiti%2CIraq%2CIran%2CJordan%2CKazakhstan%2CKuwait%2CKyrgyzstan%2CLaos%2CLebanon%2CLibya%2CMoldova%2CMongolia%2CMyanmar%2COman%2CPakistan%2CQatar%2CVenezuela%2CYemen%2CRussia%2CSaudi+Arabia%2CSomalia%2CSouth+Sudan%2CSudan%2CSyria%2CTajikistan%2CTurkmenistan%2CUnited+Arab+Emirates%2CUzbekistan%2CVietnam%2CZimbabwe&countryGroups=&expanded=Summary-metrics%2CCountry-co-authorship,45814,2026-09-20 18:21:15,200,1.000,3.000,18
http://codex.wordpress.org/XML-RPC_Support,0,2026-09-20 18:21:15,403,1.000,3.000,9
https://defensescoop.com/,138773,2026-09-20 18:21:15,200,1.000,3.000,16
https://benchling.com/s/seq-28k9llmwnY475iv7ogwF/edit,132120,2026-09-20 18:21:15,200,1.000,3.000,18
https://cast-forum.de/foerderpreise/foerderpreis_it-sicherheit.html,0,2026-09-20 18:21:15,0,1.000,3.000,13
https://bioinformatics.stackexchange.com/questions/11227/why-does-the-sars-cov2-coronavirus-genome-end-in-aaaaaaaaaaaaaaaaaaaaaaaaaaaaaaa,0,2026-09-20 18:21:15,403,1.000,3.000,18
https://edscoop.com/,139167,2026-09-20 18:21:15,200,1.000,3.000,16
https://cyberscoop.com/qtfy-china-espionage-group-infrastructure-seized/,121491,2026-09-20 18:21:15,200,1.000,3.000,16
http://folding.stanford.edu/,0,2026-09-20 18:21:15,0,1.000,3.000,18
https://carlschwan.eu/2023/01/02/tokodon-23.01-release/,324,2026-09-20 18:21:15,200,1.000,3.000,10
https://app.termly.io/policy-viewer/policy.html?policyUUID=8af041bd-6982-42c0-abd0-9b91bb5a65a5,1583,2026-09-20 18:21:15,200,1.000,3.000,18
https://graphicallinearalgebra.net/,210637,2026-09-20 18:21:15,200,1.000,3.000,18
https://codegolf.stackexchange.com/users/39242/anders-kaseorg,142120,2026-09-20 18:21:15,200,1.000,3.000,18
http://csarven.ca/,10156,2026-09-20 18:21:15,200,1.000,3.000,12
https://defensetalks.upgather.com/,177163,2026-09-20 18:21:15,200,1.000,3.000,17
https://ec.jafservice.co.jp/,115748,2026-09-20 18:21:15,200,1.000,3.000,12
https://aitalks.upgather.com/,159054,2026-09-20 18:21:15,200,1.000,3.000,17
http://dev.executableknowledge.org/,3461,2026-09-20 18:21:15,200,1.000,3.000,18
http://ganglia.sourceforge.net/,0,2026-09-20 18:21:15,403,1.000,3.000,8
https://codeascraft.com/2012/05/22/blameless-postmortems/,0,2026-09-20 18:21:15,403,1.000,3.000,18
https://futurism.com/openai-employees-say-firms-chief-scientist-has-been-making-strange-spiritual-claims,128980,2026-09-20 18:21:15,200,1.000,3.000,15
http://atlas.wolfram.com/01/01/193/,10542,2026-09-20 18:21:15,200,1.000,3.000,18
https://businessethicsblog.com/2010/12/08/business-ethics-and-the-new-york-times-rule/,136743,2026-09-20 18:21:15,200,1.000,3.000,18
http://devsquad.co/,114,2026-09-20 18:21:15,200,1.000,3.000,19
https://area.jaf.or.jp/news/2025/0905,0,2026-09-20 18:21:15,500,1.000,3.000,12
https://eversign.com/,436523,2026-09-20 18:21:15,200,1.000,3.000,12
https://fedtalks.upgather.com/,173515,2026-09-20 18:21:15,200,1.000,3.000,17
http://adanzyegazeteler.com/2017/02/15/australia-post-salary-scandal-highlights-our-nations-growing-wage-inequality/,0,2026-09-20 18:21:15,0,1.000,3.000,19
https://fresh.m3recruit.com/summerjob,136867,2026-09-20 18:21:15,200,1.000,3.000,12
https://graphiteapp.org/,17515,2026-09-20 18:21:15,200,1.000,3.000,8
http://gruntjs.com/,10816,2026-09-20 18:21:15,200,1.000,3.000,9
http://citi.com/,255868,2026-09-20 18:21:15,200,1.000,3.000,8
http://grokcode.com/864/snakefooding-python-code-for-complexity-visualization/,18266,2026-09-20 18:21:15,200,1.000,3.000,18
https://flathub.org/apps/details/org.kde.tokodon,735168,2026-09-20 18:21:15,200,1.000,3.000,10
http://fpl.cs.depaul.edu/ajeffrey/premon/,0,2026-09-20 18:21:16,404,1.000,3.000,19
http://codex.wordpress.org/Child_Themes,0,2026-09-20 18:21:16,403,1.000,3.000,9
http://hackeducation.com/2017/04/26/no-annotations-thanks-bye,9655,2026-09-20 18:21:16,200,1.000,3.000,12
https://csarven.solidcommunity.net/settings/publicTypeIndex.ttl,0,2026-09-20 18:21:16,200,1.000,3.000,13
http://deconstructconf.com/,51851,2026-09-20 18:21:16,200,1.000,3.000,18
https://blogs.scientificamerican.com/roots-of-unity/learn-to-count-like-an-egyptian/,134674,2026-09-20 18:21:16,200,1.000,3.000,18
https://gwern.net/blog/2024/winning-arms-races,46299,2026-09-20 18:21:16,200,1.000,3.000,17
https://defensetechweek.com/,729264,2026-09-20 18:21:16,200,1.000,3.000,17
http://businessethicshighlights.com/,120101,2026-09-20 18:21:16,200,1.000,3.000,19
https://conciseencyclopedia.org/,82103,2026-09-20 18:21:16,200,1.000,3.000,19
https://encharge.io/what-is-b2b-saas/,1081308,2026-09-20 18:21:16,200,1.000,3.000,15
https://academic-integrity.ca/,117135,2026-09-20 18:21:16,200,1.000,3.000,19
http://gravatar.com/kvankam,0,2026-09-20 18:21:16,404,1.000,3.000,19
https://collectd.org/wiki/index.php/Plugin:Write_Graphite,336,2026-09-20 18:21:16,200,1.000,3.000,9
http://del.icio.us/help/json,0,2026-09-20 18:21:16,0,1.000,3.000,9
http://chrismacdonald.ca/,70262,2026-09-20 18:21:16,200,1.000,3.000,19
https://gitter.im/Kappa-Dev?utm_source=share-link&utm_medium=link&utm_campaign=share-link,0,2026-09-20 18:21:16,404,1.000,3.000,19
http://ethics-books.com/,85692,2026-09-20 18:21:16,200,1.000,3.000,19
http://agents.stackoverflow.com/,174601,2026-09-20 18:21:16,200,1.000,3.000,19
https://intelligence.org/,80104,2026-09-20 18:21:16,200,1.000,3.000,15
http://furius.ca/snakefood/,7302,2026-09-20 18:21:16,200,1.000,3.000,19
http://flip.it/ES3MKw,1094564,2026-09-20 18:21:16,200,1.000,3.000,12
https://itextpdf.com/,533397,2026-09-20 18:21:16,200,1.000,3.000,12
http://blog.sflow.com/2012/01/graphite.html,141557,2026-09-20 18:21:16,200,1.000,3.000,9
https://inside.java/,19120,2026-09-20 18:21:16,200,1.000,3.000,10
http://audreywatters.com/,9803,2026-09-20 18:21:16,200,1.000,3.000,13
http://graphite.readthedocs.org/en/latest/,12219,2026-09-20 18:21:16,200,1.000,3.000,9
http://hivelogic.com/,17253,2026-09-20 18:21:17,200,1.000,3.000,7
https://colorlib.com/wp/saas-statistics/,170003,2026-09-20 18:21:17,200,1.000,3.000,16
https://encharge.freshstatus.io/,12204,2026-09-20 18:21:17,200,1.000,3.000,16
http://irc.netsplit.de/channels/details.php?room=%23graphite&net=freenode,0,2026-09-20 18:21:17,404,1.000,3.000,9
https://facultyinfo.unt.edu/faculty-profile?query=Jae+Webb&type=name&profile=jw0597,89673,2026-09-20 18:21:17,200,1.000,3.000,20
http://ethicsandinsurance.info/2016/11/10/soft-skills/,0,2026-09-20 18:21:17,0,1.000,3.000,19
https://ethisphere.com/awards/100-most-influential-in-business-ethics/,0,2026-09-20 18:21:17,404,1.000,3.000,19
http://graphite.wikidot.com/,17515,2026-09-20 18:21:17,200,1.000,3.000,10
http://biotechethicsblog.com/,119223,2026-09-20 18:21:17,200,1.000,3.000,20
https://jaewebb.foliotek.me/introduction,0,2026-09-20 18:21:17,0,1.000,3.000,21
http://ethicsweb.ca/aboutchris.html,7443,2026-09-20 18:21:17,200,1.000,3.000,20
https://herp.careers/v1/enechain,196915,2026-09-20 18:21:17,200,1.000,3.000,12
http://food-ethics.com/,112687,2026-09-20 18:21:17,200,1.000,3.000,20
https://ifanyonebuildsit.com/?ref=iojune,48170,2026-09-20 18:21:17,200,1.000,3.000,16
https://alistapart.com/article/betterrotator/,78853,2026-09-20 18:21:17,200,1.000,3.000,8
http://host-sflow.sourceforge.net/,0,2026-09-20 18:21:17,403,1.000,3.000,10
https://encharge.gumroad.com/l/zqayj,22839,2026-09-20 18:21:17,200,1.000,3.000,16
https://breezemail.ai/,24229,2026-09-20 18:21:17,200,1.000,3.000,16
https://5by5.tv/,3410,2026-09-20 18:21:17,200,1.000,3.000,8
https://ethicscentre.ca/,50515,2026-09-20 18:21:17,200,1.000,3.000,20
https://baconmethod.com/,11204,2026-09-20 18:21:17,200,1.000,3.000,8
http://businessethicsjournalreview.com/students-guide-to-writing-critical-essays-in-business-ethics/,109556,2026-09-20 18:21:18,200,1.000,3.000,20
https://hoken.jaf.or.jp/?utm_campaign=jmo&utm_source=info&utm_medium=link,41445,2026-09-20 18:21:18,200,1.000,3.000,12
http://gravatar.com/appl3seed,58224,2026-09-20 18:21:18,200,1.000,3.000,19
https://fireside.fm/,48032,2026-09-20 18:21:18,200,1.000,3.000,8
http://ethisphere.com/2011s-100-most-influential-people-in-business-ethics/,0,2026-09-20 18:21:18,404,1.000,3.000,21
https://dlc.fireside.fm/,29230,2026-09-20 18:21:18,200,1.000,3.000,9
https://businessethicsjournalreview.ca/2026/05/29/v13n3-scholz-seele-and-beschorner-on-corporate-responsibility-during-war/,112939,2026-09-20 18:21:18,200,1.000,3.000,21
https://hypercritical.fireside.fm/,19975,2026-09-20 18:21:18,200,1.000,3.000,9
https://data443.com/privacy-policy/,192550,2026-09-20 18:21:18,200,1.000,3.000,17
http://bryanmmathers.com/,142751,2026-09-20 18:21:18,200,1.000,3.000,14
https://encharge.noorahq.com/feature-requests,86942,2026-09-20 18:21:18,200,1.000,3.000,16
http://blog.oup.com/2015/06/food-systems-need-real-ethics/,82553,2026-09-20 18:21:18,200,1.000,3.000,21
http://ethicsofcam.org/,96129,2026-09-20 18:21:18,200,1.000,3.000,21
https://appomni.com/,357854,2026-09-20 18:21:18,200,1.000,3.000,17
https://jaf-training.jp/,106176,2026-09-20 18:21:18,200,1.000,3.000,12
https://colorlibsupport.com/,233222,2026-09-20 18:21:18,200,1.000,3.000,17
http://bas.sagepub.com/,0,2026-09-20 18:21:18,403,1.000,3.000,21
http://abookapart.com/,41896,2026-09-20 18:21:18,200,1.000,3.000,9
http://danbenjamin.com/,17253,2026-09-20 18:21:18,200,1.000,3.000,9
https://javascriptlandia.com/,123258,2026-09-20 18:21:18,200,1.000,3.000,9
https://fivethirtyeight.com/features/how-msg-got-a-bad-rap-flawed-science-and-xenophobia/,305427,2026-09-20 18:21:18,200,1.000,3.000,21
http://ethicsforadversaries.com/,490708,2026-09-20 18:21:18,200,1.000,3.000,21
https://add.my.yahoo.com/content?url=https%3A%2F%2Fblog.sflow.com%2Ffeeds%2Fposts%2Fdefault,758182,2026-09-20 18:21:18,200,1.000,3.000,10
http://ethicsjournals.com/,67516,2026-09-20 18:21:18,200,1.000,3.000,21
http://iatp.typepad.com/thinkforward/,0,2026-09-20 18:21:18,403,1.000,3.000,21
https://jakarta.ee/specifications/servlet/6.1/jakarta-servlet-spec-6.1,933007,2026-09-20 18:21:19,200,1.000,3.000,7
https://garrettdimon.com/,34200,2026-09-20 18:21:19,200,1.000,3.000,9
https://johncolburn.deviantart.com/art/Blue-Robot-Player-Sprite-323813997,0,2026-09-20 18:21:19,404,1.000,3.000,13
https://jaf.or.jp/common/news/2026/20260921,0,2026-09-20 18:21:19,0,1.000,3.000,12
https://jooble.org/jobs-remote/Germany,0,2026-09-20 18:21:19,403,1.000,3.000,16
https://bluetree.ai/saas-statistics/,1863866,2026-09-20 18:21:19,200,1.000,3.000,16
http://aneventapart.com/,74350,2026-09-20 18:21:19,200,1.000,3.000,9
https://abcnews.com/Health,313348,2026-09-20 18:21:19,200,1.000,3.000,22
http://corkd.com/,17748,2026-09-20 18:21:19,200,1.000,3.000,9
https://journalreviewfoundation.org/,59261,2026-09-20 18:21:19,200,1.000,3.000,20
https://herp.co.jp/privacypolicy,18243,2026-09-20 18:21:19,200,1.000,3.000,13
https://jonkeane.com/,9053,2026-09-20 18:21:19,200,1.000,3.000,12
https://jafnavi.jp/,41781,2026-09-20 18:21:19,200,1.000,3.000,12
http://econjwatch.org/,18679,2026-09-20 18:21:19,200,1.000,3.000,21
https://clutch.co/profile/blue-tree,0,2026-09-20 18:21:19,403,1.000,3.000,17
http://books.simonandschuster.com/The-Cynic/Alec-MacGillis/9781501112034,0,2026-09-20 18:21:19,0,1.000,3.000,22
http://abc.com/,2086789,2026-09-20 18:21:19,200,1.000,3.000,22
http://dukechronicle.com/article/dsg-presidential-candidates-debate-issues,0,2026-09-20 18:21:19,400,1.000,3.000,22
http://abizadeh.wix.com/arash,0,2026-09-20 18:21:19,404,1.000,3.000,22
https://jobs.untsystem.edu/,118149,2026-09-20 18:21:19,200,1.000,3.000,21
http://jonudell.wordpress.com/,292867,2026-09-20 18:21:19,200,1.000,1.893,9
https://backtowork.fireside.fm/,20416,2026-09-20 18:21:20,200,1.000,3.000,9
http://jonathancreamer.com/document-es6-with-esdoc/,33654,2026-09-20 18:21:20,200,1.000,3.000,7
https://blog.flippercloud.io/per-seat-pricing-sucks/,26530,2026-09-20 18:21:20,200,1.000,3.000,10
https://iwe.unisg.ch/en/research/research/research-area-economy-culture-ethics/,153031,2026-09-20 18:21:20,200,1.000,3.000,22
https://jonthebeach.com/,153317,2026-09-20 18:21:20,200,1.000,3.000,10
http://247sports.com/Bolt/SEC-commissioner-Greg-Sankey-responds-to-Jim-Harbaugh-43634439,330436,2026-09-20 18:21:20,200,1.000,3.000,22
http://abcnewsstore.com/,3974,2026-09-20 18:21:20,200,1.000,3.000,22
http://espn.go.com/college-football/story/_/id/15162704/ncaa-bans-satellite-camps-effective-immediately,0,2026-09-20 18:21:20,202,1.000,3.000,22
http://deadspin.com/bill-self-calls-out-his-player-for-dick-move-a-dunk-1757049897,335994,2026-09-20 18:21:20,200,1.000,3.000,22
http://constitutioncenter.org/interactive-constitution/articles/article-ii,105951,2026-09-20 18:21:20,200,1.000,3.000,22
https://disneynow.com/,543558,2026-09-20 18:21:20,200,1.000,3.000,23
https://fxnow.fxnetworks.com/,843976,2026-09-20 18:21:20,200,1.000,3.000,23
https://hochschulallianz.ruhr/,0,2026-09-20 18:21:20,0,1.000,3.000,14
https://bsquarebulletin.com/calendar-test/,25182,2026-09-20 18:21:20,200,1.000,3.000,10
http://blog.practicalethics.ox.ac.uk/2015/07/guest-post-real-change-in-food-systems-needs-real-ethics/,141900,2026-09-20 18:21:20,200,1.000,3.000,22
http://bleacherreport.com/articles/2619341-alabama-football-program-made-nearly-465-million-in-2015-details-reaction,1783831,2026-09-20 18:21:20,200,1.000,3.000,22
https://demo.coressh.com/,467,2026-09-20 18:21:20,200,1.000,3.000,10
http://disneytermsofuse.com/,58582,2026-09-20 18:21:21,200,1.000,3.000,22
https://aipressroom.com/,119961,2026-09-20 18:21:21,200,1.000,3.000,11
https://berlincodeofconduct.org/,213567,2026-09-20 18:21:21,200,1.000,3.000,11
http://espn.go.com/video/clip?id=14714131,0,2026-09-20 18:21:21,202,1.000,3.000,22
https://betssongroup.com/,0,2026-09-20 18:21:21,403,1.000,3.000,11
https://demo.xmlui.org/,1007,2026-09-20 18:21:21,200,1.000,3.000,10
https://cdata.com/,357298,2026-09-20 18:21:21,200,1.000,3.000,10
https://docs.xmlui.org/components/Column,0,2026-09-20 18:21:21,404,1.000,3.000,10
http://bleedingheartlibertarians.com/,91633,2026-09-20 18:21:21,200,1.000,3.000,22
https://flippercloud.io/,36321,2026-09-20 18:21:21,200,1.000,3.000,10
https://hoken-jaf.dp.tmn-agent.com/,39862,2026-09-20 18:21:21,200,1.000,3.000,13
https://2020.europe.foss4g.org/,0,2026-09-20 18:21:21,0,1.000,3.000,12
https://expotobi.com/,0,2026-09-20 18:21:21,403,1.000,3.000,11
https://cbssports.com/,785686,2026-09-20 18:21:21,200,1.000,3.000,23
https://cyclexo.com/,10027,2026-09-20 18:21:21,200,1.000,3.000,22
https://dev.eclipse.org/mailman/listinfo/servlet-dev,44356,2026-09-20 18:21:21,200,1.000,3.000,8
http://chronicle.com/article/The-Free-Speech-Fallacy/235520,379430,2026-09-20 18:21:21,200,1.000,3.000,22
https://devitjobs.uk/jobs/all/remote,4671,2026-09-20 18:21:21,200,1.000,3.000,11
http://journals.cambridge.org/action/displayJournal?jid=BEQ,741603,2026-09-20 18:21:21,200,1.000,3.000,21
https://adef.xyz/,22198,2026-09-20 18:21:21,200,1.000,3.000,12
https://angular-heidelberg.de/,3191,2026-09-20 18:21:21,200,1.000,3.000,12
https://clojureday.in.ua/,0,2026-09-20 18:21:21,0,1.000,3.000,12
https://datafloq.com/,241305,2026-09-20 18:21:21,200,1.000,3.000,11
http://berlin.sciencehackday.org/,51236,2026-09-20 18:21:21,200,1.000,3.000,12
https://bluetree.digital/video-interviews/,1838542,2026-09-20 18:21:21,200,1.000,3.000,17
https://disneyprivacycenter.com/kids-privacy-policy/english/,85901,2026-09-20 18:21:21,200,1.000,3.000,22
http://cjonline.com/sports/catzone/2016-02-03/bill-self-apologizes-k-state-program-following-classless-act,0,2026-09-20 18:21:21,404,1.000,3.000,23
https://aaeblog.com/,94477,2026-09-20 18:21:22,200,1.000,3.000,23
https://bloomdocs.org/,137291,2026-09-20 18:21:22,200,1.000,3.000,11
http://cppedinburgh.uk/,30440,2026-09-20 18:21:22,200,1.000,3.000,12
https://astoundingteam.com/2012/11/13/steve-horwitz-on-libertarianism-of-the-left-and-left-libertarianism/,81517,2026-09-20 18:21:22,200,1.000,3.000,23
https://bsidesnewcastle.org/,13192,2026-09-20 18:21:22,200,1.000,3.000,12
https://dber.org/,114,2026-09-20 18:21:22,200,1.000,3.000,12
https://consumer.ftc.gov/articles/protecting-your-childs-privacy-online,488627,2026-09-20 18:21:22,200,1.000,3.000,23
http://codingamigos.com/,0,2026-09-20 18:21:22,521,1.000,3.000,12
https://bigevent.io/events/category/tech/,599599,2026-09-20 18:21:22,200,1.000,3.000,11
https://allconfsbot.website/,1257288,2026-09-20 18:21:22,200,1.000,3.000,11
http://blog.lewrockwell.com/,0,2026-09-20 18:21:22,0,1.000,3.000,24
http://alina_stefanescu.typepad.com/,0,2026-09-20 18:21:22,403,1.000,3.000,24
http://agorism.info/a3/start,0,2026-09-20 18:21:22,403,1.000,3.000,24
https://adsales.wbd.com/,3478,2026-09-20 18:21:22,200,1.000,3.000,23
http://codedive.pl/,554,2026-09-20 18:21:22,200,1.000,3.000,12
https://c4ss.org/,30502,2026-09-20 18:21:23,200,1.000,3.000,23
http://botshub.org/,102626,2026-09-20 18:21:23,200,1.000,3.000,12
https://bee-scala.org/,0,2026-09-20 18:21:23,403,1.000,3.000,12
http://aynrandstudies.com/,66408,2026-09-20 18:21:23,200,1.000,3.000,24
http://aracreate.com/,176039,2026-09-20 18:21:23,200,1.000,3.000,13
http://azure-hannover.de/,58636,2026-09-20 18:21:23,200,1.000,3.000,12
http://all-left.net/,32564,2026-09-20 18:21:23,200,1.000,3.000,24
https://cryptonews.it/,275905,2026-09-20 18:21:23,200,1.000,3.000,11
https://codelabsacademy.com/,207825,2026-09-20 18:21:23,200,1.000,3.000,12
http://anarchistcafe.org/,177,2026-09-20 18:21:23,200,1.000,3.000,24
https://dc-nordoberpfalz.de/,10327,2026-09-20 18:21:23,200,1.000,3.000,12
https://dotfmp.berlin/,7830,2026-09-20 18:21:23,200,1.000,3.000,12
http://alliance.rationalreview.com/,0,2026-09-20 18:21:23,0,1.000,3.000,25
https://businessreviewamerica.com/socialists-claim-public-libraries-are-examples-of-their-policies-dont-believe-them/,0,2026-09-20 18:21:23,509,1.000,3.000,23
https://codeberg.org/n8chz?tab=repositories,0,2026-09-20 18:21:23,403,1.000,3.000,24
https://berlinbuzzwords.de/,233109,2026-09-20 18:21:23,200,1.000,3.000,12
https://asiatechxsg.com/,894843,2026-09-20 18:21:23,200,1.000,3.000,12
http://anarchoblogs.org/,144470,2026-09-20 18:21:23,200,1.000,3.000,24
http://agorism.info/,0,2026-09-20 18:21:23,403,1.000,3.000,25
http://blog.mises.org/,0,2026-09-20 18:21:23,403,1.000,3.000,24
http://aaeblog.net/,10701,2026-09-20 18:21:23,200,1.000,3.000,25
https://codegenerator.to/,114,2026-09-20 18:21:23,200,1.000,3.000,13
http://berlin.flink-forward.org/,136452,2026-09-20 18:21:23,200,1.000,3.000,12
http://fair.org/extra/spinning-the-surge/,0,2026-09-20 18:21:23,0,1.000,3.000,22
http://alliancejournal.tumblr.com/,0,2026-09-20 18:21:23,404,1.000,3.000,25
https://deck.aracreate.group/,1289,2026-09-20 18:21:23,200,1.000,3.000,14
http://espn.go.com/college-football/story/_/id/13098573/jim-harbaugh-michigan-wolverines-says-satellite-camps-ok-my-america,0,2026-09-20 18:21:23,202,1.000,3.000,22
http://blog.6thdensity.net/,3399,2026-09-20 18:21:23,200,1.000,3.000,24
https://emerceeday.nl/,69952,2026-09-20 18:21:24,200,1.000,3.000,12
http://charleswjohnson.name/essays/women-and-the-invisible-fist/rpa-2010,0,2026-09-20 18:21:24,200,1.000,3.000,25
https://cambrian.social/profile/lori,0,2026-09-20 18:21:24,404,1.000,3.000,24
http://c4ss.tumblr.com/,102679,2026-09-20 18:21:24,200,1.000,3.000,24
https://aiven.io/,308522,2026-09-20 18:21:24,200,1.000,3.000,13
https://aracreate.group/archive/services-old-2,0,2026-09-20 18:21:24,401,1.000,3.000,14
http://espn.go.com/mens-college-basketball/player/_/id/67432/brannen-greene,0,2026-09-20 18:21:24,202,1.000,3.000,22
https://aipoweredsearch.com/,449638,2026-09-20 18:21:24,200,1.000,3.000,13
https://exercism.org/profiles/frequenter/solutions,0,2026-09-20 18:21:24,403,1.000,3.000,24
http://emacs-berlin.org/,7433,2026-09-20 18:21:24,200,1.000,3.000,12
http://elixir.berlin/,3354,2026-09-20 18:21:24,200,1.000,3.000,12
https://edge.org/conversation/steven_pinker-preface-to-dangerous-ideas,66316,2026-09-20 18:21:24,200,1.000,3.000,23
http://eyeofthestorm.blogs.com/,0,2026-09-20 18:21:24,403,1.000,3.000,25
https://everlandplay.info/,0,2026-09-20 18:21:24,0,1.000,3.000,13
https://enusec.org/,57032,2026-09-20 18:21:24,200,1.000,3.000,12
https://dublintechsummit.tech/,0,2026-09-20 18:21:25,403,1.000,3.000,12
https://bbb.emacsverse.org/rooms/emacs-berlin/join/,691,2026-09-20 18:21:25,200,1.000,3.000,13
http://espn.go.com/blog/collegebasketballnation/post/_/id/111032/late-game-etiquette-rules-in-college-basketball,0,2026-09-20 18:21:25,202,1.000,3.000,22
https://barcamphannover.de/,222888,2026-09-20 18:21:25,200,1.000,3.000,12
http://fee.org/articles/in-brief/the-goal-is-freedom-where-free-market-economists-go-wrong,0,2026-09-20 18:21:25,404,1.000,3.000,25
https://appmanagevent.com/,96694,2026-09-20 18:21:25,200,1.000,3.000,12
http://classic-web.archive.org/web/20071121111755/http://upaya.blogspot.com/2007/03/exploitation.html,0,2026-09-20 18:21:25,429,1.000,3.000,25
https://aibc.world/,1256675,2026-09-20 18:21:25,200,1.000,3.000,12
http://dallas.libertarianleft.org/,0,2026-09-20 18:21:25,403,1.000,3.000,25
http://ferienvillaversteigerung.de/,177660,2026-09-20 18:21:25,200,1.000,3.000,13
https://diode.zone/c/emacs_berlin_talks/videos,0,2026-09-20 18:21:25,503,1.000,3.000,13
https://dev-play.ro/,238123,2026-09-20 18:21:25,200,1.000,3.000,12
http://distro.libertarianleft.org/,0,2026-09-20 18:21:25,403,1.000,3.000,25
https://akkreditierungsrat.ch/en/accreditation/,93325,2026-09-20 18:21:25,200,1.000,3.000,23
https://finanza.repubblica.it/mobile/News/2026/08/18/il_mercato_crypto_italiano_tra_diffusione_e_regolamento_mica-87/,112962,2026-09-20 18:21:25,200,1.000,3.000,12
http://eurucamp.org/,0,2026-09-20 18:21:25,0,1.000,3.000,12
http://dssg-berlin.org/,639059,2026-09-20 18:21:25,200,1.000,3.000,12
https://framna.com/,232464,2026-09-20 18:21:25,200,1.000,3.000,13
http://bradspangler.com/blog/archives/511,22834,2026-09-20 18:21:25,200,1.000,3.000,25
http://e.weibo.com/oupacademic,9546,2026-09-20 18:21:25,200,1.000,3.000,22
https://c-base.org/impressum,4315,2026-09-20 18:21:25,200,1.000,3.000,13
http://freemania1.com/,0,2026-09-20 18:21:26,444,1.000,3.000,25
https://filterclub.hu/,24134,2026-09-20 18:21:26,200,1.000,3.000,12
https://frasersherman.com/2026/09/10/undead-sexist-cliche-women-are-sheeple/,122724,2026-09-20 18:21:26,200,1.000,3.000,23
https://fizjocoach.pl/,179129,2026-09-20 18:21:26,200,1.000,3.000,13
https://ame26.yellenge.nl/,21342,2026-09-20 18:21:26,200,1.000,3.000,13
http://euruko2016.org/,20736,2026-09-20 18:21:26,200,1.000,3.000,12
http://euruko2017.org/,17146,2026-09-20 18:21:26,200,1.000,3.000,12
https://f9.do/,157001,2026-09-20 18:21:26,200,1.000,3.000,13
https://africafintechnetwork.com/,320785,2026-09-20 18:21:26,200,1.000,3.000,13
https://anpc.ro/,0,2026-09-20 18:21:26,503,1.000,3.000,13
https://bontouch.com/?hsLang=en,232464,2026-09-20 18:21:26,200,1.000,3.000,14
https://d24m60q82dzu8y.cloudfront.net/launcher/index.html?casinoid=1135&clienttype=mobile&currencycode=IDR&gameid=hsg_hsg_1084&playmode=demo,305,2026-09-20 18:21:26,200,1.000,3.000,13
https://blokotech.com/padel-tour/rome,169086,2026-09-20 18:21:27,200,1.000,3.000,13
https://blockchaingamealliance.net/,191176,2026-09-20 18:21:27,200,1.000,3.000,13
http://espn.go.com/mens-college-basketball/story/_/id/14712877/bill-self-rips-kansas-jayhawks-guard-brannen-greene-last-second-dunk-rout,0,2026-09-20 18:21:27,202,1.000,3.000,22
https://foss-backstage.de/,282167,2026-09-20 18:21:27,200,1.000,3.000,12
https://gamedevjs.com/,105401,2026-09-20 18:21:27,200,1.000,3.000,11
https://aaq.ch/en/,57025,2026-09-20 18:21:27,200,1.000,3.000,24
https://devowl.io/de/wordpress-real-cookie-banner/,802165,2026-09-20 18:21:27,200,1.000,3.000,14
https://chaos.social/@cbase,44781,2026-09-20 18:21:27,200,1.000,3.000,14
http://fare.tunes.org/liberty/microsoft_monopoly.html,116519,2026-09-20 18:21:27,200,1.000,3.000,25
https://ambengine.com/,78408,2026-09-20 18:21:27,200,1.000,3.000,13
https://buhmann.de/,311503,2026-09-20 18:21:27,200,1.000,3.000,13
https://enjapon.info/,0,2026-09-20 18:21:27,0,1.000,3.000,14
https://apesoft.org/,224499,2026-09-20 18:21:27,200,1.000,3.000,13
https://anpc.ro/ce-este-sal/,0,2026-09-20 18:21:27,503,1.000,3.000,13
http://espn.go.com/college-football/team/_/id/130/michigan-wolverines,0,2026-09-20 18:21:27,202,1.000,3.000,22
https://deliveroo.co.uk/,217660,2026-09-20 18:21:27,200,1.000,3.000,13
http://bostontea.us/,709698,2026-09-20 18:21:27,200,1.000,3.000,24
http://creaeducazione.com/,46850,2026-09-20 18:21:27,200,1.000,3.000,14
https://dam-api.bfs.admin.ch/hub/api/dam/assets/21785400/master,0,2026-09-20 18:21:27,200,1.000,3.000,24
https://26.foss-backstage.design/,264081,2026-09-20 18:21:28,200,1.000,3.000,13
https://ahpgs.de/en/welcome-to-the-ahpgs/,0,2026-09-20 18:21:28,404,1.000,3.000,24
http://acealliance.com/events/horizon-and-speed-rome,971303,2026-09-20 18:21:28,200,1.000,3.000,13
https://cafsummit.com/register/,105026,2026-09-20 18:21:28,200,1.000,3.000,14
https://elpais.com/,410852,2026-09-20 18:21:28,200,1.000,3.000,13
https://de.wordpress.org/plugins/real-cookie-banner/,213591,2026-09-20 18:21:28,200,1.000,3.000,15
http://euruko2015.org/,80249,2026-09-20 18:21:28,200,1.000,3.000,12
https://blackmoondev.com/,51978,2026-09-20 18:21:28,200,1.000,3.000,12
http://dadaschau.de/,0,2026-09-20 18:21:28,0,1.000,3.000,13
https://emanueleferonato.com/,87170,2026-09-20 18:21:28,200,1.000,3.000,12
https://deliveroo.engineering/,20198,2026-09-20 18:21:28,200,1.000,3.000,14
https://arstanmedica.pl/,195015,2026-09-20 18:21:28,200,1.000,3.000,14
http://blockchainitalia.io/,190435,2026-09-20 18:21:28,200,1.000,3.000,13
https://blockchaincenter.ae/,212258,2026-09-20 18:21:28,200,1.000,3.000,13
https://asiafintech.org/,509930,2026-09-20 18:21:28,200,1.000,3.000,13
https://developers.deliveroo.com/,38121,2026-09-20 18:21:28,200,1.000,3.000,14
https://bbpress.org/,50405,2026-09-20 18:21:28,200,1.000,3.000,16
https://blackmoondevgames.com/privacy-policy.html,114,2026-09-20 18:21:28,200,1.000,3.000,13
https://deliveroo.design/,587812,2026-09-20 18:21:29,200,1.000,3.000,14
https://buddypress.org/,79369,2026-09-20 18:21:29,200,1.000,3.000,16
https://blog.aftermarket.pl/,19858,2026-09-20 18:21:29,200,1.000,3.000,15
http://catb.org/~esr/writings/libgates.html,0,2026-09-20 18:21:29,0,1.000,3.000,26
https://afthemes.com/products/covernews/,443609,2026-09-20 18:21:29,200,1.000,3.000,13
https://dutchblockchainweek.com/,410571,2026-09-20 18:21:29,200,1.000,3.000,13
https://funfair.ventures/,576232,2026-09-20 18:21:29,200,1.000,3.000,14
https://enclavegames.com/,12091,2026-09-20 18:21:29,200,1.000,3.000,12
https://gamedevjsweekly.com/,29041,2026-09-20 18:21:29,200,1.000,3.000,12
https://bscscan.com/token/0xd454711af304279873f305B2051a9655067D6B3e,0,2026-09-20 18:21:29,403,1.000,3.000,14
https://as.com/meristation/cine/reportajes/todas-las-peliculas-de-ridley-scott-y-donde-verlas-f202609-n/,236442,2026-09-20 18:21:29,200,1.000,3.000,14
https://end3r.com/,11275,2026-09-20 18:21:29,200,1.000,3.000,12
https://gamedevjs.pl/,37683,2026-09-20 18:21:29,200,1.000,3.000,12
https://aades.academy/,302983,2026-09-20 18:21:29,200,1.000,3.000,14
https://digital-invest-germany.de/,277153,2026-09-20 18:21:29,200,1.000,3.000,13
https://codex.buddypress.org/,62281,2026-09-20 18:21:29,200,1.000,3.000,17
https://blockchain.imq.it/,3014,2026-09-20 18:21:29,200,1.000,3.000,14
https://brava.finance/,25108,2026-09-20 18:21:29,200,1.000,3.000,15
https://euruko2017.yapsody.com/event/book/95176/395926,393160,2026-09-20 18:21:29,200,1.000,3.000,13
https://collectorcrypt.com/,25896,2026-09-20 18:21:29,200,1.000,3.000,15
https://aulice.us.com/tai-app-vsbet/,685401,2026-09-20 18:21:29,200,1.000,3.000,25
https://blackblock.io/,299311,2026-09-20 18:21:29,200,1.000,3.000,15
https://brandnova.me/,17799,2026-09-20 18:21:29,200,1.000,3.000,14
https://blockspare.com/,346532,2026-09-20 18:21:30,200,1.000,3.000,14
https://deliveroo-packaging.com/,616608,2026-09-20 18:21:30,200,1.000,3.000,15
https://arptc.gouv.cd/,337562,2026-09-20 18:21:30,200,1.000,3.000,13
https://catalysis.network/,700592,2026-09-20 18:21:30,200,1.000,3.000,15
https://cadenaser.com/nacional/2026/09/17/una-experta-explica-los-beneficios-de-los-pimientos-de-cristal-no-tienen-nada-negativo-cadena-ser/?afl=elpais,221532,2026-09-20 18:21:30,200,1.000,3.000,14
http://bastiat.org/,9129,2026-09-20 18:21:30,200,1.000,3.000,26
https://elespare.com/pricing/,0,2026-09-20 18:21:30,0,1.000,3.000,14
https://dented-century-cde.notion.site/23a9a2dd006380fca762f40468820d04?pvs=105,20034,2026-09-20 18:21:30,200,1.000,3.000,14
https://cvex.xyz/,53844,2026-09-20 18:21:30,200,1.000,3.000,15
https://deai.ink/about,27664,2026-09-20 18:21:30,200,1.000,3.000,15
https://contentedmedia.com/,90247,2026-09-20 18:21:30,200,1.000,3.000,15
https://folks.finance/,285173,2026-09-20 18:21:30,200,1.000,3.000,14
https://entravel.com/,1481,2026-09-20 18:21:30,200,1.000,3.000,15
https://gdpr-text.com/de/read/article-8/,837723,2026-09-20 18:21:30,200,1.000,3.000,15
https://cork.technology/,220205,2026-09-20 18:21:30,200,1.000,3.000,15
https://black-block.notion.site/Lead-Designer-Full-Time-15145397491e8087b13bda8e1d1c2578,20034,2026-09-20 18:21:30,200,1.000,3.000,16
https://childthemewp.com/,0,2026-09-20 18:21:30,0,1.000,3.000,16
https://etherfuse.com/,161235,2026-09-20 18:21:30,200,1.000,3.000,15
https://beezie.com/,290527,2026-09-20 18:21:30,200,1.000,3.000,15
http://geolib.pair.com/,0,2026-09-20 18:21:30,0,1.000,3.000,25
https://caracol.com.co/,474697,2026-09-20 18:21:30,200,1.000,3.000,15
https://dbw.nomadz.xyz/,31932,2026-09-20 18:21:31,200,1.000,3.000,14
https://excelraport.pl/,220573,2026-09-20 18:21:31,200,1.000,3.000,14
https://generatepress.com/,140008,2026-09-20 18:21:31,200,1.000,3.000,15
https://elespare.com/,0,2026-09-20 18:21:31,0,1.000,3.000,14
http://app.fareplay.io/,964,2026-09-20 18:21:31,200,1.000,3.000,15
https://dev-arptc.com/organisation/,0,2026-09-20 18:21:31,404,1.000,3.000,14
https://damex.io/,116676,2026-09-20 18:21:31,200,1.000,3.000,15
https://app.contentedworld.com/briefs?utm_source=dropdown&utm_medium=brands,6337,2026-09-20 18:21:31,200,1.000,3.000,16
https://finweek.my/,0,2026-09-20 18:21:31,0,1.000,3.000,13
https://contentedworld.com/terms-and-privacy/,80361,2026-09-20 18:21:31,200,1.000,3.000,16
http://gene-callahan.org/blog,0,2026-09-20 18:21:31,404,1.000,3.000,24
https://chain.link/,417465,2026-09-20 18:21:31,200,1.000,3.000,15
https://esa-edu.com/,177429,2026-09-20 18:21:31,200,1.000,3.000,14
https://fintechph.org/,376578,2026-09-20 18:21:31,200,1.000,3.000,14
http://fare.livejournal.com/32611.html,795969,2026-09-20 18:21:31,200,1.000,3.000,26
https://astroline.today/en-us/birth-chart,132743,2026-09-20 18:21:31,200,1.000,3.000,15
https://designsystemagencies.com/,78242,2026-09-20 18:21:31,200,1.000,3.000,15
https://appuxagencies.com/,72345,2026-09-20 18:21:31,200,1.000,3.000,15
https://global.com/nl/,92885,2026-09-20 18:21:31,200,1.000,3.000,13
https://data-privacy-office.eu/,393535,2026-09-20 18:21:31,200,1.000,3.000,16
https://girlsjs.pl/,4837,2026-09-20 18:21:31,200,1.000,3.000,12
https://folksrouter.io/,93922,2026-09-20 18:21:31,200,1.000,3.000,15
https://docs.cork.tech/,437578,2026-09-20 18:21:31,200,1.000,3.000,16
https://docsend.com/view/apwfndk7p7k63wwd,41346,2026-09-20 18:21:31,200,1.000,3.000,15
https://app.ethos.network/profile/x/NOMADZxyz,363205,2026-09-20 18:21:32,200,1.000,3.000,15
https://btipayments.ph/,0,2026-09-20 18:21:32,0,1.000,3.000,15
https://globalfintechalliance.com/,55743,2026-09-20 18:21:32,200,1.000,3.000,13
https://hackthurs.day/,4562,2026-09-20 18:21:32,200,1.000,3.000,12
https://demo-themewinter.com/exhibz/pricing-table/,92967,2026-09-20 18:21:32,200,1.000,3.000,14
https://bnl.it/it,0,2026-09-20 18:21:32,0,1.000,3.000,14
https://clay.global/,247481,2026-09-20 18:21:32,200,1.000,3.000,16
https://dragoniacasino-fr.info/,131399,2026-09-20 18:21:32,200,1.000,3.000,15
https://appgallery.huawei.com/,2867,2026-09-20 18:21:32,200,1.000,3.000,27
https://glowing-force-2df.notion.site/Catalysis-a68f0b2f34bc82d3905981e37be36063,20033,2026-09-20 18:21:32,200,1.000,1.500,16
https://gowithwp.com/,137099,2026-09-20 18:21:32,200,1.000,3.000,14
https://africafintechfestival.org/,447541,2026-09-20 18:21:32,200,1.000,3.000,14
https://bukupay.ph/,143234,2026-09-20 18:21:32,200,1.000,3.000,15
https://bigmedium.com/,132919,2026-09-20 18:21:32,200,1.000,3.000,16
https://chn.lk/3txKAdQ,235419,2026-09-20 18:21:32,200,1.000,3.000,16
https://digitalassetsassociation.org/,30893,2026-09-20 18:21:32,200,1.000,3.000,14
https://dev-arptc.com/presentation/,0,2026-09-20 18:21:32,404,1.000,3.000,14
https://hamburgcodingschool.com/,48230,2026-09-20 18:21:32,200,1.000,3.000,12
https://designsystems.international/,229659,2026-09-20 18:21:32,200,1.000,3.000,16
https://fintechmalaysia.org/,120230,2026-09-20 18:21:32,200,1.000,3.000,14
https://hamburg.onruby.de/,41755,2026-09-20 18:21:33,200,1.000,3.000,12
https://hackfest.nl/,58230,2026-09-20 18:21:33,200,1.000,3.000,12
https://cebuanafinance.com/,134673,2026-09-20 18:21:33,200,1.000,3.000,15
https://fantasy.co/,205277,2026-09-20 18:21:33,200,1.000,3.000,16
https://europeandigitalfinance.eu/,260079,2026-09-20 18:21:33,200,1.000,3.000,14
http://artac.site/,453450,2026-09-20 18:21:33,200,1.000,3.000,14
https://cashalo.com/,61610,2026-09-20 18:21:33,200,1.000,3.000,15
https://bukupay.com/,146601,2026-09-20 18:21:33,200,1.000,3.000,16
https://data-privacy-office.com/en/person/louis-philippe-gratton/,0,2026-09-20 18:21:33,404,1.000,3.000,16
https://fueled.com/,265098,2026-09-20 18:21:33,200,1.000,3.000,16
https://cieden.com/,1890425,2026-09-20 18:21:33,200,1.000,3.000,16
https://anj.fr/,110879,2026-09-20 18:21:33,200,1.000,3.000,16
https://dev-arptc.com/organigramme/,0,2026-09-20 18:21:33,404,1.000,3.000,14
https://clutch.co/profile/cieden,0,2026-09-20 18:21:33,403,1.000,3.000,17
https://europe.wordcamp.org/2025/media-partners/,192912,2026-09-20 18:21:33,200,1.000,3.000,15
https://elbstack.com/de,113652,2026-09-20 18:21:33,200,1.000,3.000,13
http://coins.ph/,820384,2026-09-20 18:21:34,200,1.000,3.000,15
https://dubaifintechsummit.com/,504867,2026-09-20 18:21:34,200,1.000,3.000,14
https://cyclefinancing.ph/,195808,2026-09-20 18:21:34,200,1.000,3.000,15
https://bamanagementsolutions.com/,157423,2026-09-20 18:21:34,200,1.000,3.000,15
https://advance.ph/,27914,2026-09-20 18:21:34,200,1.000,3.000,15
https://ecosulis.co.uk/,65669,2026-09-20 18:21:34,200,1.000,3.000,17
https://aidi.studio/faom/login/,42069,2026-09-20 18:21:34,200,1.000,3.000,15
https://akademie-beruf-karriere.de/,176554,2026-09-20 18:21:34,200,1.000,3.000,13
https://cocoaheads.hamburg/,0,2026-09-20 18:21:34,404,1.000,3.000,13
https://creditengine.jp/en,97717,2026-09-20 18:21:34,200,1.000,3.000,15
https://dach.sapiens.com/,0,2026-09-20 18:21:34,403,1.000,3.000,13
https://dev-arptc.com/mission/,0,2026-09-20 18:21:34,404,1.000,3.000,14
http://fr.liberpedia.org/Loi_de_Bitur-Camember,88230,2026-09-20 18:21:35,200,1.000,3.000,27
https://exist.com/,482930,2026-09-20 18:21:35,200,1.000,3.000,15
https://andalucia.onruby.eu/,21232,2026-09-20 18:21:35,200,1.000,3.000,13
https://expireddomains.com/,915377,2026-09-20 18:21:35,200,1.000,3.000,16
https://financeestonia.eu/,79453,2026-09-20 18:21:35,200,1.000,3.000,15
https://appsignal.com/,595068,2026-09-20 18:21:35,200,1.000,3.000,13
https://ayudawp.com/,314686,2026-09-20 18:21:35,200,1.000,3.000,16
https://cwallet.qa/,20949,2026-09-20 18:21:35,200,1.000,3.000,15
https://fintech-israel.org/,244510,2026-09-20 18:21:35,200,1.000,3.000,15
https://evalujeu.fr/,37604,2026-09-20 18:21:35,200,1.000,3.000,17
https://copperstoneph.com/,228198,2026-09-20 18:21:35,200,1.000,3.000,15
https://gcash.com/,145780,2026-09-20 18:21:35,200,1.000,3.000,15
https://aboutswitzerland.org/,0,2026-09-20 18:21:35,403,1.000,3.000,16
https://fuzzymath.com/,137441,2026-09-20 18:21:35,200,1.000,3.000,16
https://francefintech.org/en/,923987,2026-09-20 18:21:35,200,1.000,3.000,15
https://fintech.global/2023/03/30/filipino-fintech-startup-advance-raises-16m-for-pre-series-a/,180881,2026-09-20 18:21:35,200,1.000,3.000,16
https://fla.lv/,1795988,2026-09-20 18:21:35,200,1.000,3.000,15
https://czechfintech.cz/,205223,2026-09-20 18:21:35,200,1.000,3.000,15
https://anitab.org/braid/,0,2026-09-20 18:21:36,0,1.000,3.000,9
https://hannover-mitte.pfh.de/,0,2026-09-20 18:21:36,0,1.000,3.000,14
https://globalbuitenreclame.nl/,68690,2026-09-20 18:21:36,200,1.000,3.000,14
https://allinall.ai/,0,2026-09-20 18:21:36,403,1.000,3.000,16
https://fintechnorway.com/,249712,2026-09-20 18:21:36,200,1.000,3.000,15
https://21yield.com/,8880,2026-09-20 18:21:36,200,1.000,3.000,16
https://hamburg.kursportal.info/,38387,2026-09-20 18:21:36,200,1.000,3.000,13
https://b24club.com/en/,10354,2026-09-20 18:21:36,200,1.000,3.000,16
https://account.getneema.com/,276183,2026-09-20 18:21:36,200,1.000,3.000,16
https://arx.deals/,0,2026-09-20 18:21:36,403,1.000,3.000,16
https://dothewoo.io/,293586,2026-09-20 18:21:36,200,1.000,3.000,16
http://getsmileapi.com/,985178,2026-09-20 18:21:36,200,1.000,3.000,15
https://fintech.id/,391847,2026-09-20 18:21:36,200,1.000,3.000,15
https://hanamirb.org/,206974,2026-09-20 18:21:36,200,1.000,3.000,11
https://au.coins.xyz/en-au,1055468,2026-09-20 18:21:37,200,1.000,3.000,16
https://almapay.com/fr-FR,475744,2026-09-20 18:21:37,200,1.000,3.000,16
https://bitcoin.org.il/,56296,2026-09-20 18:21:37,200,1.000,3.000,16
https://bildungsverband.info/,297963,2026-09-20 18:21:37,200,1.000,3.000,14
https://bridgerpay.com/,140435,2026-09-20 18:21:37,200,1.000,3.000,16
https://bit2c.co.il/,80348,2026-09-20 18:21:37,200,1.000,3.000,16
https://alto-investments.com/,223442,2026-09-20 18:21:37,200,1.000,3.000,16
https://advisionit.com/,206079,2026-09-20 18:21:37,200,1.000,3.000,17
https://fintechworldcup.com/,35730,2026-09-20 18:21:37,200,1.000,3.000,15
https://disini.ph/,110473,2026-09-20 18:21:37,200,1.000,3.000,15
https://angel.co/company/smile-api,0,2026-09-20 18:21:37,403,1.000,3.000,16
https://atrya.io/,72597,2026-09-20 18:21:38,200,1.000,3.000,16
https://barebitcoin.no/,174129,2026-09-20 18:21:38,200,1.000,3.000,16
https://castbox.fm/channel/id6638692,71297,2026-09-20 18:21:38,200,1.000,3.000,17
https://hardwarehacklab.io/,63256,2026-09-20 18:21:38,200,1.000,3.000,12
https://advisense.com/,94677,2026-09-20 18:21:38,200,1.000,3.000,16
https://coleven.com/?stay=yes,27401,2026-09-20 18:21:38,200,1.000,3.000,16
https://aera.id/,103899,2026-09-20 18:21:38,200,1.000,3.000,16
https://complyadvantage.com/fr/,92451,2026-09-20 18:21:38,200,1.000,3.000,16
https://ceftas.visualbook.pro/,23679,2026-09-20 18:21:38,200,1.000,3.000,16
https://collecticity.fr/,115245,2026-09-20 18:21:38,200,1.000,3.000,16
https://hedgehoglab.com/,0,2026-09-20 18:21:38,0,1.000,3.000,16
https://apixplatform.com/,109957,2026-09-20 18:21:38,200,1.000,3.000,16
https://bildungsurlaub-hamburg.de/,16107,2026-09-20 18:21:38,200,1.000,3.000,14
https://clearfolio.fr/,77884,2026-09-20 18:21:38,200,1.000,3.000,16
https://bonusukarte.lv/,315625,2026-09-20 18:21:38,200,1.000,3.000,16
https://citesia.fr/,747256,2026-09-20 18:21:38,200,1.000,3.000,16
https://advisiondevs.com/,107591,2026-09-20 18:21:38,200,1.000,3.000,18
https://advisionit.cloud/aws-cloud-cybersecurity-services-en,86088,2026-09-20 18:21:38,200,1.000,3.000,18
https://fintechpoland.com/?lang=e,151013,2026-09-20 18:21:39,200,1.000,3.000,15
https://advisionit.tech/it-compliance,57302,2026-09-20 18:21:39,200,1.000,3.000,18
https://delfingroup.lv/,0,2026-09-20 18:21:39,403,1.000,3.000,16
https://cisoedu.com/en/search?search_text=beginner&per_page=32&sort=price_asc,97257,2026-09-20 18:21:39,200,1.000,3.000,18
https://cisolead.com/en,112029,2026-09-20 18:21:39,200,1.000,3.000,18
https://barebitcoin.featurebase.app/,272611,2026-09-20 18:21:39,200,1.000,3.000,17
https://fintechbulgaria.org/,454022,2026-09-20 18:21:39,200,1.000,3.000,15
https://dealflow.no/,8508,2026-09-20 18:21:39,200,1.000,3.000,16
https://dashboard.getalma.eu/login,11930,2026-09-20 18:21:39,200,1.000,3.000,17
https://crefobirojs.lv/,17616,2026-09-20 18:21:39,200,1.000,3.000,16
https://atometrics.com/,218146,2026-09-20 18:21:39,200,1.000,3.000,16
https://dibby.ai/,93443,2026-09-20 18:21:39,200,1.000,3.000,16
https://alfheim.no/,3953,2026-09-20 18:21:39,200,1.000,3.000,16
https://debitum.investments/lv/,437469,2026-09-20 18:21:39,200,1.000,3.000,16
https://dothewoo.com/,143075,2026-09-20 18:21:39,200,1.000,3.000,18
https://deskoin.com/,951080,2026-09-20 18:21:39,200,1.000,3.000,16
https://copla.com/,897535,2026-09-20 18:21:39,200,1.000,3.000,16
https://dokka.com/,211403,2026-09-20 18:21:39,200,1.000,3.000,16
https://earnix.com/,195261,2026-09-20 18:21:39,200,1.000,3.000,16
https://discourse.hanakai.org/,213305,2026-09-20 18:21:39,200,1.000,3.000,12
https://bonusukarte-web.codars.dev/lv/karsu-veidi/flex-karte,0,2026-09-20 18:21:40,503,1.000,3.000,17
https://collecticity.typeform.com/to/PhPWK2sk,199003,2026-09-20 18:21:40,200,1.000,3.000,17
https://ciso.bg/,67881,2026-09-20 18:21:40,200,1.000,3.000,19
https://bschool-en.huji.ac.il/,211356,2026-09-20 18:21:40,200,1.000,3.000,16
https://digital.isracard.co.il/,0,2026-09-20 18:21:40,403,1.000,3.000,16
https://barn2.com/blog/author/katie/,0,2026-09-20 18:21:40,403,1.000,3.000,19
https://codars.com/,136188,2026-09-20 18:21:40,200,1.000,3.000,17
https://evbb.eu/,0,2026-09-20 18:21:40,0,1.000,3.000,14
http://hannover-indians.de/,0,2026-09-20 18:21:40,0,1.000,3.000,14
https://finnovating.com/,0,2026-09-20 18:21:40,0,1.000,3.000,16
https://finanzapp.io/en,94465,2026-09-20 18:21:40,200,1.000,3.000,16
https://esto.lv/lv,145519,2026-09-20 18:21:40,200,1.000,3.000,16
https://dorasos.eu/,29490,2026-09-20 18:21:40,200,1.000,3.000,19
https://docs.getalma.eu/docs?__hstc=147722344.c27f16914625a09ca4a33ba6cf51b1ab.1713171348212.1728300986079.1728306362158.481&__hssc=147722344.4.1728306362158&__hsfp=1068474312&_gl=1*1yopiw2*_gcl_au*MTkwMDc0ODM0Ny4xNzIxMDM3Mjc4,184620,2026-09-20 18:21:41,200,1.000,3.000,17
https://en-coller.tau.ac.il/,87350,2026-09-20 18:21:41,200,1.000,3.000,16
https://ellex.legal/lv/kontakti/,169811,2026-09-20 18:21:41,200,1.000,3.000,16
http://epsor.fr/,109748,2026-09-20 18:21:41,200,1.000,3.000,16
https://edutainattractions.com/,45718,2026-09-20 18:21:41,200,1.000,3.000,19
https://duvi.no/,433463,2026-09-20 18:21:41,200,1.000,3.000,16
https://erstfinance.com/,97144,2026-09-20 18:21:41,200,1.000,3.000,16
https://estateguru.co/,389179,2026-09-20 18:21:41,200,1.000,3.000,16
https://dihtrakia.org/bg/advansd-vizhan-it-ood,197614,2026-09-20 18:21:41,200,1.000,3.000,18
https://en.bia-bg.com/news/view/32982/,54374,2026-09-20 18:21:41,200,1.000,3.000,18
https://addons.prestashop.com/fr/autres-moyens-de-paiement/44577-3x-4x-alma-paiement-cb-en-3x-4x-simple-et-garanti.html,0,2026-09-20 18:21:41,403,1.000,3.000,18
https://export.gov.il/en/,0,2026-09-20 18:21:41,247,1.000,3.000,16
https://centralpay.eu/fr/,428228,2026-09-20 18:21:41,200,1.000,3.000,16
https://gdfi.com.ph/,139733,2026-09-20 18:21:41,200,1.000,3.000,15
https://cybersecbg.org/,216886,2026-09-20 18:21:41,200,1.000,3.000,20
https://eng.industry.org.il/,68166,2026-09-20 18:21:41,200,1.000,3.000,16
https://e27.co/creditease-plug-and-play-invest-in-smile-api-an-employment-data-startup-targeting-gig-workers-20211214/,239096,2026-09-20 18:21:41,200,1.000,3.000,16
https://easyfinance.co.il/,539609,2026-09-20 18:21:41,200,1.000,3.000,16
https://fiken.no/,594801,2026-09-20 18:21:41,200,1.000,3.000,16
https://fintech.theodo.com/,218319,2026-09-20 18:21:42,200,1.000,3.000,16
https://flashpointvc.com/,43536,2026-09-20 18:21:42,200,1.000,3.000,16
https://en.mycompetence.bg/,0,2026-09-20 18:21:42,0,1.000,3.000,19
https://diggecard.com/,200964,2026-09-20 18:21:42,200,1.000,3.000,16
https://elegal.ph/guerilla-guide-for-startups/,2586,2026-09-20 18:21:42,200,1.000,3.000,16
https://getmeelo.com/,87906,2026-09-20 18:21:42,200,1.000,3.000,16
https://fintree.cz/novinky/krypto-co-dnes-funguje-v-praxi/,220716,2026-09-20 18:21:42,200,1.000,3.000,16
https://finance.rbs.lv/en/fintech-observatory-new/,161643,2026-09-20 18:21:42,200,1.000,3.000,16
https://cysec4ot.com/en/,34050,2026-09-20 18:21:42,200,1.000,3.000,19
https://firi.com/no,325111,2026-09-20 18:21:42,200,1.000,3.000,16
https://flashpoint.capital/portfolio,43336,2026-09-20 18:21:42,200,1.000,3.000,17
https://app.dealroom.co/investors/flashpoint_4,399308,2026-09-20 18:21:42,200,1.000,3.000,17
https://app.getcontrast.io/laddition-epsor,81602,2026-09-20 18:21:42,200,1.000,3.000,17
https://cocfintech.id/,0,2026-09-20 18:21:42,0,1.000,3.000,16
https://fr.akur8.com/,245966,2026-09-20 18:21:42,200,1.000,3.000,16
https://fintlv.com/,71871,2026-09-20 18:21:42,200,1.000,3.000,16
https://feezback.com/,228619,2026-09-20 18:21:43,200,1.000,3.000,16
https://dynamo.dynamosoftware.com/tenant/dynamoeu.netagesolutions.com/flashpoint/VC-Investor Portal,22322,2026-09-20 18:21:43,200,1.000,3.000,17
https://fintechlt.com/,31498,2026-09-20 18:21:43,200,1.000,3.000,16
https://guardsix.com/,249288,2026-09-20 18:21:43,200,1.000,3.000,18
https://global.esto.eu/careers,156810,2026-09-20 18:21:43,200,1.000,3.000,17
https://green-got.com/,96101,2026-09-20 18:21:43,200,1.000,3.000,16
https://aall.net/,59372,2026-09-20 18:21:43,200,1.000,3.000,17
https://aaisonline.com/,204483,2026-09-20 18:21:43,200,1.000,3.000,17
https://gkl.co.il/attorneys/gideon-koren/,30379,2026-09-20 18:21:43,200,1.000,3.000,16
https://fenixmedia.ph/,33277,2026-09-20 18:21:43,200,1.000,3.000,16
https://baroninsurancegroup.com/,291581,2026-09-20 18:21:43,200,1.000,3.000,17
https://hanakai.org/learn,168274,2026-09-20 18:21:43,200,1.000,1.893,12
https://global-remit.co.il/,0,2026-09-20 18:21:43,402,1.000,3.000,16
https://1752.com/,75039,2026-09-20 18:21:43,200,1.000,3.000,17
https://fintechlatvia.eu/lv/,50327,2026-09-20 18:21:43,200,1.000,3.000,16
https://goodvest.fr/,152352,2026-09-20 18:21:43,200,1.000,3.000,16
https://genotc.com/,150315,2026-09-20 18:21:43,200,1.000,3.000,16
https://canalinsurance.com/,44896,2026-09-20 18:21:43,200,1.000,3.000,17
https://goscore.me/,200864,2026-09-20 18:21:43,200,1.000,3.000,16
https://dmt-2010.com/,56418,2026-09-20 18:21:43,200,1.000,3.000,19
https://getentries.com/,46195,2026-09-20 18:21:43,200,1.000,3.000,16
https://agencyrevolution.com/,522840,2026-09-20 18:21:43,200,1.000,3.000,18
https://emcinsurance.com/,179552,2026-09-20 18:21:43,200,1.000,3.000,17
https://docs.centralpay.com/,91381,2026-09-20 18:21:43,200,1.000,3.000,17
https://agroseguro.es/,0,2026-09-20 18:21:43,403,1.000,3.000,17
https://cso.com/,240965,2026-09-20 18:21:44,200,1.000,3.000,17
https://forbesbulgaria.com/2020/11/18/%d0%b1%d1%8a%d0%bb%d0%b3%d0%b0%d1%80%d1%81%d0%ba%d0%b8%d1%8f-%d1%84%d0%b8%d0%bd%d1%82%d0%b5%d1%85-%d1%81%d0%b5%d0%ba%d1%82%d0%be%d1%80-%d1%80%d0%b0%d0%b7%d0%ba%d1%80%d0%b8%d0%b2%d0%b0-%d0%bf%d0%be/,640968,2026-09-20 18:21:44,200,1.000,3.000,16
https://amitmoreno.com/,80221,2026-09-20 18:21:44,200,1.000,3.000,17
https://esto.ee/,144847,2026-09-20 18:21:44,200,1.000,3.000,18
https://finansportalen.no/,61116,2026-09-20 18:21:44,200,1.000,3.000,17
https://dfscreativeconcepts.com/,279146,2026-09-20 18:21:44,200,1.000,3.000,18
https://esto.lt/,142960,2026-09-20 18:21:44,200,1.000,3.000,18
https://eurocrowd.org/,246370,2026-09-20 18:21:44,200,1.000,3.000,17
https://gmtonline.co.il/en/,262746,2026-09-20 18:21:44,200,1.000,3.000,16
https://canalconnect.com/,107784,2026-09-20 18:21:44,200,1.000,3.000,18
https://hdvi.com/,116656,2026-09-20 18:21:44,200,1.000,3.000,17
https://ama.ab.ca/,285750,2026-09-20 18:21:44,200,1.000,3.000,17
https://devrix.com/,80804,2026-09-20 18:21:44,200,1.000,3.000,17
http://heterodoxacademy.org/,333098,2026-09-20 18:21:44,200,1.000,3.000,22
http://herve.dequengo.free.fr/Mises/AH/AH.htm,3989,2026-09-20 18:21:44,200,1.000,3.000,27
https://fortitude-re.com/,318007,2026-09-20 18:21:44,200,1.000,3.000,17
http://agentconnect.canal-ins.com/,25018,2026-09-20 18:21:44,200,1.000,3.000,18
http://calpers.ca.gov/,93614,2026-09-20 18:21:44,200,1.000,3.000,17
https://albuhaira.com/,81295,2026-09-20 18:21:44,200,1.000,3.000,17
https://hopin.com/events/smart-contract-summit-1?ref=99e0a4e499f0,0,2026-09-20 18:21:44,404,1.000,3.000,16
https://hastingsinsurance.com/,130816,2026-09-20 18:21:45,200,1.000,3.000,17
https://besthigh.tech/%d7%91%d7%a0%d7%99%d7%99%d7%aa-%d7%90%d7%aa%d7%a8%d7%99-%d7%90%d7%99%d7%a0%d7%98%d7%a8%d7%a0%d7%98/,0,2026-09-20 18:21:45,0,1.000,3.000,17
https://docs.feezback.cloud/,166931,2026-09-20 18:21:45,200,1.000,3.000,17
https://frontpayment.no/,239409,2026-09-20 18:21:45,200,1.000,3.000,16
http://hnn.us/blogs/4.html,0,2026-09-20 18:21:45,404,1.000,3.000,24
https://homecredit.ph/,0,2026-09-20 18:21:45,0,1.000,3.000,15
https://global.lahav.ac.il/,124616,2026-09-20 18:21:45,200,1.000,3.000,17
https://app.careerpuck.com/job-board/fortitudegroupholdingsllc,2350,2026-09-20 18:21:45,200,1.000,3.000,18
https://cottonbureau.com/people/heterodox-academy,20944,2026-09-20 18:21:45,200,1.000,3.000,23
https://dmtprime.com/transportation/,74060,2026-09-20 18:21:45,200,1.000,3.000,20
https://hornet.dev/,0,2026-09-20 18:21:45,200,1.000,3.000,13
https://browser-update.org/update.html,18724,2026-09-20 18:21:45,200,1.000,3.000,23
https://htmx.org/,20743,2026-09-20 18:21:45,200,1.000,3.000,10
https://app.sprove.me/price_requests,0,2026-09-20 18:21:45,0,1.000,3.000,17
https://huscarl.io/,27593,2026-09-20 18:21:45,200,1.000,3.000,16
https://europ-assistance.fr/,248039,2026-09-20 18:21:45,200,1.000,3.000,17
https://finance.walla.co.il/item/3558970,333733,2026-09-20 18:21:45,200,1.000,3.000,17
https://df18.co.id/,0,2026-09-20 18:21:45,0,1.000,3.000,16
https://heyblink.com/,123138,2026-09-20 18:21:45,200,1.000,3.000,16
https://ia.net/topics/turning-the-tables-on-ai,24833,2026-09-20 18:21:46,200,1.000,3.000,10
http://homepage.mac.com/dmhart/iblog/index.html,0,2026-09-20 18:21:46,0,1.000,3.000,24
https://hits.bg/,278126,2026-09-20 18:21:46,200,1.000,3.000,18
http://homes.chass.utoronto.ca/~jheath/,0,2026-09-20 18:21:46,0,1.000,3.000,22
https://cdn.jsdelivr.net/npm/htmx.org/dist/,24923,2026-09-20 18:21:46,200,1.000,3.000,11
https://dasfilter.shop/pages/affiliates,0,2026-09-20 18:21:46,404,1.000,3.000,11
https://hsnl.social/@hackfestnl,51136,2026-09-20 18:21:46,200,1.000,3.000,13
https://eilat.wallashops.co.il/?utm_source=WALLA&utm_medium=text_linkHP&utm_campaign=EILAT,0,2026-09-20 18:21:46,0,1.000,3.000,18
https://broadbandmap.com/,143807,2026-09-20 18:21:46,200,1.000,3.000,11
https://buttercms.com/?utm_campaign=sponsorship&utm_medium=banner&utm_source=htmxhome,239805,2026-09-20 18:21:46,200,1.000,3.000,11
https://hrtechai.boussiasevents.gr/,116709,2026-09-20 18:21:46,200,1.000,3.000,12
https://ico.org.uk/for-organisations/guide-to-data-protection/key-data-protection-themes/age-appropriate-design-a-code-of-practice-for-online-services/,0,2026-09-20 18:21:46,404,1.000,3.000,16
https://horde.no/,3192910,2026-09-20 18:21:46,200,1.000,3.000,16
https://baai-bg.org/en/home2/,0,2026-09-20 18:21:46,404,1.000,3.000,19
https://iabeurope.eu/cmp-list/,269217,2026-09-20 18:21:46,200,1.000,3.000,15
https://ictisrael.com/,0,2026-09-20 18:21:46,0,1.000,3.000,16
https://cased.com///,36100,2026-09-20 18:21:46,200,1.000,3.000,11
https://humanoseguros.com/,220534,2026-09-20 18:21:46,200,1.000,3.000,17
https://black.host/,78150,2026-09-20 18:21:46,200,1.000,3.000,11
https://craftcms.com/,220578,2026-09-20 18:21:46,200,1.000,3.000,11
https://dvivodesign.com/,29405,2026-09-20 18:21:46,200,1.000,3.000,17
https://idmetagroup.com/,62087,2026-09-20 18:21:46,200,1.000,3.000,15
https://frontfarm.no/,35628,2026-09-20 18:21:46,200,1.000,3.000,17
https://ictclustervarna.com/members/67a2105c28424693690d6f11,10875,2026-09-20 18:21:47,200,1.000,3.000,20
http://frontsoftware.no/,1357,2026-09-20 18:21:47,200,1.000,3.000,17
https://hyp.co.il/,96475,2026-09-20 18:21:47,200,1.000,3.000,16
https://bem.bg/,0,2026-09-20 18:21:47,404,1.000,3.000,19
https://hypermedia.systems/,10575,2026-09-20 18:21:47,200,1.000,3.000,11
https://hibb.hamburg.de/datenschutz/,175012,2026-09-20 18:21:47,200,1.000,3.000,15
https://a24films.com/,45180,2026-09-20 18:21:47,200,1.000,3.000,12
https://heraclinics.com/en/,601926,2026-09-20 18:21:47,200,1.000,3.000,19
https://humanoapp.com/,5715,2026-09-20 18:21:47,200,1.000,3.000,18
https://hellostake.com/au/referral-code,99605,2026-09-20 18:21:47,200,1.000,3.000,11
https://codehub.gr/,237944,2026-09-20 18:21:47,200,1.000,3.000,13
https://icebergdatalab.com/,119003,2026-09-20 18:21:47,200,1.000,3.000,16
https://evenly.care/,193252,2026-09-20 18:21:47,200,1.000,3.000,13
https://apmultimedianewsroom.com/,32043,2026-09-20 18:21:47,200,1.000,3.000,12
https://hyperview.org/,9092,2026-09-20 18:21:48,200,1.000,3.000,12
https://epsilonnet.gr/,386224,2026-09-20 18:21:48,200,1.000,3.000,13
http://heinz-hilger.de/,0,2026-09-20 18:21:48,0,1.000,3.000,13
https://bigsky.software/,2740,2026-09-20 18:21:48,200,1.000,3.000,12
https://humanosonrisas.com/,4281,2026-09-20 18:21:48,200,1.000,3.000,18
https://horde.plus/,76267,2026-09-20 18:21:48,200,1.000,3.000,17
http://induecourse.ca/,0,2026-09-20 18:21:48,403,1.000,3.000,22
https://arsprimera.com/,107255,2026-09-20 18:21:48,200,1.000,3.000,18
https://il.globalpil.com/,235158,2026-09-20 18:21:48,200,1.000,3.000,16
https://deniz.aksimsek.tr/,16976,2026-09-20 18:21:48,200,1.000,3.000,12
https://horizon.as-invest.co.il/,354852,2026-09-20 18:21:48,200,1.000,3.000,16
https://humanosostenible.com/,13692,2026-09-20 18:21:48,200,1.000,3.000,18
https://hunfintech.com/,281318,2026-09-20 18:21:48,200,1.000,3.000,15
https://iglooinsure.com/,281426,2026-09-20 18:21:48,200,1.000,3.000,15
https://bibel.no/,64766,2026-09-20 18:21:49,200,1.000,3.000,12
https://immunefi.com/bug-bounty/folksfinance/,145875,2026-09-20 18:21:49,200,1.000,3.000,15
https://ilmiolibro.kataweb.it/,456429,2026-09-20 18:21:49,200,1.000,3.000,13
https://informaconnect.com/cookie-policy/,29434,2026-09-20 18:21:49,200,1.000,3.000,13
https://bookonlinenow.net/,223826,2026-09-20 18:21:49,200,1.000,3.000,14
https://hollandfintechassociation.org/,292613,2026-09-20 18:21:49,200,1.000,3.000,15
https://codeberg.org/dz4k,0,2026-09-20 18:21:49,403,1.000,3.000,13
https://howart.com/,404831,2026-09-20 18:21:49,200,1.000,3.000,16
https://americanlandmaster.com/,534549,2026-09-20 18:21:49,200,1.000,3.000,12
https://careers.epsilontalent.com/job-openings?clientID=Epsilonnet,28303,2026-09-20 18:21:49,200,1.000,3.000,14
https://informa.com/privacy-policy/,4061,2026-09-20 18:21:49,200,1.000,3.000,13
https://docs.immunefi.foundation/?utm_source=immunefi&utm_medium=footer&utm_content=docs,73868,2026-09-20 18:21:49,200,1.000,3.000,16
https://coneq.gr/,649459,2026-09-20 18:21:50,200,1.000,3.000,13
http://independent.life/,316825,2026-09-20 18:21:50,200,1.000,3.000,17
https://grugbrain.dev/,35385,2026-09-20 18:21:50,200,1.000,3.000,13
https://epsilon-singularlogic.eu/,259948,2026-09-20 18:21:50,200,1.000,3.000,14
https://103fm.maariv.co.il/programs/media.aspx?ZrqvnVq=KDLFJM&c41t4nzVQ=ELD,88788,2026-09-20 18:21:50,200,1.000,3.000,17
http://induecourse.ca/conservative-party-moves-beyond-the-pale/,0,2026-09-20 18:21:50,403,1.000,3.000,22
https://html-lang.org/,48178,2026-09-20 18:21:50,200,1.000,3.000,13
https://innov8tif.com/,342908,2026-09-20 18:21:50,200,1.000,3.000,15
https://humanopss.educologyhub.com/,0,2026-09-20 18:21:50,0,1.000,3.000,18
https://hyperscript.org/,34727,2026-09-20 18:21:50,200,1.000,3.000,13
https://arabicacoffee.hk/,27615,2026-09-20 18:21:50,200,1.000,3.000,12
https://iespejukredits.lv/,672664,2026-09-20 18:21:50,200,1.000,3.000,16
https://hoteloncloud.com/,238038,2026-09-20 18:21:50,200,1.000,3.000,14
https://daltonmaag.com/,56448,2026-09-20 18:21:50,200,1.000,3.000,13
https://epsilonsmart.gr/,62416,2026-09-20 18:21:50,200,1.000,3.000,14
https://iko.no/,93921,2026-09-20 18:21:50,200,1.000,3.000,13
https://hotelavailabilities.com/,216018,2026-09-20 18:21:50,200,1.000,3.000,14
https://epsilonhr.gr/,163360,2026-09-20 18:21:50,200,1.000,3.000,14
https://indieweb.social/dz4k,0,2026-09-20 18:21:51,404,1.000,3.000,13
https://epsilonhospitality.com.gr/,724536,2026-09-20 18:21:51,200,1.000,3.000,14
https://financeowl.co.il/%d7%94%d7%95%d7%a8%d7%99%d7%96%d7%95%d7%9f-%d7%9e%d7%91%d7%99%d7%aa-%d7%90%d7%9c%d7%98%d7%a9%d7%95%d7%9c%d7%a8-%d7%a9%d7%97%d7%9d/,919676,2026-09-20 18:21:51,200,1.000,3.000,17
https://craftinginterpreters.com/,10195,2026-09-20 18:21:51,200,1.000,3.000,14
https://insurance.archgroup.com/,90180,2026-09-20 18:21:51,200,1.000,3.000,17
https://icpei.ca/en/home/,113101,2026-09-20 18:21:51,200,1.000,3.000,17
https://epsilonnet.ro/,178494,2026-09-20 18:21:51,200,1.000,3.000,14
http://hotel-on-cloud.hotelwebsuite.com/partners,622718,2026-09-20 18:21:51,200,1.000,3.000,15
https://careers.informa.com/,123146,2026-09-20 18:21:51,200,1.000,3.000,14
https://independent.asp.lifeware.lu/login,8794,2026-09-20 18:21:51,200,1.000,3.000,18
https://immunefi.foundation/institutional?utm_source=immunefi&utm_medium=navbar&utm_content=institutional,280039,2026-09-20 18:21:51,200,1.000,3.000,16
https://gr.diplomatie.gouv.fr/el,29968,2026-09-20 18:21:51,200,1.000,3.000,14
https://intellitech.no/,56370,2026-09-20 18:21:51,200,1.000,3.000,16
https://inquisitivemag.org/,155901,2026-09-20 18:21:51,200,1.000,3.000,23
https://instawork.com/,124955,2026-09-20 18:21:51,200,1.000,3.000,13
https://ergani.epsilonsmart.gr/?ergani=website_epsilonnet ,181391,2026-09-20 18:21:51,200,1.000,3.000,14
https://insuranceasia.com/videos/igloo-undertakes-ai-powered-sales-journey-southeast-asia,310051,2026-09-20 18:21:51,200,1.000,3.000,16
https://insightscfo.com/,64292,2026-09-20 18:21:51,200,1.000,3.000,19
https://developers.pushtech.com/,0,2026-09-20 18:21:52,0,1.000,3.000,16
http://finch.stuffwithstuff.com/,7670,2026-09-20 18:21:52,200,1.000,3.000,15
http://gameprogrammingpatterns.com/,11263,2026-09-20 18:21:52,200,1.000,3.000,15
https://ekycondemand.com/,98997,2026-09-20 18:21:52,200,1.000,3.000,16
https://epsilonnet.com.cy/,205325,2026-09-20 18:21:52,200,1.000,3.000,14
https://epsilonpay.eu/?epayid=website_epsilonnet ,362381,2026-09-20 18:21:52,200,1.000,3.000,14
https://insurecybersec.com/,40690,2026-09-20 18:21:52,200,1.000,3.000,18
https://instant-famous.com/,611772,2026-09-20 18:21:52,200,1.000,3.000,11
https://intercom-help.eu/estateguru-co-faq/en/,82544,2026-09-20 18:21:52,200,1.000,3.000,17
https://blog.redstone.finance/2025/06/26/real-world-assets-in-onchain-finance-report/,409693,2026-09-20 18:21:52,200,1.000,3.000,17
https://financa.co.il/%D7%90%D7%9C%D7%98%D7%A9%D7%95%D7%9C%D7%A8-%D7%A9%D7%97%D7%9D-%D7%94%D7%95%D7%A8%D7%99%D7%96%D7%95%D7%9F-%D7%91%D7%99%D7%A7%D7%95%D7%A8%D7%AA-%D7%97%D7%95%D7%95%D7%AA-%D7%93%D7%A2%D7%AA/,0,2026-09-20 18:21:52,0,1.000,3.000,17
https://epsilonsingularlogic.m-pages.com/s6JGYw/galaxy-version-46,172557,2026-09-20 18:21:52,200,1.000,3.000,15
https://coinlaw.io/cryptocurrency-adoption-by-institutional-investors-statistics/,470266,2026-09-20 18:21:52,200,1.000,3.000,17
https://eredaktor.no/,202658,2026-09-20 18:21:52,200,1.000,3.000,14
http://icetrek.com/,0,2026-09-20 18:21:52,0,1.000,3.000,12
https://asian-power.com/,230328,2026-09-20 18:21:53,200,1.000,3.000,17
http://intercoolerjs.org/,8630,2026-09-20 18:21:53,200,1.000,3.000,11
https://dpogroup.com/,248693,2026-09-20 18:21:53,200,1.000,3.000,16
https://asianbusinessreview.com/event-news/outstanding-technology-innovators-honoured-asian-technology-excellence-awards-2026,309983,2026-09-20 18:21:53,200,1.000,3.000,17
https://intercontinentaltrust.com/,70178,2026-09-20 18:21:53,200,1.000,3.000,16
https://asianbankingandfinance.net/,767350,2026-09-20 18:21:53,200,1.000,3.000,17
https://fawaterk.com/english/,110174,2026-09-20 18:21:53,200,1.000,3.000,16
https://app.maple.finance/earn,0,2026-09-20 18:21:53,403,1.000,3.000,18
https://asksuite.com/,239678,2026-09-20 18:21:53,200,1.000,3.000,16
https://careers.smartrecruiters.com/InformaGroupPlc,123146,2026-09-20 18:21:53,200,1.000,3.000,15
https://dune.com/maple-finance/maple-finance,0,2026-09-20 18:21:53,403,1.000,3.000,18
https://fmcg.asia/,387910,2026-09-20 18:21:53,200,1.000,3.000,17
https://adara.com/,597096,2026-09-20 18:21:53,200,1.000,3.000,16
http://infobalt.lt/,123252,2026-09-20 18:21:53,200,1.000,3.000,17
https://intelisoftcy.com/,143861,2026-09-20 18:21:53,200,1.000,3.000,14
https://en.bitcoin.it/wiki/Colored_Coins,44946,2026-09-20 18:21:53,200,1.000,3.000,18
https://cloudinn.net/,0,2026-09-20 18:21:53,0,1.000,3.000,16
https://columbo.me/,345238,2026-09-20 18:21:53,200,1.000,3.000,20
https://fluxfinance.com/,102450,2026-09-20 18:21:53,200,1.000,3.000,18
https://asksuite.recruitee.com/,370432,2026-09-20 18:21:53,200,1.000,3.000,17
https://charltonmedia.com/,135879,2026-09-20 18:21:54,200,1.000,3.000,17
https://cointelegraph.com/news/lion-group-hyperliquid-crypto-treasury,186191,2026-09-20 18:21:54,200,1.000,3.000,18
https://blog.checkpoint.com/research/ai-powered-north-korean-konni-malware-targets-developers,114934,2026-09-20 18:21:54,200,1.000,3.000,17
https://coinshares.com/us/insights/research-data/13f-filings-of-bitcoin-etfs-q1-2025-institutional-report/,1028029,2026-09-20 18:21:54,200,1.000,3.000,18
https://govmedia.com/,308950,2026-09-20 18:21:54,200,1.000,3.000,17
https://eurotel.gr/,146682,2026-09-20 18:21:54,200,1.000,3.000,16
https://bitcoin.org/en/full-node,125519,2026-09-20 18:21:54,200,1.000,3.000,19
https://inori.co.il/en/,209102,2026-09-20 18:21:54,200,1.000,3.000,16
https://atrais.lv/,172193,2026-09-20 18:21:54,200,1.000,3.000,17
https://healthcareasiamagazine.com/,251308,2026-09-20 18:21:54,200,1.000,3.000,17
https://gitter.im/intercooler-js/Lobby,4718,2026-09-20 18:21:54,200,1.000,3.000,12
http://coinspark.org/,12736,2026-09-20 18:21:54,200,1.000,3.000,19
https://governance.aave.com/t/temp-check-building-horizon-s-rwa-product-an-aave-licensed-instance-for-institutions/21384,312798,2026-09-20 18:21:54,200,1.000,3.000,18
https://cointelegraph-magazine.com/us-government-strategic-bitcoin-reserve-pakistan-btc-price-jan3-samson-mow/,0,2026-09-20 18:21:54,0,1.000,3.000,19
https://hongkongbusiness.hk/,225177,2026-09-20 18:21:54,200,1.000,3.000,17
https://bitcointalk.org/index.php?board=4.0,112017,2026-09-20 18:21:54,200,1.000,3.000,20
https://cointelegraph-events.com/,206148,2026-09-20 18:21:54,200,1.000,3.000,19
https://foree.co/,807,2026-09-20 18:21:54,200,1.000,3.000,16
https://docs.dpopay.com/api/index.html,280367,2026-09-20 18:21:54,200,1.000,3.000,17
http://colu.co/,0,2026-09-20 18:21:54,0,1.000,3.000,19
https://cointelegraph-longitude.com/,433330,2026-09-20 18:21:54,200,1.000,3.000,19
https://clearstreet.io/,321904,2026-09-20 18:21:55,200,1.000,3.000,19
https://asiantelecom.com/awards,127877,2026-09-20 18:21:55,200,1.000,3.000,18
https://defillama.com/perps/hyperliquid,122083,2026-09-20 18:21:55,200,1.000,3.000,18
https://avara.xyz/blog/horizon,23752,2026-09-20 18:21:55,200,1.000,3.000,19
https://colu.co/,0,2026-09-20 18:21:55,0,1.000,3.000,19
https://hijiffy.com/,1284790,2026-09-20 18:21:55,200,1.000,3.000,16
https://bitnodes.io/,262546,2026-09-20 18:21:55,200,1.000,3.000,20
https://brokercheck.finra.org/firm/summary/288933,8988,2026-09-20 18:21:55,200,1.000,3.000,20
http://coloredcoins.org/explorer,0,2026-09-20 18:21:55,404,1.000,3.000,19
http://community.norton.com/en/forums/firewall-blocking-program-how-open-ports,0,2026-09-20 18:21:55,404,1.000,3.000,20
https://docs.ngenius-payments.com/reference/transaction-operations-email-payment-link,0,2026-09-20 18:21:55,404,1.000,3.000,18
https://dune.com/jonaso/pendle-pts,0,2026-09-20 18:21:55,403,1.000,3.000,18
https://bitcointreasuries.net/,2202291,2026-09-20 18:21:55,200,1.000,3.000,19
https://cointelegraph-accelerate.com/,778053,2026-09-20 18:21:55,200,1.000,3.000,19
http://chromaway.com/history/,121020,2026-09-20 18:21:55,200,1.000,3.000,19
https://code4rena.com/reports/2023-01-ondo/,2274232,2026-09-20 18:21:55,200,1.000,3.000,19
https://cointelegraph-guardians.com/,8482,2026-09-20 18:21:55,200,1.000,3.000,19
https://dpokenya.pbx.yeastarycm.co.za/webtrunk/calllink?code=WXBVTUhnVGw5ZFY4MGk1Ylk0SjVFdm1MZTRGaGxNWW8=,662,2026-09-20 18:21:55,200,1.000,3.000,17
https://blockchainsweden.se/en/,0,2026-09-20 18:21:55,0,1.000,3.000,20
https://cointelegraph-magazine.com/,0,2026-09-20 18:21:55,0,1.000,3.000,20
https://documenter.getpostman.com/view/43162886/2sB3WsPKGP,40540,2026-09-20 18:21:55,200,1.000,3.000,18
https://docs.llama.fi/list-your-project/submit-a-project,441400,2026-09-20 18:21:55,200,1.000,3.000,19
https://coin360.com/news/2025-bitcoin-institutional-plays-micro-strategy-metaplanet-strive-mara-and-more,0,2026-09-20 18:21:55,0,1.000,3.000,18
https://fibank.bg/en,79006,2026-09-20 18:21:55,200,1.000,3.000,16
https://bitcoincore.org/en/releases/,391797,2026-09-20 18:21:55,200,1.000,3.000,21
https://burocratik.com/,131553,2026-09-20 18:21:56,200,1.000,3.000,20
https://insertstonks.io/user,189824,2026-09-20 18:21:56,200,1.000,3.000,15
https://cointelegraph-connect.com/,261700,2026-09-20 18:21:56,200,1.000,3.000,19
https://exploitsummit.com/,225364,2026-09-20 18:21:56,200,1.000,3.000,20
https://airpay.co.in/,141169,2026-09-20 18:21:56,200,1.000,3.000,16
https://apb-news.com/,143108,2026-09-20 18:21:56,200,1.000,3.000,18
https://apyx.fi/?utm_source=bitcointreasuries&utm_medium=banner&utm_content=LARGE_TOP_BANNER,0,2026-09-20 18:21:56,429,1.000,3.000,20
https://hoteltechreport.com/marketing/hotel-chatbots/hijiffy-hotel-chatbot,0,2026-09-20 18:21:56,403,1.000,3.000,17
https://formulaagency.io/,200713,2026-09-20 18:21:56,200,1.000,3.000,19
https://dune.com/entropy_advisors,0,2026-09-20 18:21:56,403,1.000,3.000,18
https://hemi.xyz/institutions?utm_source=bitcointreasuries&utm_medium=banner&utm_content=LARGE_RECTANGLE,1057907,2026-09-20 18:21:56,200,1.000,3.000,20
https://bitdis.org/,67251,2026-09-20 18:21:56,200,1.000,3.000,21
https://aave.mirror.xyz/JcA9DzQHK6o8YYMmxtH43Vqq5HoHvjrTrFnd_UprKWQ,205726,2026-09-20 18:21:56,200,1.000,3.000,20
https://docs.openzeppelin.com/contracts/4.x/upgradeable,147834,2026-09-20 18:21:56,200,1.000,3.000,20
http://coloredcoins.org/documentation,0,2026-09-20 18:21:56,404,1.000,3.000,19
https://app.river.inc/staking ,0,2026-09-20 18:21:56,0,1.000,3.000,21
https://avark.agency/,314461,2026-09-20 18:21:56,200,1.000,3.000,21
https://hey.xyz/u/avara,23624,2026-09-20 18:21:56,200,1.000,3.000,20
https://bizzness.net/%D7%91%D7%A9%D7%95%D7%A8%D7%94-%D7%9C%D7%A9%D7%95%D7%A7-%D7%94%D7%98%D7%9B%D7%A0%D7%95%D7%9C%D7%95%D7%92%D7%99%D7%94-%D7%97%D7%91%D7%A8%D7%AA-%D7%94%D7%A4%D7%99%D7%A0%D7%98%D7%A7-%D7%94%D7%A2%D7%95/,172832,2026-09-20 18:21:56,200,1.000,3.000,17
https://app.spectra.finance/trade-yield/hemi:0xd4348231bf5e84eb6d663ecd184fa6384c114cfd ,0,2026-09-20 18:21:57,404,1.000,3.000,21
https://chromia.com/,195297,2026-09-20 18:21:57,200,1.000,3.000,20
https://bip110.org/,90258,2026-09-20 18:21:57,200,1.000,3.000,22
https://app.merkl.xyz/chains/Hemi ,0,2026-09-20 18:21:57,404,1.000,3.000,21
http://funderbeam.com/,5441,2026-09-20 18:21:57,200,1.000,3.000,19
https://bitcoinknots.org/,27233,2026-09-20 18:21:57,200,1.000,3.000,22
https://info.fireblocks.com/pd-beta,18430,2026-09-20 18:21:57,200,1.000,3.000,21
http://coloredcoins.org/,1356,2026-09-20 18:21:57,200,1.000,3.000,19
https://hotellab.io/en/,128280,2026-09-20 18:21:57,200,1.000,3.000,16
https://402.co.il/,32061,2026-09-20 18:21:57,200,1.000,3.000,18
https://invite.viber.com/?g2=AQBultieS1Ht60%2FX9lemqE6cko%2BaYBr1%2B5w9vbXIBorH3yFzzkAXF1jcHCCXMbwR&lang=en,44590,2026-09-20 18:21:57,200,1.000,3.000,19
https://chainwire.org/2024/07/15/chromaway-resumes-collaboration-with-eu-implementing-chromia-technology/,114572,2026-09-20 18:21:57,200,1.000,3.000,20
https://ir.eyenovia.com/news-releases/news-release-details/eyenovia-announces-50-million-investment-launch-hyperliquid-hype,0,2026-09-20 18:21:57,0,1.000,3.000,18
https://bitcoinanarch.org/,550,2026-09-20 18:21:57,200,1.000,3.000,22
https://fii-institute.org/,263825,2026-09-20 18:21:57,200,1.000,3.000,20
https://atbash.ai/,68981,2026-09-20 18:21:58,200,1.000,3.000,21
https://ir.doordash.com/resources/investor-faqs/default.aspx,67411,2026-09-20 18:21:58,200,1.000,3.000,14
https://avnei-hoshen.co.il/11/?utm_source=hm-news,1034,2026-09-20 18:21:58,200,1.000,3.000,18
https://cib.bnpparibas/bnp-paribas-participated-in-eurosystem-trials-of-wholesale-settlement-dlt-solution/,0,2026-09-20 18:21:58,0,1.000,3.000,18
https://issuu.com/charlton_media/docs/insurance_asia_2026,126131,2026-09-20 18:21:58,200,1.000,3.000,17
https://btcnodes.io/,0,2026-09-20 18:21:58,0,1.000,3.000,21
https://daweek.org/london-26/,535037,2026-09-20 18:21:58,200,1.000,3.000,20
https://airpay.tz/,9999,2026-09-20 18:21:58,200,1.000,3.000,17
https://internationalschools.net/,372207,2026-09-20 18:21:58,200,1.000,3.000,23
https://airpay.ae/,26153,2026-09-20 18:21:58,200,1.000,3.000,17
https://fiiprioritycompass.org/,2290,2026-09-20 18:21:58,200,1.000,3.000,21
https://fred.stlouisfed.org/series/SOFR,0,2026-09-20 18:21:58,0,1.000,3.000,18
https://humansintheloop.org/,478106,2026-09-20 18:21:58,200,1.000,3.000,20
https://ambcrypto.com/,300055,2026-09-20 18:21:58,200,1.000,3.000,21
http://fii-institute.tv/,2266251,2026-09-20 18:21:58,200,1.000,3.000,21
https://beincrypto.com/,0,2026-09-20 18:21:58,403,1.000,3.000,21
http://isco.bg/,5498,2026-09-20 18:21:58,200,1.000,3.000,19
http://isleofruby.org/,42833,2026-09-20 18:21:59,200,1.000,3.000,12
https://did.li/qw1fT,335690,2026-09-20 18:21:59,200,1.000,3.000,18
https://esgbusiness.com/,0,2026-09-20 18:21:59,0,1.000,3.000,18
https://drinksasia.com/awards,0,2026-09-20 18:21:59,0,1.000,3.000,18
https://hotelist.net/,0,2026-09-20 18:21:59,0,1.000,3.000,16
https://bitcoinworld.co.in/,542312,2026-09-20 18:21:59,200,1.000,3.000,21
https://ipaidthat.io/fr/,84879,2026-09-20 18:21:59,200,1.000,3.000,16
http://isocracy.org/,42122,2026-09-20 18:21:59,200,1.000,3.000,25
https://app.paragraph.com/?utm_source=aave&utm_medium=referral&utm_campaign=powered_by_paragraph&utm_content=header_sign_in,12340,2026-09-20 18:21:59,200,1.000,3.000,21
https://awards.europeandesign.org/rankings/agency-league?sort_by=official_ranking&discipline=branding&country=all,0,2026-09-20 18:21:59,0,1.000,3.000,21
https://coincodex.com/,0,2026-09-20 18:21:59,403,1.000,3.000,21
https://blockstream.com/,43137,2026-09-20 18:21:59,200,1.000,3.000,21
https://bitcourier.co.uk/,90602,2026-09-20 18:21:59,200,1.000,3.000,21
https://foodasia.media/awards,0,2026-09-20 18:21:59,0,1.000,3.000,18
https://intoinnovationstesting.com/,0,2026-09-20 18:21:59,0,1.000,3.000,17
https://1stdigital.com/,37448,2026-09-20 18:21:59,200,1.000,3.000,21
https://investmentasia.net/news/bolttech-globe-telecom-launch-annual-phone-upgrade-programme,0,2026-09-20 18:21:59,0,1.000,3.000,18
https://ehrl.ee/,45267,2026-09-20 18:21:59,200,1.000,3.000,17
https://hit.com.gr/hospitality/ermis-editions/ermis-hotel-software/,0,2026-09-20 18:22:00,0,1.000,3.000,16
https://coinfea.com/,151435,2026-09-20 18:22:00,200,1.000,3.000,21
https://blockport.io/,332019,2026-09-20 18:22:00,200,1.000,3.000,21
https://bfmtimes.com/,346418,2026-09-20 18:22:00,200,1.000,3.000,21
https://crypto.news/,479638,2026-09-20 18:22:00,200,1.000,3.000,21
https://anna-web.org/ets-dti-taskforce/,806436,2026-09-20 18:22:00,200,1.000,3.000,21
https://aitoolsnetwork.com/artificial-intelligence-events/,272917,2026-09-20 18:22:00,200,1.000,3.000,21
https://ipg.comtrust.ae/,2111,2026-09-20 18:22:00,200,1.000,3.000,16
https://archive.org/details/iranciafallmosad00baya,0,2026-09-20 18:22:00,404,1.000,3.000,26
https://cryptio.co/,123234,2026-09-20 18:22:00,200,1.000,3.000,21
https://bundesblock.de/en/,295004,2026-09-20 18:22:00,200,1.000,3.000,21
https://blockstream.info/explorer-api,1698,2026-09-20 18:22:00,200,1.000,3.000,22
https://coinpedia.org/,603043,2026-09-20 18:22:00,200,1.000,3.000,21
https://economicsexplored.com/2022/05/11/the-pirate-partys-economic-policy-platform-w-john-august-ep138-transcript/,197001,2026-09-20 18:22:00,200,1.000,3.000,26
https://cryptorank.io/,405939,2026-09-20 18:22:00,200,1.000,3.000,22
https://airpay.technology/,17229,2026-09-20 18:22:00,200,1.000,3.000,18
https://it-cs.io/,402348,2026-09-20 18:22:00,200,1.000,3.000,13
https://cryptomoonpress.com/,383988,2026-09-20 18:22:00,200,1.000,3.000,21
https://blockchainafrica.co/,252102,2026-09-20 18:22:00,200,1.000,3.000,20
https://cryptobrowser.io/,229505,2026-09-20 18:22:00,200,1.000,3.000,21
https://assetops-chicago.coriniumintelligence.com/vip-registration?utm_campaign=21849197-1446-26%20-%20AssetOps%20Chicago&utm_source=mediapartner,63637,2026-09-20 18:22:00,200,1.000,3.000,22
https://block24seven.com/,292176,2026-09-20 18:22:00,200,1.000,3.000,21
https://droomdroom.com/,270508,2026-09-20 18:22:00,200,1.000,3.000,21
https://istudio.sellto.carousell.sg/trade-in-or-sell/iphone/apple,377467,2026-09-20 18:22:01,200,1.000,3.000,15
http://cryptoken.media/,362272,2026-09-20 18:22:01,200,1.000,3.000,21
https://boston-ai-healthcare.re-work.co/register,56896,2026-09-20 18:22:01,200,1.000,3.000,22
https://all2bc.com/en/,0,2026-09-20 18:22:01,404,1.000,3.000,22
https://cdao-dallas.coriniumintelligence.com/register,73632,2026-09-20 18:22:01,200,1.000,3.000,22
https://dtif.org/,0,2026-09-20 18:22:01,403,1.000,3.000,22
https://cdao-def.coriniumintelligence.com/registration-pricing,72910,2026-09-20 18:22:01,200,1.000,3.000,22
https://developer.pikkart.com/augmented-reality/sdk/,37830,2026-09-20 18:22:01,200,1.000,3.000,21
https://cdao-gov.coriniumintelligence.com/register,72401,2026-09-20 18:22:01,200,1.000,3.000,22
https://docs.corelightning.org/docs,434586,2026-09-20 18:22:01,200,1.000,3.000,22
https://crypto.com/,244351,2026-09-20 18:22:01,200,1.000,3.000,21
https://coinstelegram.com/,100368,2026-09-20 18:22:01,200,1.000,3.000,21
https://blockaid.io/,341918,2026-09-20 18:22:01,200,1.000,3.000,21
https://docs.liquid.net/docs,255597,2026-09-20 18:22:01,200,1.000,3.000,22
https://crypto.games/?i=cryptobrowser,71290,2026-09-20 18:22:01,200,1.000,3.000,22
https://cxoweek.thepeopleevents.com/,60427,2026-09-20 18:22:01,200,1.000,3.000,22
https://cryptofinanceforum.nyc/,68223,2026-09-20 18:22:01,200,1.000,3.000,22
https://cdao-fall.coriniumintelligence.com/registration-pricing,0,2026-09-20 18:22:01,404,1.000,3.000,22
https://dashboard.travls.io/,13273,2026-09-20 18:22:02,200,1.000,3.000,22
https://drinksasia.com/advertising,106724,2026-09-20 18:22:02,200,1.000,3.000,18
https://consensys.net/,310521,2026-09-20 18:22:02,200,1.000,3.000,21
https://business-of-infosec.com/,151883,2026-09-20 18:22:02,200,1.000,3.000,23
https://business-of-data.com/,153158,2026-09-20 18:22:02,200,1.000,3.000,23
https://cronos.com/,78733,2026-09-20 18:22:02,200,1.000,3.000,22
https://cronos-pos.org/,7181,2026-09-20 18:22:02,200,1.000,3.000,22
https://datascience.thepeopleevents.com/,139239,2026-09-20 18:22:02,200,1.000,3.000,22
https://cronos.org/evm,0,2026-09-20 18:22:02,404,1.000,3.000,22
https://artificialintelligence.averconferences.com/,41016,2026-09-20 18:22:02,200,1.000,3.000,22
https://eblockchainconvention.com/digital-assets-forum-abu-dhabi/,261769,2026-09-20 18:22:02,200,1.000,3.000,22
https://awards.europeandesign.org/rankings/agency-league?sort_by=official_ranking&discipline=all&country=all,0,2026-09-20 18:22:02,0,1.000,3.000,21
https://istructurelaunch.life/,0,2026-09-20 18:22:02,0,1.000,3.000,18
https://econextcon.com/,0,2026-09-20 18:22:02,0,1.000,3.000,22
https://community.simplicity-lang.org/,206279,2026-09-20 18:22:03,200,1.000,3.000,23
https://docs.linea.build/stack,42694,2026-09-20 18:22:03,200,1.000,3.000,22
https://consensys.io/ethereum-pectra-upgrade,273316,2026-09-20 18:22:03,200,1.000,3.000,22
https://docs.besu-eth.org/,17953,2026-09-20 18:22:03,200,1.000,3.000,22
https://app.binance.com/uni-qr/cpro/Coinstelegram,0,2026-09-20 18:22:03,202,1.000,3.000,22
https://chaise-blockchainskills.eu/,139432,2026-09-20 18:22:03,200,1.000,3.000,22
https://checkout.token2049.com/events/asia?promo=DROOMDROOM10,57127,2026-09-20 18:22:03,200,1.000,3.000,22
https://annerton.com/,160228,2026-09-20 18:22:03,200,1.000,3.000,21
https://docs.cronos-pos.org/,425268,2026-09-20 18:22:03,200,1.000,3.000,23
https://caranx-medical.com/,215528,2026-09-20 18:22:03,200,1.000,3.000,21
https://cyberstarts.com/,173733,2026-09-20 18:22:03,200,1.000,3.000,22
https://blockstream-core-lightning.readme.io/docs/faq,395387,2026-09-20 18:22:03,200,1.000,3.000,23
https://besu.hyperledger.org/,17953,2026-09-20 18:22:03,200,1.000,3.000,22
https://elementsproject.org/,13550,2026-09-20 18:22:03,200,1.000,3.000,23
https://edgify.ai/about-us/,0,2026-09-20 18:22:03,404,1.000,3.000,21
https://aisot.com/,114294,2026-09-20 18:22:03,200,1.000,3.000,23
https://docs.web3signer.consensys.io/,23976,2026-09-20 18:22:03,200,1.000,3.000,22
https://allunity.com/,1717673,2026-09-20 18:22:03,200,1.000,3.000,23
https://docs.cronos.org/,549456,2026-09-20 18:22:03,200,1.000,3.000,23
https://cardano.org/,44613,2026-09-20 18:22:03,200,1.000,3.000,23
https://cryptogambling.org/,259911,2026-09-20 18:22:04,200,1.000,3.000,23
https://caanam.com/en/,96179,2026-09-20 18:22:04,200,1.000,3.000,23
https://ethmunich.eth.limo/,5703,2026-09-20 18:22:04,200,1.000,3.000,22
https://aminagroup.com/,1716339,2026-09-20 18:22:04,200,1.000,3.000,23
https://bitwiseinvestments.eu/,387998,2026-09-20 18:22:04,200,1.000,3.000,23
https://awards.europeandesign.org/rankings/agency-league?sort_by=official_ranking&discipline=all&country=2376,50695,2026-09-20 18:22:04,200,1.000,3.000,21
https://citywire.com/ch/news/zurich-fintech-launches-ai-insights-for-equity-markets/a2433584,212,2026-09-20 18:22:04,200,1.000,3.000,24
https://cert.gcb.cw/certificate?id=ZXlKcGRpSTZJbEpWWkVKS1NFazFObXRPTDNWRmNtZHFNVTFrY1ZFOVBTSXNJblpoYkhWbElqb2lZelJhTkdoTE9ERnJkbkpqZWlzdmF5OXVLMVJGWnowOUlpd2liV0ZqSWpvaVpERmhZVFF5TXpobU5USTJPVEptTnpjNE5EUmxaVEZrTURnMVl6STROREZoTXpJeU9UVTBPRGRtWlRZNVl6Z3dNMlEwTnpGbU1tTXdPR1poTXpJeE5TSXNJblJoWnlJNklpSjk=,25744,2026-09-20 18:22:04,200,1.000,3.000,23
https://doctorsintheloop.com/,279340,2026-09-20 18:22:04,200,1.000,3.000,21
https://defi.tech/,358089,2026-09-20 18:22:04,200,1.000,3.000,23
https://aecoin.com/,45997,2026-09-20 18:22:04,200,1.000,3.000,23
https://cardanofoundation.org/en/terms-and-conditions,0,2026-09-20 18:22:04,429,1.000,3.000,24
https://e-p-n.eu/,7175,2026-09-20 18:22:04,200,1.000,3.000,22
https://bc.game/,13923,2026-09-20 18:22:04,200,1.000,3.000,24
http://bitcoinevents.co.za/about-us/,115455,2026-09-20 18:22:04,200,1.000,3.000,21
https://dev-chaise.univ-lyon1.fr/privacy-notice/,0,2026-09-20 18:22:04,403,1.000,3.000,23
https://eufintechweek.com/,90416,2026-09-20 18:22:04,200,1.000,3.000,22
https://en.floy.com/en,0,2026-09-20 18:22:04,0,1.000,3.000,22
https://finbold.com/,879895,2026-09-20 18:22:04,200,1.000,3.000,21
https://bitwiseinvestments.com/,351124,2026-09-20 18:22:05,200,1.000,3.000,24
https://ainnovatech.com/,26034,2026-09-20 18:22:05,200,1.000,3.000,22
https://bitvest.io/,4145,2026-09-20 18:22:05,200,1.000,3.000,24
https://eur02.safelinks.protection.outlook.com/?url=https%3A%2F%2Fdtif.org%2Fanna-ets-dti-task-force%2F&data=04%7C01%7CDenis.Dounaev%40etradingsoftware.com%7C1211d91312de4ffd395b08d9210207f0%7Cb8d0a598ad2d4962959c25956142a347%7C0%7C0%7C637577114874945422%7CUnknown%7CTWFpbGZsb3d8eyJWIjoiMC4wLjAwMDAiLCJQIjoiV2luMzIiLCJBTiI6Ik1haWwiLCJXVCI6Mn0%3D%7C1000&sdata=ufx9vmXS7FZHZf8vrEwijOKMobZbuJLFCia4hB0%2BTHY%3D&reserved=0,0,2026-09-20 18:22:05,403,1.000,3.000,22
https://dappradar.com/rankings/protocol/cronos,292018,2026-09-20 18:22:05,200,1.000,3.000,24
https://exactpro.com/,72132,2026-09-20 18:22:05,200,1.000,3.000,23
https://finovate.com/ai-and-generating-alpha-in-real-time-with-aisot/,101626,2026-09-20 18:22:05,200,1.000,3.000,24
https://buytickets.at/europeanblockchainconvention/1645097,0,2026-09-20 18:22:05,403,1.000,3.000,23
https://cert.cga.cw/page/certification_policy,55780,2026-09-20 18:22:05,200,1.000,3.000,24
https://eu.ci/,1102,2026-09-20 18:22:05,200,1.000,3.000,21
https://datasciconnect.com/events/webinars/ai-demo-day-q4/,98403,2026-09-20 18:22:05,200,1.000,3.000,22
https://cyberdice.net/,0,2026-09-20 18:22:05,0,1.000,3.000,24
https://aethetf.com/materials,108130,2026-09-20 18:22:05,200,1.000,3.000,25
https://capitalpioneer.co.uk/the-pioneer-awards-2026-winners-whats-next/,305996,2026-09-20 18:22:05,200,1.000,3.000,24
https://fintech.peoplevents.uk/,96895,2026-09-20 18:22:06,200,1.000,3.000,22
https://esgbusiness.com/awards,126905,2026-09-20 18:22:06,200,1.000,3.000,18
https://aivf.co/,102957,2026-09-20 18:22:06,200,1.000,3.000,22
https://dentbird.com/,5996,2026-09-20 18:22:06,200,1.000,3.000,22
https://firstdigitallabs.com/,0,2026-09-20 18:22:06,403,1.000,3.000,22
https://cardanofoundation.org/en/privacy,0,2026-09-20 18:22:06,429,1.000,3.000,24
https://bitqetf.com/materials,103514,2026-09-20 18:22:06,200,1.000,3.000,25
https://bitcetf.com/materials,107013,2026-09-20 18:22:06,200,1.000,3.000,25
https://daaa.at/,155450,2026-09-20 18:22:06,200,1.000,3.000,22
https://bitkong.com/,22653,2026-09-20 18:22:06,200,1.000,3.000,24
https://cvs.babcert.com/babcert.asp?c=229744&v=8g3r69zi4k,5502,2026-09-20 18:22:06,200,1.000,3.000,24
https://bitbetf.com/prospectus,0,2026-09-20 18:22:06,200,1.000,3.000,25
https://duckdice.io/,560383,2026-09-20 18:22:06,200,1.000,3.000,24
https://bitcoinreservesummit.com/,0,2026-09-20 18:22:06,0,1.000,3.000,21
https://dev-chaise.univ-lyon1.fr/online-course-learners/,0,2026-09-20 18:22:06,403,1.000,3.000,23
https://awards.hedgeweek.com/global-digital-assets-awards,176409,2026-09-20 18:22:06,200,1.000,3.000,24
https://bitwetp.com/prospectus,0,2026-09-20 18:22:06,200,1.000,3.000,25
https://bitxrpetf.com/prospectus,0,2026-09-20 18:22:06,200,1.000,3.000,25
https://estoniaweb3.com/,29348,2026-09-20 18:22:06,200,1.000,3.000,22
https://academy.intelligentultrasound.com/,67297,2026-09-20 18:22:06,200,1.000,3.000,22
https://eventee.com/e/capital-pioneer-digital-assets-summit-29003,379988,2026-09-20 18:22:07,200,1.000,3.000,25
https://bavaetf.com/prospectus,0,2026-09-20 18:22:07,200,1.000,3.000,25
https://fintechnews.ch/tag/aisot/,983614,2026-09-20 18:22:07,200,1.000,3.000,24
https://duckytower.partners/,76096,2026-09-20 18:22:07,200,1.000,3.000,25
https://fnality.com/,77178,2026-09-20 18:22:07,200,1.000,3.000,21
https://bsoletf.com/prospectus,0,2026-09-20 18:22:07,200,1.000,3.000,25
https://gettr.com/user/coinpediafintechnews,9097,2026-09-20 18:22:07,200,1.000,3.000,22
https://bproetf.com/,197574,2026-09-20 18:22:07,200,1.000,3.000,25
https://bedazzled.co.uk/,131867,2026-09-20 18:22:07,200,1.000,3.000,25
https://en.tgt.co.il/,246607,2026-09-20 18:22:07,200,1.000,3.000,19
https://bhypetf.com/prospectus,0,2026-09-20 18:22:07,200,1.000,3.000,25
https://financialpromoter.co.uk/,219332,2026-09-20 18:22:07,200,1.000,3.000,25
https://greylock.com/,188182,2026-09-20 18:22:07,200,1.000,3.000,22
https://ethwetf.com/prospectus,0,2026-09-20 18:22:07,200,1.000,3.000,25
https://bwowetf.com/prospectus,0,2026-09-20 18:22:07,200,1.000,3.000,25
https://history.state.gov/milestones/1945-1952/NSC68,32141,2026-09-20 18:22:07,200,1.000,3.000,26
https://fixtrading.org/,269531,2026-09-20 18:22:07,200,1.000,3.000,21
https://gherkin.securitytokensrealised.com/,0,2026-09-20 18:22:07,500,1.000,3.000,21
https://gomining.com/es,638828,2026-09-20 18:22:07,200,1.000,3.000,23
https://dev-chaise.univ-lyon1.fr/objectives/,0,2026-09-20 18:22:07,403,1.000,3.000,23
https://clearjunction.com/,454724,2026-09-20 18:22:08,200,1.000,3.000,26
https://cryptofest.co.za/crypto-fest-2019/,0,2026-09-20 18:22:08,0,1.000,3.000,21
https://gamingassociates.com/,574032,2026-09-20 18:22:08,200,1.000,3.000,25
https://goranked.gg/en/news/,218970,2026-09-20 18:22:08,200,1.000,3.000,22
https://hongkong2019.securitytokensrealised.com/,0,2026-09-20 18:22:08,500,1.000,3.000,21
https://clnketf.com/prospectus,0,2026-09-20 18:22:08,200,1.000,3.000,25
https://bitcoinminingcouncil.com/bitcoin-mining-council-advisory-members/,0,2026-09-20 18:22:08,0,1.000,3.000,24
https://adfs4.sts.altareturn.com/adfs/ls/?wa=wsignin1.0&wtrealm=urn%3aportal%3agreylock&wctx=https%3a%2f%2fgreylock.altareturn.com%2f_layouts%2f15%2fAuthenticate.aspx%3fSource%3d%252F&wreply=https%3a%2f%2fgreylock.altareturn.com%2f_trust%2fdefault.aspx,42594,2026-09-20 18:22:08,200,1.000,3.000,23
https://coinmarketcap.com/currencies/gomining-token/,866259,2026-09-20 18:22:08,200,1.000,3.000,24
https://definitearticlemedia.com/,211933,2026-09-20 18:22:08,200,1.000,3.000,26
https://beincrypto.com/bitcoin-users-survey-gomining/,459561,2026-09-20 18:22:08,200,1.000,3.000,24
https://gevamu.com/,44475,2026-09-20 18:22:08,200,1.000,3.000,24
https://dev-chaise.univ-lyon1.fr/newsletter/,0,2026-09-20 18:22:08,403,1.000,3.000,23
https://dremmaaesthetics.co.uk/,115196,2026-09-20 18:22:08,200,1.000,3.000,26
https://corporate-adviser.com/,268697,2026-09-20 18:22:09,200,1.000,3.000,26
https://foodasia.media/events,0,2026-09-20 18:22:09,0,1.000,3.000,18
https://fintechbaltic.com/,536335,2026-09-20 18:22:09,200,1.000,3.000,25
https://finonity.com/,0,2026-09-20 18:22:09,0,1.000,3.000,21
https://backpack.app/downloads,10054,2026-09-20 18:22:09,200,1.000,3.000,25
https://foreignpolicy.com/2017/06/20/64-years-later-cia-finally-releases-details-of-iranian-coup-iran-tehran-oil/,0,2026-09-20 18:22:09,0,1.000,3.000,26
https://fintechnews.am/,259925,2026-09-20 18:22:09,200,1.000,3.000,25
https://app.cyberscope.io/audits/2-gmt,0,2026-09-20 18:22:09,429,1.000,3.000,25
https://fintechnews.network/,101468,2026-09-20 18:22:09,200,1.000,3.000,25
https://fintechnews.africa/,371469,2026-09-20 18:22:09,200,1.000,3.000,25
https://artcompass.io/,95212,2026-09-20 18:22:09,200,1.000,3.000,23
https://fintechnews.au/,886676,2026-09-20 18:22:09,200,1.000,3.000,25
https://etherscan.io/token/0x7Ddc52c4De30e94Be3A6A0A2b259b2850f421989,333916,2026-09-20 18:22:09,200,1.000,3.000,25
https://hallam.agency/web-design-agency/,108852,2026-09-20 18:22:09,200,1.000,3.000,22
https://fintechnews.ae/,930009,2026-09-20 18:22:09,200,1.000,3.000,25
https://il.investing.com/news/economic-indicators/article-209978,0,2026-09-20 18:22:09,403,1.000,3.000,19
https://bingx.com/spot/GOMININGUSDT/,98515,2026-09-20 18:22:09,200,1.000,3.000,24
https://fintechnordics.com/,425051,2026-09-20 18:22:09,200,1.000,3.000,25
https://imagga.com/,124544,2026-09-20 18:22:09,200,1.000,3.000,21
https://itch.io/jam/gamedevjs-2027,19430,2026-09-20 18:22:09,200,1.000,3.000,12
https://fintechnews.id/,898688,2026-09-20 18:22:09,200,1.000,3.000,25
https://dev-chaise.univ-lyon1.fr/events/,0,2026-09-20 18:22:09,403,1.000,3.000,23
https://fintechnews.my/,967237,2026-09-20 18:22:09,200,1.000,3.000,25
https://cmc.certik-skynet.com/redirect?project=gomining&utm_source=CMC&utm_campaign=ScoreByCertiKLink,808128,2026-09-20 18:22:09,200,1.000,3.000,25
https://icoholder.com/,87579,2026-09-20 18:22:09,200,1.000,3.000,21
https://flikweertvision.nl/,170237,2026-09-20 18:22:10,200,1.000,3.000,21
https://blockscan.com/,30337,2026-09-20 18:22:10,200,1.000,3.000,26
https://chat.blockscan.com/start,24802,2026-09-20 18:22:10,200,1.000,3.000,26
https://fintechnews.hk/,1066203,2026-09-20 18:22:10,200,1.000,3.000,25
https://bscscan.com/address/0x7ddc52c4de30e94be3a6a0a2b259b2850f421989,0,2026-09-20 18:22:10,403,1.000,3.000,26
https://defold.com/,56078,2026-09-20 18:22:10,200,1.000,3.000,13
https://engine.8xr.io/,0,2026-09-20 18:22:10,0,1.000,3.000,13
https://beaconscan.com/,49383,2026-09-20 18:22:10,200,1.000,3.000,26
https://help.openai.com/en/articles/4936850-where-do-i-find-my-secret-api-key,0,2026-09-20 18:22:10,403,1.000,3.000,26
https://fintechnews.ph/,965255,2026-09-20 18:22:10,200,1.000,3.000,25
https://capa-data.com/,673568,2026-09-20 18:22:10,200,1.000,3.000,27
https://betterb2b.community/,40594,2026-09-20 18:22:10,200,1.000,3.000,23
https://colyseus.io/,268417,2026-09-20 18:22:10,200,1.000,3.000,13
https://hrandbenefits.co.uk/,272273,2026-09-20 18:22:10,200,1.000,3.000,27
https://fintechnews.sg/,1178110,2026-09-20 18:22:10,200,1.000,3.000,25
https://docs.ethhub.io/ethereum-roadmap/ethereum-2.0/eth-2.0-phases/,0,2026-09-20 18:22:10,0,1.000,3.000,27
https://healthcareandprotection.com/,239277,2026-09-20 18:22:10,200,1.000,3.000,26
https://gdevelop.io/,403454,2026-09-20 18:22:10,200,1.000,3.000,13
https://gloriathemes.com/,315880,2026-09-20 18:22:10,200,1.000,3.000,21
https://global.app.mi.com/details?lo=ID&la=en_US&id=io.gmt.app.twa,34264,2026-09-20 18:22:10,200,1.000,3.000,24
https://info.etherscan.com/types-of-contract-verification/,68010,2026-09-20 18:22:10,200,1.000,3.000,26
https://academy.zenva.com/product/defold-game-development-academy/,829530,2026-09-20 18:22:10,200,1.000,3.000,14
http://brokenreality.com/,0,2026-09-20 18:22:10,0,1.000,3.000,14
https://developers.facebook.com/docs/games/instant-games/compatible-engines/,0,2026-09-20 18:22:10,400,1.000,3.000,14
https://developers.poki.com/,94581,2026-09-20 18:22:10,200,1.000,3.000,14
https://devcoffee.io/,51310,2026-09-20 18:22:10,200,1.000,3.000,14
https://b.sg/,5812,2026-09-20 18:22:10,200,1.000,3.000,14
https://gmt.io/en,630275,2026-09-20 18:22:10,200,1.000,3.000,26
https://dev-chaise.univ-lyon1.fr/contact/,0,2026-09-20 18:22:10,403,1.000,3.000,23
https://gdlck.com/,18531,2026-09-20 18:22:10,200,1.000,3.000,13
https://goto.etherscan.com/rd/7D4S4YJ42FI5V6N1ZGV1KEI1U,388182,2026-09-20 18:22:11,200,1.000,3.000,26
https://bloxd.io/,204804,2026-09-20 18:22:11,200,1.000,3.000,14
https://dinobros.com/,539688,2026-09-20 18:22:11,200,1.000,3.000,14
https://cryzen.io/,692599,2026-09-20 18:22:11,200,1.000,3.000,14
https://animocabrands.com/,105968,2026-09-20 18:22:11,200,1.000,3.000,14
https://71media.co.uk/,129993,2026-09-20 18:22:11,200,1.000,3.000,26
https://automatio.ai/,732713,2026-09-20 18:22:11,200,1.000,3.000,14
https://blackdesk.nl/?utm_source=flikweert vision&utm_medium=website,77002,2026-09-20 18:22:11,200,1.000,3.000,22
https://app.poki.dev/signin/,1457,2026-09-20 18:22:11,200,1.000,3.000,15
https://eth2stats.io/medalla-testnet/,114,2026-09-20 18:22:11,200,1.000,3.000,27
https://esotericsoftware.com/,14616,2026-09-20 18:22:11,200,1.000,3.000,14
https://emolingo.games/,316172,2026-09-20 18:22:11,200,1.000,3.000,14
https://ita-blockchain.eventidigitali.ice.it/azienda/hspi-spa,27025,2026-09-20 18:22:11,200,1.000,3.000,14
https://ethereum.org/,327259,2026-09-20 18:22:11,200,1.000,3.000,27
https://docs.metamask.io/,74293,2026-09-20 18:22:11,200,1.000,3.000,27
https://ethos.dev/beacon-chain/,465,2026-09-20 18:22:11,200,1.000,3.000,27
https://gamedevacademy.org/,220207,2026-09-20 18:22:11,200,1.000,3.000,15
https://2020.js13kgames.com/,24658,2026-09-20 18:22:11,200,1.000,3.000,14
https://gamedevassistant.com/?utm_source=zenvaacademy&utm_content=za-footer&utm_campaign=footers,4822,2026-09-20 18:22:11,200,1.000,3.000,15
https://2019.js13kgames.com/,24658,2026-09-20 18:22:11,200,1.000,3.000,14
https://akdumandev.com/,164817,2026-09-20 18:22:11,200,1.000,3.000,15
https://io.builders/,151806,2026-09-20 18:22:11,200,1.000,3.000,23
https://craft-interior.co.uk/,137857,2026-09-20 18:22:11,200,1.000,3.000,26
https://dev-chaise.univ-lyon1.fr/project-partners,0,2026-09-20 18:22:11,403,1.000,3.000,23
https://developer.metamask.io/login,918,2026-09-20 18:22:11,200,1.000,3.000,27
https://devlsh.com/,29395,2026-09-20 18:22:11,200,1.000,3.000,14
https://docs.infura.io/,19802,2026-09-20 18:22:11,200,1.000,3.000,28
https://investmentasia.net/news/half-gen-zs-expect-retire-comfortably-without-planning,0,2026-09-20 18:22:11,0,1.000,3.000,18
https://community.metamask.io/,267115,2026-09-20 18:22:11,200,1.000,3.000,27
https://cryptofest.co.za/crypto-fest-2024/,0,2026-09-20 18:22:11,0,1.000,3.000,21
https://exploder.io/,31808,2026-09-20 18:22:11,200,1.000,3.000,14
https://flikweertvision.com/de/,180383,2026-09-20 18:22:12,200,1.000,3.000,22
https://gameanalytics.com/,183186,2026-09-20 18:22:12,200,1.000,3.000,14
https://elanrastudios.com/,166638,2026-09-20 18:22:12,200,1.000,3.000,14
https://jobs.flashpoint.capital/jobs,0,2026-09-20 18:22:12,0,1.000,1.893,17
https://ethereal.news/ethereal-news-weekly-40/,52460,2026-09-20 18:22:12,200,1.000,3.000,28
https://foodasia.media/news/yobe-malaysia-targets-32-outlets-2027,0,2026-09-20 18:22:12,0,1.000,3.000,18
https://gamedistribution.com/,3485,2026-09-20 18:22:12,200,1.000,3.000,14
https://jigsaw.w3.org/css-validator/validator?uri=https%3A%2F%2Fjonkeane.com&profile=css3&usermedium=all&warning=1&vextwarning=true&lang=en,0,2026-09-20 18:22:12,403,1.000,3.000,13
https://funds-europe.com/,307408,2026-09-20 18:22:12,200,1.000,3.000,27
https://itmagination.com/,0,2026-09-20 18:22:12,403,1.000,3.000,13
https://esp.ethereum.foundation/,88544,2026-09-20 18:22:12,200,1.000,3.000,28
https://denda-corporate.com/,213954,2026-09-20 18:22:12,200,1.000,3.000,14
http://jacobtlevy.com/blog,0,2026-09-20 18:22:12,404,1.000,3.000,23
https://jobs.lever.co/coins,832177,2026-09-20 18:22:12,200,1.000,3.000,17
https://ethdaily.io/lido-begins-validator-consolidation,34475,2026-09-20 18:22:12,200,1.000,3.000,28
https://instantworlds.io/,3602,2026-09-20 18:22:12,200,1.000,3.000,15
https://jointeff.com/,221982,2026-09-20 18:22:12,200,1.000,3.000,15
https://jobs.smartrecruiters.com/InformaGroupPlc/744000101557745-bd-manager-ste-,112413,2026-09-20 18:22:12,200,1.000,1.893,15
https://dune.com/hildobby/eth2-staking,0,2026-09-20 18:22:12,403,1.000,3.000,29
https://hspi.txtgroup.com/trackit-blockchain,194119,2026-09-20 18:22:12,200,1.000,3.000,15
https://blog.fe-lang.org/posts/release-26-3/,23954,2026-09-20 18:22:12,200,1.000,3.000,29
https://dev-chaise.univ-lyon1.fr/latest-news/,0,2026-09-20 18:22:12,403,1.000,3.000,23
https://blog.chainsafe.io/lodestars-position-on-hegota/,43119,2026-09-20 18:22:12,200,1.000,3.000,29
https://docs.blockspace.forum/mpbc/live-metrics/,11305,2026-09-20 18:22:12,200,1.000,3.000,29
https://jameskemp.blog/,123771,2026-09-20 18:22:12,200,1.000,3.000,19
https://gd.games/Jurfix,355240,2026-09-20 18:22:12,200,1.000,3.000,14
https://ethlabs.org/writings/quick-slots-ecosystem.html,49529,2026-09-20 18:22:12,200,1.000,3.000,29
https://colosseum.com/worldsfair,118888,2026-09-20 18:22:12,200,1.000,3.000,29
http://jacksonville.com/sports/college/georgia-bulldogs/2016-02-16/story/georgia-breaks-ground-indoor-practice-facility,183142,2026-09-20 18:22:13,200,1.000,3.000,22
https://devcon.org/en/tickets/?mtm_campaign=ethorg10&mtm_source=ethereum.org&mtm_medium=referral,198695,2026-09-20 18:22:13,200,1.000,3.000,28
https://exchange.across.to/,23994,2026-09-20 18:22:13,200,1.000,3.000,29
https://fe-lang.zulipchat.com/,19807,2026-09-20 18:22:13,200,1.000,3.000,30
https://clientdiversity.org/,206367,2026-09-20 18:22:13,200,1.000,3.000,29
https://assetstore.unity.com/publishers/70601,231020,2026-09-20 18:22:13,200,1.000,3.000,16
https://evmfromscratch.com/,7620,2026-09-20 18:22:13,200,1.000,3.000,29
http://j3itph.com/,194872,2026-09-20 18:22:13,200,1.000,3.000,15
https://forkcast.org/eips/8015/,18775,2026-09-20 18:22:13,200,1.000,3.000,29
http://beian.miit.gov.cn/state/outPortal/loginPortal.action,0,2026-09-20 18:22:13,521,1.000,3.000,15
https://ethsupply.fyi/,173053,2026-09-20 18:22:13,200,1.000,3.000,29
https://collective.flashbots.net/t/a-take-on-quick-slots/5979,152539,2026-09-20 18:22:13,200,1.000,3.000,30
https://arbitrum.io/,0,2026-09-20 18:22:13,403,1.000,3.000,30
https://iteklabs.io/,287277,2026-09-20 18:22:13,200,1.000,3.000,15
https://dataspelsbranschen.se/english,0,2026-09-20 18:22:13,404,1.000,3.000,14
https://jaf.link/3YWUkv9,0,2026-09-20 18:22:13,0,1.000,3.000,13
https://advertising.usatoday.com/advertise-with-us/?cid=Web_LiQ_Network_AdvertiseWithUs_AdvertiseInquiry&publication=the_florida_times_union&utm_source=local_publication&utm_medium=menu&utm_campaign=advertise_with_us,220172,2026-09-20 18:22:13,200,1.000,3.000,23
https://cricinshots.com/,0,2026-09-20 18:22:13,0,1.000,3.000,14
https://dumbbellgames.com/,50159,2026-09-20 18:22:13,200,1.000,3.000,16
https://dev-chaise.univ-lyon1.fr/cookie-policy-eu/,0,2026-09-20 18:22:13,403,1.000,3.000,23
https://altitude.xyz/,553479,2026-09-20 18:22:14,200,1.000,3.000,30
https://blog.zulip.com/,159950,2026-09-20 18:22:14,200,1.000,3.000,31
https://dg.lido.fi/,131670,2026-09-20 18:22:14,200,1.000,3.000,29
https://forum.balancer.fi/t/bip-xxx-orderly-winddown-of-balancer-and-distribution-of-the-treasury/7107,294460,2026-09-20 18:22:14,200,1.000,3.000,29
https://10best.usatoday.com/,166112,2026-09-20 18:22:14,200,1.000,3.000,23
https://cocos.com/,64842,2026-09-20 18:22:14,200,1.000,3.000,13
https://docs.erigon.tech/fundamentals/caplin,34292,2026-09-20 18:22:14,200,1.000,3.000,30
https://forum.l2beat.com/t/ossification-announcement-and-call-for-feedback/445,157641,2026-09-20 18:22:14,200,1.000,3.000,29
https://erigon.tech/products/,0,2026-09-20 18:22:14,404,1.000,3.000,30
https://docs.grandine.io/,11401,2026-09-20 18:22:14,200,1.000,3.000,30
https://ethernodes.org/,0,2026-09-20 18:22:14,403,1.000,3.000,30
https://docs.ethrex.xyz/,25903,2026-09-20 18:22:14,200,1.000,3.000,30
https://docs.nethermind.io/get-started/installing-nethermind,56409,2026-09-20 18:22:14,200,1.000,3.000,30
https://etheralpha.org/,7260,2026-09-20 18:22:14,200,1.000,3.000,30
https://explorer.gitcoin.co/,0,2026-09-20 18:22:14,0,1.000,3.000,30
https://funds-europe.us21.list-manage.com/subscribe?u=27bc76539e68eb8635e309a33&id=c448636b3c,39754,2026-09-20 18:22:14,200,1.000,3.000,28
https://ethereum-magicians.org/t/eip-8081-hegota-network-upgrade-meta-thread/26876/16,468861,2026-09-20 18:22:14,200,1.000,3.000,29
https://ethrex.xyz/,20607,2026-09-20 18:22:14,200,1.000,3.000,30
https://ethglobal.com/showcase?events=ethonline2026,475790,2026-09-20 18:22:14,200,1.000,3.000,29
https://eth-docker.net/,22085,2026-09-20 18:22:14,200,1.000,3.000,30
https://blog.lambdaclass.com/,69043,2026-09-20 18:22:14,200,1.000,3.000,31
https://gattaca.com/products,59397,2026-09-20 18:22:14,200,1.000,3.000,30
https://evgmedia.com/usatoday/,81484,2026-09-20 18:22:14,200,1.000,3.000,24
https://adportal.marketplaceadsonline.com/gatehouse-adportal/fljac-classified/index.html,0,2026-09-20 18:22:14,0,1.000,3.000,23
https://automem.ai/,73262,2026-09-20 18:22:14,200,1.000,3.000,20
https://ethstaker.org/forms/staking-landscape-survey-2026,529,2026-09-20 18:22:14,200,1.000,3.000,30
https://blockprint.sigp.io/,0,2026-09-20 18:22:15,0,1.000,3.000,30
https://beian.miit.gov.cn/,0,2026-09-20 18:22:15,521,1.000,3.000,14
https://dev-chaise.univ-lyon1.fr/about-the-project/,0,2026-09-20 18:22:15,403,1.000,3.000,23
https://dailydoots.com/,47424,2026-09-20 18:22:15,200,1.000,3.000,31
https://docs.unity3d.com/Documentation/Manual/AssetStore.html,411326,2026-09-20 18:22:15,200,1.000,3.000,17
https://docs.prylabs.network/docs/getting-started/,19480,2026-09-20 18:22:15,200,1.000,3.000,30
https://ethereumadoption.com/,109147,2026-09-20 18:22:15,200,1.000,3.000,31
https://balancer.octav.fi/app/balancer-treasury,49536,2026-09-20 18:22:15,200,1.000,3.000,30
https://foodasia.media/news/thailand-food-sector-set-stronger-h2-earnings-rebound-uob,0,2026-09-20 18:22:15,0,1.000,3.000,18
http://ether.fi/,0,2026-09-20 18:22:15,429,1.000,3.000,30
https://cryptofest.co.za/,0,2026-09-20 18:22:15,0,1.000,3.000,21
https://datasciencejuliahackers.com/,30602,2026-09-20 18:22:15,200,1.000,3.000,32
https://ethdocker.com/About/Acknowledgements,13774,2026-09-20 18:22:15,200,1.000,3.000,31
https://duquesnay.fr/,134485,2026-09-20 18:22:15,200,1.000,3.000,14
https://docs.novarpc.xyz/,378865,2026-09-20 18:22:15,200,1.000,3.000,31
https://blog.kraken.com/news/announcing-ink,0,2026-09-20 18:22:15,403,1.000,3.000,32
https://ethresear.ch/t/allowing-validators-to-provide-client-information-privately-a-project-by-nethermind-research-and-nethermind-core/18527,295675,2026-09-20 18:22:15,200,1.000,3.000,30
https://docs.kairos-timeboost.xyz/,304754,2026-09-20 18:22:15,200,1.000,3.000,31
https://docs.ethstaker.org/tutorials/installing-linux,89348,2026-09-20 18:22:15,200,1.000,3.000,31
https://docs.titanbuilder.xyz/,364531,2026-09-20 18:22:16,200,1.000,3.000,31
https://docs.titanrelay.xyz/,354832,2026-09-20 18:22:16,200,1.000,3.000,31
https://ethereumdashboards.com/,207637,2026-09-20 18:22:16,200,1.000,3.000,31
https://blog.celo.org/celo-l2-is-now-live-a-note-from-our-founders-c585bd57b5fa,0,2026-09-20 18:22:16,403,1.000,3.000,32
http://ethpillar.coincashew.com/,896351,2026-09-20 18:22:16,200,1.000,3.000,30
https://fundsglobalasia.com/,229152,2026-09-20 18:22:16,200,1.000,3.000,28
https://docs.ethstaker.cc/ethstaker-knowledge-base,81740,2026-09-20 18:22:16,200,1.000,3.000,31
"https://blog.stackcommerce.com/evg-media-reviewed-brand-editorial-authority/?shem=rimspwouoe,",72567,2026-09-20 18:22:16,200,1.000,3.000,25
https://dev-chaise.univ-lyon1.fr/promotionalmaterial/,0,2026-09-20 18:22:16,403,1.000,3.000,23
https://app.ethereummaxis.xyz/,0,2026-09-20 18:22:16,0,1.000,3.000,32
https://ethfud.com/,5553,2026-09-20 18:22:16,200,1.000,3.000,31
https://fundstech.com/,218699,2026-09-20 18:22:16,200,1.000,3.000,28
https://dsc.gg/erigon,24152,2026-09-20 18:22:16,200,1.000,3.000,30
https://etherealize.webflow.io/,37426,2026-09-20 18:22:16,200,1.000,3.000,32
https://ethsunshine.com/,95035,2026-09-20 18:22:16,200,1.000,3.000,31
https://ethstaker.cc/,62566,2026-09-20 18:22:16,200,1.000,3.000,31
https://app.rwa.xyz/networks/arbitrum,2271378,2026-09-20 18:22:16,200,1.000,3.000,32
https://arbitrum.io/?utm_source=rwa.xyz&utm_medium=referral,0,2026-09-20 18:22:16,403,1.000,3.000,33
https://geanlabs.com/,68892,2026-09-20 18:22:16,200,1.000,3.000,30
https://app.nansen.ai/,34663,2026-09-20 18:22:16,200,1.000,3.000,32
https://beaconcha.in/relays,0,2026-09-20 18:22:16,403,1.000,3.000,32
https://evmavericks.libsyn.com/,47424,2026-09-20 18:22:16,200,1.000,3.000,32
https://aave.tokenlogic.xyz/,35290,2026-09-20 18:22:16,200,1.000,3.000,32
https://app.defi-sphere.com/,2965,2026-09-20 18:22:17,200,1.000,3.000,32
https://dashboard.etherealize.io/,23673,2026-09-20 18:22:17,200,1.000,3.000,32
https://bids.pics/,7993,2026-09-20 18:22:17,200,1.000,3.000,32
https://docs.libp2p.io/concepts/pubsub/overview/,0,2026-09-20 18:22:17,404,1.000,3.000,31
https://grandine.io/,7443,2026-09-20 18:22:17,200,1.000,1.893,30
https://ethroadmap.com/,41691,2026-09-20 18:22:17,200,1.000,3.000,32
https://forum.cocos.org/,238852,2026-09-20 18:22:17,200,1.000,3.000,14
https://app.virtuals.io/acp/scan/agents,18906,2026-09-20 18:22:17,200,1.000,3.000,32
https://fundsglobalmena.com/,312892,2026-09-20 18:22:17,200,1.000,3.000,28
https://ethconf.com/r/egcom,186101,2026-09-20 18:22:17,200,1.000,3.000,30
https://blobs.guru/,0,2026-09-20 18:22:17,403,1.000,3.000,32
https://dune.com/hildobby/blobs,0,2026-09-20 18:22:17,403,1.000,3.000,32
https://dev-chaise.univ-lyon1.fr/strategy/,0,2026-09-20 18:22:17,403,1.000,3.000,23
https://blobs.money/,3229,2026-09-20 18:22:17,200,1.000,3.000,32
https://blobsy.xyz/,0,2026-09-20 18:22:17,521,1.000,3.000,32
https://app.alphaday.com/,3252,2026-09-20 18:22:17,200,1.000,3.000,32
https://banklessbalance.xyz/,24112,2026-09-20 18:22:17,200,1.000,3.000,32
https://eth2book.info/capella/part2/building_blocks/aggregator/,203819,2026-09-20 18:22:17,200,1.000,3.000,31
https://censorship.pics/,0,2026-09-20 18:22:17,0,1.000,3.000,32
https://beaconcha.in/explorer,0,2026-09-20 18:22:18,403,1.000,3.000,32
https://chains.blockscout.com/,46153,2026-09-20 18:22:18,200,1.000,3.000,32
https://g7r.com/,257814,2026-09-20 18:22:18,200,1.000,3.000,14
https://foodasia.media/advertising,95890,2026-09-20 18:22:18,200,1.000,3.000,18
https://dune.com/ChainsightAnalytics/mev-after-ethereum-merge,0,2026-09-20 18:22:18,403,1.000,3.000,32
https://eipsinsight.com/resources,75777,2026-09-20 18:22:18,200,1.000,3.000,32
https://ethereumuptime.org/,0,2026-09-20 18:22:18,0,1.000,3.000,32
https://1inch.com/,257358,2026-09-20 18:22:18,200,1.000,3.000,31
https://dexanalytics.org/,105996,2026-09-20 18:22:18,200,1.000,3.000,32
https://docs.rocketpool.net/guides/,21414,2026-09-20 18:22:18,200,1.000,3.000,32
https://blobscan.com/,3292,2026-09-20 18:22:18,200,1.000,3.000,32
https://eth-tps-tau.vercel.app/,631,2026-09-20 18:22:18,200,1.000,3.000,32
https://eth-blocks.vercel.app/,10394,2026-09-20 18:22:18,200,1.000,3.000,32
https://buybitcoinworldwide.com/flippening/,0,2026-09-20 18:22:18,428,1.000,3.000,32
https://ens.domains/,141340,2026-09-20 18:22:18,200,1.000,3.000,31
https://bolder.cash/,3015,2026-09-20 18:22:18,200,1.000,3.000,32
https://dapprank.eth.link/,3065,2026-09-20 18:22:18,200,1.000,3.000,32
https://ens.eth.sh/history,128479,2026-09-20 18:22:18,200,1.000,3.000,32
https://eth.sh/,178620,2026-09-20 18:22:18,200,1.000,3.000,32
https://hackmd.io/@ttsao/prysm-view-hegota,37167,2026-09-20 18:22:18,200,1.000,3.000,29
https://giom.blog/2020/12/03/video-remote-supplies-not-tools/,65296,2026-09-20 18:22:18,200,1.000,3.000,15
https://cryptoslate.com/ethereums-client-diversity-with-66-running-prysm-is-the-merge-safe-to-pursue/,206300,2026-09-20 18:22:18,200,1.000,3.000,31
https://aztec.network/,110029,2026-09-20 18:22:18,200,1.000,3.000,31
https://eigenphi.io/,86032,2026-09-20 18:22:18,200,1.000,3.000,32
https://dev-chaise.univ-lyon1.fr/publications-and-reports/,0,2026-09-20 18:22:18,403,1.000,3.000,23
https://ethereumobituaries.com/,5279,2026-09-20 18:22:18,200,1.000,3.000,32
https://ethseer.io/?network=mainnet,0,2026-09-20 18:22:18,0,1.000,3.000,32
https://avarch.org/,74917,2026-09-20 18:22:18,200,1.000,3.000,33
https://dune.com/growthepie/ethereum-biggest-moves,0,2026-09-20 18:22:18,403,1.000,3.000,32
https://ethcoordinate.org/,63119,2026-09-20 18:22:19,200,1.000,3.000,32
https://ethereumstatus.org/,1665,2026-09-20 18:22:19,200,1.000,3.000,32
https://csm.testnet.fi/?ref=ethpillar,157839,2026-09-20 18:22:19,200,1.000,3.000,31
https://ethiq.ethpandaops.io/performance,1265,2026-09-20 18:22:19,200,1.000,3.000,32
https://ethereumpage.com/,48615,2026-09-20 18:22:19,200,1.000,3.000,32
https://1inch.network/delegation,118847,2026-09-20 18:22:19,200,1.000,3.000,32
https://ethereumcatherders.com/,47403,2026-09-20 18:22:19,200,1.000,3.000,33
https://ethskills.com/,36755,2026-09-20 18:22:19,200,1.000,3.000,32
https://ethleaderboard.com/,37442,2026-09-20 18:22:19,200,1.000,3.000,32
https://docs.ipfs.eth.sucks/,22050,2026-09-20 18:22:19,200,1.000,3.000,33
https://awesome.ipfs.io/,0,2026-09-20 18:22:19,0,1.000,3.000,34
https://execution-diversity.info/,0,2026-09-20 18:22:19,0,1.000,3.000,30
https://ensdao.org/,450,2026-09-20 18:22:19,200,1.000,3.000,32
https://aztec.dfpunk.xyz/,402,2026-09-20 18:22:19,200,1.000,3.000,32
https://ethpandaops.io/data/xatu/,17252,2026-09-20 18:22:19,200,1.000,3.000,33
https://ethlocal.world/,272227,2026-09-20 18:22:19,200,1.000,3.000,32
https://base.org/names,71819,2026-09-20 18:22:19,200,1.000,3.000,32
https://azguardwallet.io/,77954,2026-09-20 18:22:19,200,1.000,3.000,32
https://evm.banteg.xyz/,2517,2026-09-20 18:22:19,200,1.000,3.000,32
https://geographicdiversity.org/,0,2026-09-20 18:22:19,0,1.000,3.000,32
https://dune.com/0xRob/blobs,0,2026-09-20 18:22:19,403,1.000,3.000,32
https://app.uniswap.org/,66030,2026-09-20 18:22:19,200,1.000,3.000,33
https://dev-chaise.univ-lyon1.fr/videos/,0,2026-09-20 18:22:19,403,1.000,3.000,23
https://ethval.com/,1715858,2026-09-20 18:22:19,200,1.000,3.000,32
https://ethmrc.com/,21142,2026-09-20 18:22:19,200,1.000,3.000,32
https://eips.sh/,540422,2026-09-20 18:22:19,200,1.000,3.000,32
https://dc-onchain.com/,0,2026-09-20 18:22:19,0,1.000,3.000,33
http://cryptosandiego.org/,0,2026-09-20 18:22:19,0,1.000,3.000,33
https://explorer.ens.dev/,15357,2026-09-20 18:22:19,200,1.000,3.000,32
https://allium.so/,187435,2026-09-20 18:22:19,200,1.000,3.000,33
https://explore.ipld.io/,1417,2026-09-20 18:22:19,200,1.000,3.000,34
https://explorer.blocknative.com/,0,2026-09-20 18:22:19,0,1.000,3.000,32
https://aztecscan.xyz/,1627,2026-09-20 18:22:20,200,1.000,3.000,32
https://cryptofest.co.za/crypto-fest-2021/,0,2026-09-20 18:22:20,0,1.000,3.000,21
https://consensus.coindesk.com/,81994,2026-09-20 18:22:20,200,1.000,3.000,33
https://ethtools.com/,7833,2026-09-20 18:22:20,200,1.000,3.000,32
https://digiconomist.net/ethereum-energy-consumption,65106,2026-09-20 18:22:20,200,1.000,3.000,32
https://dune.com/etherealize,0,2026-09-20 18:22:20,403,1.000,3.000,33
https://ens.community/,0,2026-09-20 18:22:20,526,1.000,3.000,32
https://ethsync.wtf/,24316,2026-09-20 18:22:20,200,1.000,3.000,32
https://dao.brussels/,144377,2026-09-20 18:22:20,200,1.000,3.000,33
https://commons3nse.cryptocanal.org/,1069320,2026-09-20 18:22:20,200,1.000,3.000,33
https://dwebcamp.org/berlin-2026/,70392,2026-09-20 18:22:20,200,1.000,3.000,33
https://dappcon.io/,697497,2026-09-20 18:22:20,200,1.000,3.000,33
https://etherworld.co/,249277,2026-09-20 18:22:20,200,1.000,3.000,33
https://app.safe.global/balances?safe=eth:0x7951c7ef839e26F63DA87a42C9a87986507f1c07,47323,2026-09-20 18:22:20,200,1.000,3.000,33
https://gaslimit.pics/,4699834,2026-09-20 18:22:20,200,1.000,3.000,32
https://ethmexico.org/,3856,2026-09-20 18:22:20,200,1.000,3.000,33
https://forms.default.com/353141,51349,2026-09-20 18:22:20,200,1.000,3.000,33
https://event.web3bridge.com/,34299,2026-09-20 18:22:20,200,1.000,3.000,33
https://dasid.org/,99491,2026-09-20 18:22:20,200,1.000,3.000,34
https://ethproofs.org/,147309,2026-09-20 18:22:20,200,1.000,3.000,32
https://ethbelgrade.rs/,40579,2026-09-20 18:22:20,200,1.000,3.000,33
https://ethdigitaloil.com/,0,2026-09-20 18:22:20,200,1.000,3.000,33
https://funds-global.com/,77544,2026-09-20 18:22:20,200,1.000,3.000,29
http://coinbase.com/onchain-verify,322287,2026-09-20 18:22:20,200,1.000,3.000,33
https://a16zcrypto.com/,509222,2026-09-20 18:22:20,200,1.000,3.000,34
https://frontiertower.io/apply,93843,2026-09-20 18:22:21,200,1.000,3.000,33
https://archive.org/,1872,2026-09-20 18:22:21,200,1.000,3.000,34
https://giveth.io/,362976,2026-09-20 18:22:21,200,1.000,3.000,34
https://awana.digital/,26887,2026-09-20 18:22:21,200,1.000,3.000,34
https://futura.camp/,327794,2026-09-20 18:22:21,200,1.000,3.000,33
https://0xbow.io/,718619,2026-09-20 18:22:21,200,1.000,3.000,34
https://digital-assets.fct.bcg.com/,186894,2026-09-20 18:22:21,200,1.000,3.000,34
https://club.cryptonomads.org/,59737,2026-09-20 18:22:21,200,1.000,3.000,34
https://bread.coop/,82922,2026-09-20 18:22:21,200,1.000,3.000,34
https://copycat.cash/,98619,2026-09-20 18:22:21,200,1.000,3.000,34
https://cypherpunkweek.com/,297123,2026-09-20 18:22:21,200,1.000,3.000,34
https://distributed.press/,14605,2026-09-20 18:22:21,200,1.000,3.000,34
http://basename.app/,303509,2026-09-20 18:22:21,200,1.000,3.000,33
https://a16z.com/,151824,2026-09-20 18:22:21,200,1.000,3.000,35
https://discuss.ipfs.io/,264575,2026-09-20 18:22:21,200,1.000,3.000,34
https://basepaint.xyz/,98865,2026-09-20 18:22:21,200,1.000,3.000,34
https://dune.com/bread_cooperative/solidarity,0,2026-09-20 18:22:21,403,1.000,3.000,35
https://app.thesingularity.network/depositwithdraw?utm_campaign=Base,11318,2026-09-20 18:22:21,200,1.000,3.000,34
https://dash-con.com/,0,2026-09-20 18:22:21,0,1.000,3.000,34
https://citizenwallet.xyz/,2312,2026-09-20 18:22:21,200,1.000,3.000,34
https://base.app/,143316,2026-09-20 18:22:22,200,1.000,3.000,34
https://blockrocket.tech/,34671,2026-09-20 18:22:22,200,1.000,3.000,33
https://belgradeblockchainweek.com/discover-belgrade,18929,2026-09-20 18:22:22,200,1.000,3.000,34
http://console.optimism.io/,3843,2026-09-20 18:22:22,200,1.000,3.000,34
https://ethres.org/,161793,2026-09-20 18:22:22,200,1.000,3.000,33
https://docs.privacypools.com/,19727,2026-09-20 18:22:22,200,1.000,3.000,35
https://comapeo.app/,44016,2026-09-20 18:22:22,200,1.000,3.000,35
https://curvy.box/,75376,2026-09-20 18:22:22,200,1.000,3.000,34
https://app.deform.cc/form/20372eb6-ec97-4d37-967f-d36f4b7f4eb2,0,2026-09-20 18:22:22,0,1.000,3.000,33
https://explorer.web3privacy.info/,0,2026-09-20 18:22:22,0,1.000,3.000,32
https://blog.archive.org/2023/05/05/bring-your-family-to-dweb-camp/,160019,2026-09-20 18:22:22,200,1.000,3.000,34
https://dod.ngo/,41608,2026-09-20 18:22:22,200,1.000,3.000,34
https://geode.build/,11355,2026-09-20 18:22:22,200,1.000,3.000,34
https://help.wealthsimple.com/hc/en-ca/articles/15933253671067-Ethereum-Name-Service-ENS,0,2026-09-20 18:22:22,403,1.000,3.000,32
https://ethtaipei.org/,118992,2026-09-20 18:22:22,200,1.000,3.000,33
http://ethprague.com/,116135,2026-09-20 18:22:22,200,1.000,3.000,34
https://eth-blockchain.org/,73119,2026-09-20 18:22:22,200,1.000,3.000,34
https://alte-hoelle.de/,105220,2026-09-20 18:22:23,200,1.000,3.000,34
https://defisaver.com/,461074,2026-09-20 18:22:23,200,1.000,3.000,34
https://getdweb.net/principles,128959,2026-09-20 18:22:23,200,1.000,3.000,34
https://blockops.technology/,3106,2026-09-20 18:22:23,200,1.000,3.000,35
https://hydromancer.xyz/,339971,2026-09-20 18:22:23,200,1.000,3.000,30
https://discuss.ipfs.tech/tos,201707,2026-09-20 18:22:23,200,1.000,3.000,35
https://ethjkt.com/,84487,2026-09-20 18:22:23,200,1.000,3.000,33
https://form.jotform.com/210466965675165/,62734,2026-09-20 18:22:23,200,1.000,3.000,34
https://guild.xyz/buildonbase,98823,2026-09-20 18:22:23,200,1.000,3.000,34
https://ethswarm.org/,74088,2026-09-20 18:22:23,200,1.000,3.000,34
https://ietresearch.onlinelibrary.wiley.com/doi/full/10.1049/blc2.70014,0,2026-09-20 18:22:23,403,1.000,3.000,33
https://aave.defiexplore.com/,0,2026-09-20 18:22:23,0,1.000,3.000,35
https://gov.1inch.network/,226191,2026-09-20 18:22:23,200,1.000,1.893,32
https://ethsafari.xyz/,161385,2026-09-20 18:22:23,200,1.000,3.000,33
https://apify.com/,491818,2026-09-20 18:22:23,200,1.000,3.000,35
https://imagn.com/licensing-reprints/,85253,2026-09-20 18:22:23,200,1.000,3.000,23
https://hub.encode.club/ethereum,455,2026-09-20 18:22:23,200,1.000,3.000,33
https://abmedia.io/,129162,2026-09-20 18:22:23,200,1.000,3.000,34
https://crozdesk.com/software/apify,0,2026-09-20 18:22:23,403,1.000,3.000,36
https://cakewallet.com/,239691,2026-09-20 18:22:23,200,1.000,3.000,35
https://2018.ethberlin.org/,34592,2026-09-20 18:22:23,200,1.000,3.000,35
https://confirmed.events/event/evt-ull56vzzdohu,71547,2026-09-20 18:22:23,200,1.000,3.000,34
https://cryptofest.co.za/crypto-fest-2020/,0,2026-09-20 18:22:23,0,1.000,3.000,21
https://dadrc.org/,18620,2026-09-20 18:22:24,200,1.000,3.000,34
https://info.sky.money/,1645,2026-09-20 18:22:24,200,1.000,3.000,32
https://easychair.org/conferences/?conf=ethres2026,3989,2026-09-20 18:22:24,200,1.000,3.000,34
https://app.impact.com/campaign-campaign-info-v2/Base-Creator.brand,331179,2026-09-20 18:22:24,200,1.000,3.000,35
https://coingape.com/,854446,2026-09-20 18:22:24,200,1.000,3.000,34
https://hyperliquid.xyz/,911203,2026-09-20 18:22:24,200,1.000,3.000,30
https://decentpatterns.xyz/report/,63751,2026-09-20 18:22:24,200,1.000,3.000,35
https://anoni.net/docs/,274221,2026-09-20 18:22:24,200,1.000,3.000,34
https://indexcoop.com/,71794,2026-09-20 18:22:24,200,1.000,3.000,34
https://dl.edge.app/cryptocanal,69345,2026-09-20 18:22:24,200,1.000,3.000,34
https://czm.fel.cvut.cz/,20628,2026-09-20 18:22:24,200,1.000,3.000,35
https://crawlee.dev/,53556,2026-09-20 18:22:24,200,1.000,3.000,36
https://designjustice.org/read-the-principles,142622,2026-09-20 18:22:24,200,1.000,3.000,35
https://iconicwp.com/,1067639,2026-09-20 18:22:24,200,1.000,3.000,20
https://cupcakewallet.com/,151703,2026-09-20 18:22:24,200,1.000,3.000,36
https://accrescent.app/app/com.cakewallet.cake_wallet,8080,2026-09-20 18:22:24,200,1.000,3.000,36
http://ceur-ws.org/,5560975,2026-09-20 18:22:25,200,1.000,3.000,34
https://blockchainweek.berlin/,12404,2026-09-20 18:22:25,200,1.000,3.000,36
https://artizen.fund/index/p/ethsafari-2026?season=7,1243970,2026-09-20 18:22:25,200,1.000,3.000,34
https://davinci.space/en/list,257677,2026-09-20 18:22:25,200,1.000,3.000,35
https://app.hyperlend.finance/,4707,2026-09-20 18:22:25,200,1.000,3.000,31
https://chickenbonds.defiexplore.com/,8984,2026-09-20 18:22:25,200,1.000,3.000,35
https://ducttape.events/,50236,2026-09-20 18:22:25,200,1.000,3.000,35
https://brave.com/,141940,2026-09-20 18:22:25,200,1.000,3.000,36
https://app.trade.xyz/,556888,2026-09-20 18:22:25,200,1.000,3.000,31
https://app.rysk.finance/,307565,2026-09-20 18:22:25,200,1.000,3.000,31
http://detroitdjc.org/principles/,761182,2026-09-20 18:22:25,200,1.000,3.000,35
https://alliedmedia.org/projects/design-justice-project,221214,2026-09-20 18:22:25,200,1.000,3.000,36
http://docs.anoninetru5tflukgfaehun7q6khowgmymcff3gtk5oyesqazhmfxtyd.onion/,0,2026-09-20 18:22:25,0,1.000,3.000,35
https://dune.com/index_coop/indexcoop-perps-vs-leverage-tokens,0,2026-09-20 18:22:25,403,1.000,3.000,35
https://dweb.sutty.nl/,10571,2026-09-20 18:22:25,200,1.000,3.000,35
https://dwebyvr.org/,22322,2026-09-20 18:22:25,200,1.000,3.000,35
https://bcall-landingloop2.com/?i=98y899sazq&p=/login/regist,0,2026-09-20 18:22:25,415,1.000,3.000,35
https://app.morpho.org/,1091849,2026-09-20 18:22:25,200,1.000,3.000,31
https://cakelabs.com/,16499,2026-09-20 18:22:25,200,1.000,3.000,37
https://defihacklabs.io/explorer/index.html,57669,2026-09-20 18:22:25,200,1.000,3.000,34
https://colossus.com/article/beyond-the-sky-jeffrey-yan-hyperliquid/,493969,2026-09-20 18:22:25,200,1.000,3.000,31
https://buzz3.net/,36709,2026-09-20 18:22:25,200,1.000,3.000,35
https://docusaurus.io/,37809,2026-09-20 18:22:26,200,1.000,3.000,37
https://discourse.wicg.io/t/filling-the-remaining-gap-between-websocket-webrtc-and-webtranspor/4366,24951,2026-09-20 18:22:26,200,1.000,3.000,36
https://app.dework.xyz/swarm-41421,0,2026-09-20 18:22:26,0,1.000,3.000,35
https://discuss.libp2p.io/t/report-a-study-of-libp2p-and-eth2/229,171176,2026-09-20 18:22:26,200,1.000,3.000,36
https://dalabs.org/,252600,2026-09-20 18:22:26,200,1.000,3.000,34
https://docs.nexcess.com/,119352,2026-09-20 18:22:26,200,1.000,3.000,21
https://ethicalsource.dev/principles/,318,2026-09-20 18:22:26,200,1.000,3.000,35
https://api.liquidweb.com/docs,947930,2026-09-20 18:22:26,200,1.000,3.000,21
https://andalsotoo.net/,131773,2026-09-20 18:22:26,200,1.000,3.000,36
https://docs.libp2p.io/,45333,2026-09-20 18:22:26,200,1.000,1.893,37
https://fabdao.world/,23980,2026-09-20 18:22:26,200,1.000,3.000,34
https://devin.ai/?utm_source=colossus&utm_medium=newsletter&utm_campaign=sponsored_post_q1&utm_content=deepwiki,735849,2026-09-20 18:22:26,200,1.000,3.000,32
https://argos-ci.com/,515099,2026-09-20 18:22:26,200,1.000,3.000,38
https://cakepay.com/,1575010,2026-09-20 18:22:26,200,1.000,3.000,36
http://bsos.co/,100651,2026-09-20 18:22:26,200,1.000,3.000,34
https://community.brave.app/,356411,2026-09-20 18:22:26,200,1.000,3.000,37
https://blog.torproject.org/take-back-internet-us,59966,2026-09-20 18:22:26,200,1.000,3.000,36
http://ethprague.fileverse.io/,1899,2026-09-20 18:22:26,200,1.000,3.000,35
https://ethpanda.org/,1980,2026-09-20 18:22:26,200,1.000,3.000,34
https://contractfortheweb.org/,0,2026-09-20 18:22:26,0,1.000,3.000,35
https://beakerbrowser.com/,70030,2026-09-20 18:22:26,200,1.000,3.000,36
https://devfolio.co/,238737,2026-09-20 18:22:26,200,1.000,3.000,35
https://developers.learndash.com/,80947,2026-09-20 18:22:27,200,1.000,3.000,22
https://ethsaver.com/,433335,2026-09-20 18:22:27,200,1.000,3.000,35
https://eatsens.com/,516845,2026-09-20 18:22:27,200,1.000,3.000,35
https://cognition.com/get-started,89850,2026-09-20 18:22:27,200,1.000,3.000,33
https://deepwiki.com/,910351,2026-09-20 18:22:27,200,1.000,3.000,33
https://assets.metacade.com/emulators/win311vr.html,7557,2026-09-20 18:22:27,200,1.000,3.000,37
https://docs.theeventscalendar.com/apis/,52761,2026-09-20 18:22:27,200,1.000,3.000,22
https://ethstars.xyz/opportunities,13718236,2026-09-20 18:22:27,200,1.000,3.000,35
https://500.co/,392568,2026-09-20 18:22:27,200,1.000,3.000,35
https://cryptowesearch.com/,191732,2026-09-20 18:22:27,200,1.000,3.000,34
https://2586labs.com/,589407,2026-09-20 18:22:27,200,1.000,3.000,36
https://basicattentiontoken.org/,37269,2026-09-20 18:22:27,200,1.000,3.000,37
https://fintechweekcee.com/,4080,2026-09-20 18:22:27,200,1.000,3.000,35
https://docusaurus.new/,32939,2026-09-20 18:22:27,200,1.000,3.000,38
https://getwake.io/,39403,2026-09-20 18:22:27,200,1.000,3.000,35
https://feministinternet.org/en/principles,38227,2026-09-20 18:22:27,200,1.000,3.000,35
https://getgrav.org/,86408,2026-09-20 18:22:27,200,1.000,3.000,36
https://fioprotocol.io/,102575,2026-09-20 18:22:27,200,1.000,3.000,38
https://fel.cvut.cz/en,89275,2026-09-20 18:22:27,200,1.000,1.893,35
https://flowscan.xyz/,108555,2026-09-20 18:22:28,200,1.000,3.000,31
https://grapheneos.org/,6997,2026-09-20 18:22:28,200,1.000,3.000,37
https://gatsbyjs.org/,206565,2026-09-20 18:22:28,200,1.000,3.000,36
https://cryptofest.co.za/crypto-fest-2023/,0,2026-09-20 18:22:28,0,1.000,3.000,21
https://hackinout.co/,39652,2026-09-20 18:22:28,200,1.000,3.000,37
https://ethprague2026.devfolio.co/projects,95867,2026-09-20 18:22:28,200,1.000,3.000,35
https://grego.ai/,181018,2026-09-20 18:22:28,200,1.000,3.000,35
https://foresightnews.pro/,854102,2026-09-20 18:22:28,200,1.000,3.000,34
https://ge.hackt.es/,92811,2026-09-20 18:22:28,200,1.000,3.000,35
https://foundation.world.org/,17033,2026-09-20 18:22:28,200,1.000,3.000,35
https://blog.stackblitz.com/posts/introducing-webcontainers/,55623,2026-09-20 18:22:28,200,1.000,3.000,39
https://globalonchainsummit.com/,162389,2026-09-20 18:22:28,200,1.000,3.000,35
https://firstmoverz.club/,16391,2026-09-20 18:22:28,200,1.000,3.000,35
https://ackeeblockchain.com/wake/docs/latest,69923,2026-09-20 18:22:28,200,1.000,3.000,36
https://app.fio.net/fio-domain,12933,2026-09-20 18:22:28,200,1.000,3.000,39
https://docs.pytest.org/en/7.4.x/,15332,2026-09-20 18:22:28,200,1.000,3.000,36
https://fio.bloks.io/,6600,2026-09-20 18:22:28,200,1.000,3.000,39
https://gi.de/,51051,2026-09-20 18:22:28,200,1.000,3.000,35
https://app.netlify.com/signup,16499,2026-09-20 18:22:28,200,1.000,3.000,37
https://balsamiq.com/,130852,2026-09-20 18:22:28,200,1.000,3.000,38
https://hackerone.com/brave,3618,2026-09-20 18:22:28,200,1.000,3.000,37
https://alpaca.markets/,175755,2026-09-20 18:22:28,200,1.000,3.000,36
https://ackee.xyz/blog/,76590,2026-09-20 18:22:28,200,1.000,3.000,37
https://digitalocean.com/,289025,2026-09-20 18:22:28,200,1.000,3.000,38
https://clarisights.com/,714117,2026-09-20 18:22:28,200,1.000,3.000,38
https://coincheckup.com/,0,2026-09-20 18:22:28,403,1.000,3.000,36
https://americanfortress.io/,88125,2026-09-20 18:22:28,200,1.000,3.000,36
http://damesens.cz/,518865,2026-09-20 18:22:28,200,1.000,3.000,36
https://branch.io/,310262,2026-09-20 18:22:28,200,1.000,3.000,38
https://decrypt.co/302410/trust-wallet-launches-trust-handles-by-fio-protocol-simplifying-crypto-transactions-for-130m-users,517529,2026-09-20 18:22:28,200,1.000,3.000,39
https://cantina.xyz/u/bbl4de,266761,2026-09-20 18:22:28,200,1.000,3.000,36
https://eosauthority.com/?network=fio,22201,2026-09-20 18:22:28,200,1.000,3.000,39
https://bitget.com/,243746,2026-09-20 18:22:29,200,1.000,3.000,35
https://balsamiq.cloud/,27029,2026-09-20 18:22:29,200,1.000,3.000,39
https://guardarian.com/,426154,2026-09-20 18:22:29,200,1.000,3.000,38
https://coinstats.app/,326000,2026-09-20 18:22:29,200,1.000,3.000,36
https://btcwire.io/,518618,2026-09-20 18:22:29,200,1.000,3.000,36
https://dev.fio.net/docs/fio-identity,159493,2026-09-20 18:22:29,200,1.000,3.000,39
https://celo.org/,1195871,2026-09-20 18:22:29,200,1.000,3.000,37
https://audits.sherlock.xyz/watson/alexbabits,106496,2026-09-20 18:22:29,200,1.000,3.000,36
https://duckduckgo.com/,332109,2026-09-20 18:22:29,200,1.000,3.000,38
https://datraders.org/vip-dalabs/,0,2026-09-20 18:22:29,404,1.000,3.000,35
https://ethindia.co/,36837,2026-09-20 18:22:29,200,1.000,3.000,38
https://fold.money/,90899,2026-09-20 18:22:29,200,1.000,3.000,37
https://giga.global/,534778,2026-09-20 18:22:29,200,1.000,3.000,35
https://colorcoded.la/,464873,2026-09-20 18:22:29,200,1.000,3.000,37
https://docs.cantina.security/researchers/resources,330861,2026-09-20 18:22:29,200,1.000,3.000,37
https://changenow.io/,313737,2026-09-20 18:22:29,200,1.000,3.000,39
https://dastan.co/partner,5611,2026-09-20 18:22:29,200,1.000,3.000,40
https://codehawks.cyfrin.io/finding/clt4vu4mn0012vv50xxt1121j,0,2026-09-20 18:22:29,404,1.000,3.000,37
https://dune.com/queries/2641455/4388846,0,2026-09-20 18:22:30,403,1.000,3.000,38
https://cryptonews.com/,359153,2026-09-20 18:22:30,200,1.000,3.000,36
https://coin.space/,20182,2026-09-20 18:22:30,200,1.000,3.000,39
https://ccvault.io/app/mainnet/welcome,11201,2026-09-20 18:22:30,200,1.000,3.000,39
https://duck.ai/,26282,2026-09-20 18:22:30,200,1.000,3.000,39
https://fairdatasociety.org/,119537,2026-09-20 18:22:30,200,1.000,3.000,35
https://app.textilecredit.com/,15189,2026-09-20 18:22:30,200,1.000,3.000,38
https://cdec.io/,35356,2026-09-20 18:22:30,200,1.000,3.000,36
https://atomicwallet.io/,97099,2026-09-20 18:22:30,200,1.000,3.000,39
https://coinpaper.com/,2262984,2026-09-20 18:22:30,200,1.000,3.000,36
https://elastic.co/,616873,2026-09-20 18:22:30,200,1.000,3.000,38
https://fio.net/discover/get-involved,75302,2026-09-20 18:22:30,200,1.000,1.500,39
https://celofoundation.org/,258144,2026-09-20 18:22:30,200,1.000,3.000,38
https://brinksglobal.com/,358838,2026-09-20 18:22:30,200,1.000,3.000,37
https://exotel.com/,414504,2026-09-20 18:22:30,200,1.000,3.000,38
https://grenade.tw/,383272,2026-09-20 18:22:30,200,1.000,3.000,34
https://fly.io/,92358,2026-09-20 18:22:30,200,1.000,3.000,38
https://celoscan.io/,134513,2026-09-20 18:22:30,200,1.000,3.000,38
https://freshdesk.com/,948651,2026-09-20 18:22:30,200,1.000,3.000,38
https://app.artemisanalytics.com/asset/celo?from=assets&tab=stablecoins,82682,2026-09-20 18:22:30,200,1.000,3.000,38
https://cryptojist.com/,1082033,2026-09-20 18:22:30,200,1.000,3.000,36
https://ethereumkorea.io/,194332,2026-09-20 18:22:30,200,1.000,3.000,34
https://get.tech/,68079,2026-09-20 18:22:30,200,1.000,3.000,38
https://atomicbot.ai/?utm_source=atomicwallet&utm_medium=web&utm_campaign=product-listing,261043,2026-09-20 18:22:30,200,1.000,3.000,40
https://atomic.chat/?utm_source=atomicwallet&utm_campaign=header_products&utm_content=local_ai,186292,2026-09-20 18:22:30,200,1.000,3.000,40
https://fio.id/,2391,2026-09-20 18:22:30,200,1.000,3.000,39
https://atomicagent.io/,121058,2026-09-20 18:22:30,200,1.000,3.000,40
https://clabs.co/terms,231111,2026-09-20 18:22:30,200,1.000,3.000,39
https://dcscc.com/,63673,2026-09-20 18:22:30,200,1.000,3.000,36
https://brinks.io/,976,2026-09-20 18:22:30,200,1.000,3.000,38
https://civic-data.de/,149544,2026-09-20 18:22:30,200,1.000,3.000,36
https://cwallet.com/,184536,2026-09-20 18:22:30,200,1.000,3.000,39
https://fairdataprotocol.bzz.link/,17650,2026-09-20 18:22:30,200,1.000,3.000,35
https://codehawks.cyfrin.io/finding/clt4vu4zf001svv50cyfzg8nm,0,2026-09-20 18:22:30,404,1.000,3.000,37
http://gate.io/,0,2026-09-20 18:22:31,403,1.000,3.000,39
https://gnosis.io/,535998,2026-09-20 18:22:31,200,1.000,3.000,38
https://atomicmail.io/?utm_source=atomicwallet&utm_medium=header_products,165811,2026-09-20 18:22:31,200,1.000,3.000,40
https://atomicvpn.io/?utm_source=atomic_chat&utm_medium=website,173192,2026-09-20 18:22:31,200,1.000,3.000,41
https://ca.brinks.com/,381243,2026-09-20 18:22:31,200,1.000,3.000,38
https://common-grounds-forum.org/,79964,2026-09-20 18:22:31,200,1.000,3.000,36
http://coap.technology/,0,2026-09-20 18:22:31,0,1.000,3.000,37
https://cl.brinks.com/,372520,2026-09-20 18:22:31,200,1.000,3.000,38
https://cr.brinks.com/,359584,2026-09-20 18:22:31,200,1.000,3.000,38
https://datafund.io/,20624,2026-09-20 18:22:31,200,1.000,3.000,36
https://br.brinks.com/,364133,2026-09-20 18:22:31,200,1.000,3.000,38
https://brinks.nl/,84261,2026-09-20 18:22:31,200,1.000,3.000,38
https://aimlapi.com/?utm_source=atomicchat&utm_medium=referral&utm_campaign=hero&utm_content=run_in_cloud,185122,2026-09-20 18:22:31,200,1.000,3.000,41
https://bo.brinks.com/,359669,2026-09-20 18:22:31,200,1.000,3.000,38
https://docs.sprites.dev/,102570,2026-09-20 18:22:31,200,1.000,3.000,39
https://byte-challenge.de/,147032,2026-09-20 18:22:31,200,1.000,3.000,36
https://announcements.brinksinc.com/en/web/brinks-g4s,0,2026-09-20 18:22:31,0,1.000,3.000,39
https://gitcoin.co/fairdatasociety,0,2026-09-20 18:22:31,404,1.000,3.000,36
http://ae.brinks.com/,333350,2026-09-20 18:22:31,200,1.000,3.000,38
https://atomicmail.ai/?utm_source=atomicmailmenu,87138,2026-09-20 18:22:31,200,1.000,3.000,41
https://codehawks.cyfrin.io/contests/clql6lvyu0001mnje1xpqcuvl,122652,2026-09-20 18:22:31,200,1.000,3.000,37
https://aboutcircles.com/,36191,2026-09-20 18:22:31,200,1.000,3.000,39
https://be.brinks.com/,79714,2026-09-20 18:22:31,200,1.000,3.000,38
https://cryptofest.co.za/crypto-fest-2025/,0,2026-09-20 18:22:32,0,1.000,3.000,21
https://gi-radar.de/,142371,2026-09-20 18:22:32,200,1.000,3.000,36
https://co.brinks.com/,368400,2026-09-20 18:22:32,200,1.000,3.000,38
https://autoatendimento.brinks.com.br/?index=page0,0,2026-09-20 18:22:32,0,1.000,3.000,39
https://cz.brinks.com/,84451,2026-09-20 18:22:32,200,1.000,3.000,38
https://do.brinks.com/es,368530,2026-09-20 18:22:32,200,1.000,3.000,38
https://brinks.trabajando.cl/,363599,2026-09-20 18:22:32,200,1.000,3.000,39
https://brinks-careers.com/fr-CA/,84914,2026-09-20 18:22:32,200,1.000,3.000,39
https://cy.brinks.com/,92570,2026-09-20 18:22:32,200,1.000,3.000,38
https://cw.brinks.com/,359584,2026-09-20 18:22:32,200,1.000,3.000,38
https://brinksfineart.com/,300907,2026-09-20 18:22:32,200,1.000,3.000,39
https://brinksfinearts.com/,300907,2026-09-20 18:22:32,200,1.000,3.000,38
https://help.x.com/en/x-for-websites-ads-info-and-privacy,0,2026-09-20 18:22:32,403,1.000,3.000,31
https://grapheneos.social/@GrapheneOS,55723,2026-09-20 18:22:32,200,1.000,3.000,38
https://hbr.org/2017/01/the-truth-about-blockchain,178345,2026-09-20 18:22:32,200,1.000,3.000,36
https://guardarian.freshdesk.com/support/home,28074,2026-09-20 18:22:32,200,1.000,1.893,39
https://brinks.be/over-brinks/cookies,63200,2026-09-20 18:22:32,200,1.000,3.000,39
https://brinks.cz/brinks-complete/retailbox-pro-maloobchodniky,80508,2026-09-20 18:22:32,200,1.000,3.000,39
https://community.freshworks.com/,579332,2026-09-20 18:22:32,200,1.000,3.000,39
https://abuse.radix.website/,6759,2026-09-20 18:22:33,200,1.000,3.000,39
https://hostadvice.com/hosting-company/liquidweb-reviews/,504936,2026-09-20 18:22:33,200,1.000,3.000,21
https://guarda.com/,290951,2026-09-20 18:22:33,200,1.000,3.000,39
https://datraders.org/,259607,2026-09-20 18:22:33,200,1.000,3.000,35
https://hyperliquid.gitbook.io/hyperliquid-docs,386481,2026-09-20 18:22:33,200,1.000,3.000,31
https://hercareer.com/,0,2026-09-20 18:22:33,0,1.000,3.000,37
https://gnosis.jobs.personio.com/,79399,2026-09-20 18:22:33,200,1.000,3.000,39
https://careers.brinks.be/,61727,2026-09-20 18:22:33,200,1.000,3.000,39
https://feeds.harvardbusiness.org/harvardbusiness/,0,2026-09-20 18:22:33,0,1.000,3.000,37
https://go.co/,0,2026-09-20 18:22:33,503,1.000,3.000,38
https://brinks.cy/brinks-παραδοσιακές-χρηματαποστολές/χρηματαποστολές-γάμων,68253,2026-09-20 18:22:33,200,1.000,3.000,39
https://gr.brinks.com/,57742,2026-09-20 18:22:33,200,1.000,1.069,38
https://ee.brinks.com/,78557,2026-09-20 18:22:33,200,1.000,3.000,38
https://giveaway.com/,656372,2026-09-20 18:22:33,200,1.000,3.000,40
https://calendar.app.google/FMJpK9nbDkFHqGm78,80624,2026-09-20 18:22:33,200,1.000,3.000,42
https://hackster.io/,103381,2026-09-20 18:22:33,200,1.000,3.000,38
https://ipv6eth.info/,0,2026-09-20 18:22:33,0,1.000,3.000,32
https://hbsp.harvard.edu/,5344,2026-09-20 18:22:33,200,1.000,3.000,37
https://insights.glassnode.com/bitcoin-liquid-supply/,0,2026-09-20 18:22:33,403,1.000,3.000,33
https://careers.brinks.cy/,65015,2026-09-20 18:22:33,200,1.000,3.000,39
https://intro.maicoin.com/maicoinpay-maicoin?utm_source=ABM&utm_campaign=hilife-maicoinpay,76941,2026-09-20 18:22:33,200,1.000,3.000,35
https://coinledger.io/integrations/guarda-wallet,147139,2026-09-20 18:22:33,200,1.000,3.000,40
https://hackenproof.com/hackers/alexbabits,215713,2026-09-20 18:22:33,200,1.000,3.000,36
https://ipfs.canny.io/docs-features,11407,2026-09-20 18:22:33,200,1.000,3.000,34
https://infinitywallet.io/,251418,2026-09-20 18:22:34,200,1.000,3.000,39
https://instapods.com/apps/automem/?ref=jack,21389,2026-09-20 18:22:34,200,1.000,3.000,21
https://infocivics.com/,3351,2026-09-20 18:22:34,200,1.000,3.000,36
http://jnews.jegtheme.com/default/feed/,0,2026-09-20 18:22:34,0,1.000,3.000,29
https://jameskemp.photo/,0,2026-09-20 18:22:34,0,1.000,3.000,20
https://brinks.ee/deposiitseifid/lincsafe-bcs,75522,2026-09-20 18:22:34,200,1.000,3.000,39
https://hk.brinks.com/,365483,2026-09-20 18:22:34,200,1.000,0.903,38
https://investors.brinks.com/news-releases/news-release-details/brinks-and-meedaf-form-strategic-alliance-revolutionize-cash-and,0,2026-09-20 18:22:34,403,1.000,0.788,38
http://jigsaw.w3.org/css-validator/check/referer,0,2026-09-20 18:22:34,403,1.000,3.000,21
https://brinks.gr/en/process-date,41557,2026-09-20 18:22:34,200,1.000,3.000,39
http://id.brinks.com/,364966,2026-09-20 18:22:34,200,1.000,0.837,38
https://ir.freshworks.com/,196882,2026-09-20 18:22:34,200,1.000,1.893,39
https://intel.com/,0,2026-09-20 18:22:34,403,1.000,3.000,38
https://centralnicregistry.com/support/whois,101271,2026-09-20 18:22:34,200,1.000,3.000,40
https://jamesckemp.com/about/,102084,2026-09-20 18:22:34,200,1.000,3.000,20
https://info.technews.tw/company/83118949-%E8%89%BE%E7%91%AA%E5%9C%8B%E9%9A%9B%E7%AE%A1%E7%90%86%E9%A1%A7%E5%95%8F%E6%9C%89%E9%99%90%E5%85%AC%E5%8F%B8,58626,2026-09-20 18:22:34,200,1.000,3.000,34
https://jiffyscan.xyz/?network=mainnet,42005,2026-09-20 18:22:34,200,1.000,3.000,32
https://ie.brinks.com/,72597,2026-09-20 18:22:34,200,1.000,0.837,38
https://j3infotech.icorepay.tech/,16190,2026-09-20 18:22:34,200,1.000,3.000,16
https://informatik-allianz.de/,144383,2026-09-20 18:22:34,200,1.000,3.000,36
https://jobs.ashbyhq.com/squads,14075,2026-09-20 18:22:34,200,1.000,3.000,31
https://expresstech.io/,279989,2026-09-20 18:22:34,200,1.000,3.000,22
https://jetbrains.com/,279372,2026-09-20 18:22:35,200,1.000,3.000,38
https://jo.brinks.com/,362228,2026-09-20 18:22:35,200,1.000,0.750,38
https://journals.sagepub.com/doi/full/10.1177/0961463X241310562,0,2026-09-20 18:22:35,403,1.000,3.000,8
https://events.q4inc.com/attendee/315126183,3703,2026-09-20 18:22:35,200,1.000,3.000,40
https://jobs.brinks.gr/en/,57920,2026-09-20 18:22:35,200,1.000,3.000,39
https://joobpool.com/,17773,2026-09-20 18:22:35,200,1.000,3.000,34
https://announcements.brinksinc.com/en/web/global-covid-19,0,2026-09-20 18:22:35,0,1.000,3.000,39
http://cryptofest.co.za/,0,2026-09-20 18:22:35,0,1.000,3.000,22
https://coinbureau.com/review/guarda-wallet-review,467160,2026-09-20 18:22:35,200,1.000,3.000,40
https://invision.com/,953381,2026-09-20 18:22:35,200,1.000,3.000,38
https://jaf.link/3GsyUMP,104930,2026-09-20 18:22:35,200,1.000,3.000,13
https://jonudell.info/newstack/archive.html,5899,2026-09-20 18:22:35,200,1.000,3.000,10
https://journals.plos.org/plosone/article?id=10.1371/journal.pone.0105875,289601,2026-09-20 18:22:35,200,1.000,3.000,18
http://josephmansfield.uk/,8871,2026-09-20 18:22:35,200,1.000,3.000,13
https://jfp.csc.fi/jufoportal?Jufo_ID=53269,70212,2026-09-20 18:22:35,200,1.000,3.000,35
https://brinks.ie/customer-testimonials,62265,2026-09-20 18:22:35,200,1.000,3.000,39
https://jiffylabs.hashnode.dev/,63606,2026-09-20 18:22:35,200,1.000,3.000,33
https://jozu.com/,174002,2026-09-20 18:22:35,200,1.000,3.000,6
https://careers.brinks.ie/,44051,2026-09-20 18:22:35,200,1.000,3.000,39
https://jp.ign.com/hideo-kojima/84282/playstationphysint,180454,2026-09-20 18:22:35,200,1.000,3.000,10
https://investmentasia.net/,0,2026-09-20 18:22:36,0,1.000,3.000,18
https://join.fairdrive.io/,0,2026-09-20 18:22:36,404,1.000,3.000,36
https://journals.sagepub.com/doi/10.1177/0748730419854197,0,2026-09-20 18:22:36,403,1.000,3.000,8
https://exponentwptheme.com/,473112,2026-09-20 18:22:36,200,1.000,3.000,23
http://journal.stuffwithstuff.com/,25555,2026-09-20 18:22:36,200,1.000,1.893,15
https://developers.miro.com/,305334,2026-09-20 18:22:36,200,1.000,3.000,39
https://help.miro.com/hc/en-us,0,2026-09-20 18:22:36,403,1.000,3.000,39
https://academy.miro.com/,479645,2026-09-20 18:22:36,200,1.000,3.000,39
https://community.miro.com/,390699,2026-09-20 18:22:36,200,1.000,3.000,39
https://cv.ee/et/search/employer/brink-s-baltics?employerId=47565&employerName=Brink%E2%80%99s%20Baltics,1010734,2026-09-20 18:22:36,200,1.000,3.000,39
https://jobstash.xyz/,2808160,2026-09-20 18:22:36,200,1.000,3.000,32
https://invisible.garden/,0,2026-09-20 18:22:36,0,1.000,3.000,33
https://charta-digitale-bildung.de/,223625,2026-09-20 18:22:36,200,1.000,3.000,37
https://joyofrails.com/articles/mastering-custom-configuration-in-rails,139628,2026-09-20 18:22:36,200,1.000,3.000,10
https://jiffyscan.mintlify.app/welcome,242477,2026-09-20 18:22:36,200,1.000,3.000,33
https://brandexponents.com/,331932,2026-09-20 18:22:36,200,1.000,3.000,23
https://hashnode.com/@Samarth001,127384,2026-09-20 18:22:36,200,1.000,3.000,34
https://jp.brinks.com/,358338,2026-09-20 18:22:36,200,1.000,0.694,38
https://air.dev/,3257,2026-09-20 18:22:36,200,1.000,3.000,39
https://journals.sagepub.com/doi/abs/10.1177/0001839215576401,0,2026-09-20 18:22:36,403,1.000,3.000,13
https://jrvrgroup.com/james-river-insurance,89247,2026-09-20 18:22:36,200,1.000,3.000,17
https://blog.quoteunquoteapps.com/standard-screenplay-format-the-writers-guide/,48300,2026-09-20 18:22:36,200,1.000,3.000,16
https://js13kgames.com/,24658,2026-09-20 18:22:36,200,1.000,1.500,12
https://astragames.org/,343093,2026-09-20 18:22:36,200,1.000,3.000,14
https://jschema.org/,7638,2026-09-20 18:22:36,200,1.000,3.000,13
http://jser.info/2015/05/06/iojs2.0.0-msedge-isomorphic/,37820,2026-09-20 18:22:36,200,1.000,3.000,7
https://informatik-monitor.de/2024-25/laendervergleich/nordrhein-westfalen,97240,2026-09-20 18:22:37,200,1.000,3.000,37
https://hostcircle.com/,41199,2026-09-20 18:22:37,200,1.000,3.000,24
http://blog.brackets.io/2015/04/27/brackets-1-3-release-is-here/,0,2026-09-20 18:22:37,0,1.000,3.000,8
https://jquerymobile.com/,22330,2026-09-20 18:22:37,200,1.000,3.000,8
https://jsfunit.jboss.org/,27965,2026-09-20 18:22:37,200,1.000,0.946,5
https://jqueryui.com/,26394,2026-09-20 18:22:37,200,1.000,1.893,8
https://jozu.ml/,34014,2026-09-20 18:22:37,200,1.000,3.000,7
http://json.org/,262,2026-09-20 18:22:37,200,1.000,3.000,13
https://bug0.com/?utm_source=hashnode&utm_medium=sidebar&utm_campaign=cross_product,633189,2026-09-20 18:22:37,200,1.000,3.000,35
https://darkshift.dev/?utm_source=hashnode&utm_medium=sidebar&utm_campaign=cross_product,102118,2026-09-20 18:22:37,200,1.000,3.000,35
https://astralogical.org/game-dawnfolk,169643,2026-09-20 18:22:37,200,1.000,3.000,15
https://gutena.io/,249420,2026-09-20 18:22:37,200,1.000,3.000,23
https://json-render.dev/,189617,2026-09-20 18:22:37,200,1.000,3.000,11
https://julialang.org/,61114,2026-09-20 18:22:37,200,1.000,3.000,8
http://blogs.windows.com/msedgedev/2015/05/05/introducing-microsoft-edge-dev/,119977,2026-09-20 18:22:37,200,1.000,3.000,8
https://feedly.com/i/subscription/feed%2Fhttps://jser.info/rss/,45299,2026-09-20 18:22:37,200,1.000,3.000,8
https://go.bug0.com/passmark?utm_source=hashnode&utm_medium=sidebar&utm_campaign=cross_product,451373,2026-09-20 18:22:37,200,1.000,3.000,35
https://html5experts.jp/shumpei-shiraishi/14895/,69490,2026-09-20 18:22:37,200,1.000,3.000,8
https://aiologin.com/,584990,2026-09-20 18:22:37,200,1.000,3.000,24
https://journals.uio.no/prismet,16936,2026-09-20 18:22:38,200,1.000,3.000,14
https://hostcircle.nl/amd-epyc-servers.php,59643,2026-09-20 18:22:38,200,1.000,3.000,25
https://charter-digital-education.org/,71971,2026-09-20 18:22:38,200,1.000,3.000,38
https://coincidence.games/,4887,2026-09-20 18:22:38,200,1.000,3.000,15
http://johnaugust.com/2003/script-formatting,46558,2026-09-20 18:22:38,200,1.000,3.000,17
https://jrescue.net/,95885,2026-09-20 18:22:38,200,1.000,3.000,11
https://binarybuilder.org/,4698,2026-09-20 18:22:38,200,1.000,3.000,9
http://efcl.info/2015/04/30/npm-namespace/,19769,2026-09-20 18:22:38,200,1.000,3.000,8
http://jira.jboss.com/jira/browse/JSFUNIT?report=com.atlassian.jira.plugin.system.project:openissues-panel,0,2026-09-20 18:22:38,400,1.000,3.000,6
https://json.aftermarket.pl/,10705,2026-09-20 18:22:38,200,1.000,1.893,15
http://blogs.msdn.com/b/typescript/archive/2015/04/30/announcing-typescript-1-5-beta.aspx,0,2026-09-20 18:22:38,403,1.000,3.000,8
http://devchannel.modern.ie/websummit,0,2026-09-20 18:22:38,404,1.000,3.000,9
https://factorykit.ai/,101823,2026-09-20 18:22:38,200,1.000,3.000,36
https://get.slack.help/hc/ja/articles/218688467-Slack-%E3%81%AB-RSS-%E3%83%95%E3%82%A3%E3%83%BC%E3%83%89%E3%82%92%E8%BF%BD%E5%8A%A0%E3%81%99%E3%82%8B,94215,2026-09-20 18:22:38,200,1.000,3.000,8
https://elite.envato.com/wall-of-fame/,88121,2026-09-20 18:22:38,200,1.000,3.000,24
http://jprs.co.jp/,21906,2026-09-20 18:22:38,200,1.000,3.000,12
https://brinksco-my.sharepoint.com/:w:/g/personal/snehavanditha_dasari_brinks_com/EapsesPiLeBFicmPwTE8UhsBcNricMqisoNE6nRJq6kZXA?rtime=jeZdcd_X3Eg,441697,2026-09-20 18:22:38,200,1.000,3.000,40
https://cybozu.co.jp/,28802,2026-09-20 18:22:38,200,1.000,3.000,8
https://docs.juliaplots.org/latest/backends/,44501,2026-09-20 18:22:38,200,1.000,3.000,9
https://franklinjl.org/,12095,2026-09-20 18:22:38,200,1.000,3.000,9
http://flatironjs.org/,161,2026-09-20 18:22:38,200,1.000,3.000,9
https://juliadatabases.org/,3496,2026-09-20 18:22:38,200,1.000,3.000,9
https://bug0.trust.site/,355596,2026-09-20 18:22:39,200,1.000,3.000,36
https://juliacon.org/,1332,2026-09-20 18:22:39,200,1.000,3.000,9
http://jira.jboss.com/jira/browse/JSFUNIT,0,2026-09-20 18:22:39,400,1.000,3.000,6
https://juliagpu.org/,8815,2026-09-20 18:22:39,200,1.000,3.000,9
https://copilot.com/?fromcode=cmmuaql67jy,251367,2026-09-20 18:22:39,200,1.000,3.000,9
https://gutenaforms.com/roadmap/,172396,2026-09-20 18:22:39,200,1.000,3.000,24
https://jussituomi.com/,0,2026-09-20 18:22:39,0,1.000,3.000,14
https://juliagraphs.org/,3476,2026-09-20 18:22:39,200,1.000,3.000,9
https://jump.dev/,34551,2026-09-20 18:22:39,200,1.000,3.000,9
https://jsprimer.net/,56471,2026-09-20 18:22:39,200,1.000,3.000,9
https://jumpcrypto.com/,33819,2026-09-20 18:22:39,200,1.000,3.000,15
http://blog.npmjs.org/post/116936804365/solving-npms-hard-problem-naming-packages,5718,2026-09-20 18:22:39,200,1.000,3.000,9
https://brand.slackhq.com/,15905,2026-09-20 18:22:39,200,1.000,3.000,9
https://codecanyon.net/user/lcweb,121551,2026-09-20 18:22:39,200,1.000,3.000,25
http://dev.modern.ie/,80384,2026-09-20 18:22:39,200,1.000,3.000,8
https://jup.ag/,125031,2026-09-20 18:22:39,200,1.000,3.000,22
https://gnuplot.info/,0,2026-09-20 18:22:39,0,1.000,3.000,10
https://juliahub.com/ui/Packages,1799,2026-09-20 18:22:39,200,1.000,3.000,9
https://kafka.apache.org/,24230,2026-09-20 18:22:39,200,1.000,1.893,5
http://channel9.msdn.com/Events/WebPlatformSummit/2015,35398,2026-09-20 18:22:39,200,1.000,3.000,9
https://jvilk.com/,33771,2026-09-20 18:22:39,200,1.000,3.000,11
https://engineering.wisc.edu/departments/industrial-systems-engineering/,103333,2026-09-20 18:22:39,200,1.000,3.000,10
https://highlightjs.org/,27902,2026-09-20 18:22:39,200,1.000,3.000,10
https://graphicriver.net/?auto_signin=true,422017,2026-09-20 18:22:39,200,1.000,3.000,26
https://junit.org/,21919,2026-09-20 18:22:39,200,1.000,3.000,6
https://audiojungle.net/?auto_signin=true,581763,2026-09-20 18:22:39,200,1.000,3.000,26
http://codemoo.com/,0,2026-09-20 18:22:39,0,1.000,3.000,12
https://3docean.net/?auto_signin=true,376077,2026-09-20 18:22:39,200,1.000,3.000,26
https://being-i.sh/,8851,2026-09-20 18:22:39,200,1.000,3.000,10
http://blogs.msdn.com/b/ie/archive/2015/04/29/microsoft-edge-is-the-browser-for-windows-10.aspx,0,2026-09-20 18:22:39,403,1.000,3.000,8
https://blogs.bing.com/search/november-2023/our-vision-to-bring-microsoft-copilot-to-everyone-and-more?form=MA13LH,38883,2026-09-20 18:22:39,200,1.000,3.000,9
https://dl.acm.org/doi/10.1145/3319502.3374780,0,2026-09-20 18:22:39,403,1.000,3.000,12
https://gr-framework.org/julia-gr.html,178735,2026-09-20 18:22:39,200,1.000,3.000,10
https://jupiter.global/,70122,2026-09-20 18:22:40,200,1.000,3.000,23
https://justhyre.com/?utm_source=ExpressTech&utm_medium=hero_section&utm_campaign=hire_wordpress_developers&utm_content=hire-us,61587,2026-09-20 18:22:40,200,1.000,3.000,23
https://codeberg.org/junit-team/junit-framework,0,2026-09-20 18:22:40,403,1.000,3.000,7
https://jump.ai/,215953,2026-09-20 18:22:40,200,1.000,3.000,9
http://jira.jboss.com/jira/browse/JSFUNIT?report=com.atlassian.jira.plugin.system.project:roadmap-panel,0,2026-09-20 18:22:40,400,1.000,3.000,6
https://browsix.org/,15935,2026-09-20 18:22:40,200,1.000,3.000,12
https://k33.com/,73702,2026-09-20 18:22:40,200,1.000,3.000,16
https://juliacomputing.com/case-studies/psr/,684651,2026-09-20 18:22:40,200,1.000,3.000,10
https://brink-s-platform-europe.euwest01.umbraco.io/ee-en/deposit/lincsafe-bcs-not-finished,0,2026-09-20 18:22:40,0,1.000,3.000,40
http://jsmess.textfiles.com/,593,2026-09-20 18:22:40,200,1.000,3.000,12
https://jrmkt.com/tra/traffic_comparison/,0,2026-09-20 18:22:40,0,1.000,3.000,11
https://kafka-summit.org/,125652,2026-09-20 18:22:40,200,1.000,3.000,6
https://cvonline.varbamisteenused.ee/,185280,2026-09-20 18:22:40,200,1.000,3.000,40
https://kagelink.me/royaltoto-daftar,0,2026-09-20 18:22:40,403,1.000,3.000,13
http://asmjs.org/,572,2026-09-20 18:22:40,200,1.000,3.000,13
https://develocity.ai/,449804,2026-09-20 18:22:40,200,1.000,3.000,7
https://ecoledesponts.fr/,141680,2026-09-20 18:22:40,200,1.000,3.000,10
https://bpowers.net/,20783,2026-09-20 18:22:40,200,1.000,3.000,13
https://kairos-timeboost.xyz/,4179,2026-09-20 18:22:40,200,1.000,1.893,31
https://codefortynine.com/,291068,2026-09-20 18:22:40,200,1.000,3.000,7
https://current.confluent.io/,55101,2026-09-20 18:22:40,200,1.000,3.000,7
http://blogs.skype.com/,61988,2026-09-20 18:22:40,200,1.000,3.000,10
https://apiexperts.io/solutions/woosquare-plus/?utm_source=aio_login_website&utm_medium=footer&utm_campaign=website,589119,2026-09-20 18:22:40,200,1.000,3.000,25
https://brand.jprs/,22034,2026-09-20 18:22:40,200,1.000,3.000,13
https://jprs.jp/tldservices/,30062,2026-09-20 18:22:40,200,1.000,3.000,13
https://kadokawagamelinkage.jp/,16618,2026-09-20 18:22:41,200,1.000,3.000,11
https://kalo.me/,339599,2026-09-20 18:22:41,200,1.000,3.000,16
https://jpdirect.jp/domain.html,26549,2026-09-20 18:22:41,200,1.000,3.000,13
https://gradle.com/,449804,2026-09-20 18:22:41,200,1.000,3.000,7
https://jb.gg/OpenSourceSupport,44535,2026-09-20 18:22:41,200,1.000,3.000,7
https://books.famitsu-dengeki.com/,56758,2026-09-20 18:22:41,200,1.000,3.000,12
http://conferences.inf.ed.ac.uk/pldi2014/,31198,2026-09-20 18:22:41,200,1.000,3.000,12
https://brink-s-platform-europe.euwest01.umbraco.io/en-country/solutions2/brinks-cash-management/brinks-cash-processing,76391,2026-09-20 18:22:41,200,1.000,3.000,39
http://kakuyodo.cocolog-nifty.com/blog/2026/09/post-d21e79.html,102342,2026-09-20 18:22:41,200,1.000,3.000,10
https://dpeuniversity.gradle.com/app/,147866,2026-09-20 18:22:41,200,1.000,3.000,8
http://bleak-detector.org/,362298,2026-09-20 18:22:41,200,1.000,3.000,12
http://acaia.co/,287913,2026-09-20 18:22:41,200,1.000,3.000,14
http://ismm2014.cs.tufts.edu/,0,2026-09-20 18:22:41,0,1.000,3.000,13
https://gradle.org/,67243,2026-09-20 18:22:41,200,1.000,3.000,8
http://doppiojvm.org/,269574,2026-09-20 18:22:41,200,1.000,3.000,12
https://insider.teams.com/whats-new/,117600,2026-09-20 18:22:41,200,1.000,3.000,11
https://dcp.stanford.edu/,4704,2026-09-20 18:22:41,200,1.000,3.000,10
http://blogs.technet.com/b/microsoft_blog/,51294,2026-09-20 18:22:41,200,1.000,3.000,10
https://kalendar.beda.cz/kdy-zacina-a-konci-letni-cas,43145,2026-09-20 18:22:41,200,1.000,3.000,8
https://coveralls.io/github/plasma-umass/BLeak,0,2026-09-20 18:22:41,403,1.000,3.000,13
http://ascii.textfiles.com/archives/4924,71111,2026-09-20 18:22:41,200,1.000,3.000,12
https://cabs.conventionedinburgh.com/ei/cm.esp?id=150430&pageid=_3XT0RR2KY,0,2026-09-20 18:22:41,0,1.000,3.000,13
https://enpc.hal.science/,12605,2026-09-20 18:22:41,200,1.000,3.000,11
https://coreos.com/docs/launching-containers/launching/getting-started-with-systemd/,0,2026-09-20 18:22:41,403,1.000,3.000,13
https://kartikprabhu.com/static/demo/fragmention.html,0,2026-09-20 18:22:41,0,1.000,3.000,11
https://kagelink.me/royaltoto-link,0,2026-09-20 18:22:41,403,1.000,3.000,13
http://cvxr.com/cvx/,26085,2026-09-20 18:22:42,200,1.000,3.000,11
https://info.erasmusplus.fr/,58713,2026-09-20 18:22:42,200,1.000,3.000,11
https://kaplayjs.com/,113231,2026-09-20 18:22:42,200,1.000,3.000,13
http://joeyh.name/,6227,2026-09-20 18:22:42,200,1.000,3.000,13
https://juju.is/blog/ansible-vs-terraform-vs-juju-fight-or-cooperation,0,2026-09-20 18:22:42,0,1.000,3.000,8
https://katex.org/,16020,2026-09-20 18:22:42,200,1.000,3.000,10
http://joey.hess.usesthis.com/,0,2026-09-20 18:22:42,0,1.000,3.000,14
https://ci.appveyor.com/project/jvilk/bleak/branch/master,7954,2026-09-20 18:22:42,200,1.000,3.000,13
https://educnet.enpc.fr/,52105,2026-09-20 18:22:42,200,1.000,3.000,11
https://cvonlinerecruitment.com/full-selection/,0,2026-09-20 18:22:42,404,1.000,3.000,41
http://conf.researchr.org/track/pldi-2016/PLMW-PLDI-2016,118111,2026-09-20 18:22:42,200,1.000,3.000,14
http://db48x.net/,24439,2026-09-20 18:22:42,200,1.000,3.000,13
https://cvxr.rbind.io/,77182,2026-09-20 18:22:42,200,1.000,3.000,11
https://amyspark-ng.newgrounds.com/,0,2026-09-20 18:22:42,403,1.000,3.000,14
https://katinamagazine.org/content/article/resource-reviews/2026/academic-video-online-review,74452,2026-09-20 18:22:42,200,1.000,3.000,14
https://cafecito.app/kaplay,53668,2026-09-20 18:22:42,200,1.000,3.000,14
https://kai-you.net/article/96310,347597,2026-09-20 18:22:42,200,1.000,3.000,10
http://c-mind.org/events/trust2014,1286,2026-09-20 18:22:42,200,1.000,3.000,13
https://kampnagel.de/,101247,2026-09-20 18:22:42,200,1.000,3.000,12
http://docs.moodle.org/fr/Accueil,0,2026-09-20 18:22:42,403,1.000,3.000,12
http://kartikprabhu.com/static/demo/fragmention.html,0,2026-09-20 18:22:42,0,1.000,3.000,11
https://kashin.app/,110261,2026-09-20 18:22:42,200,1.000,3.000,15
http://kasirzadeh.org/,121634,2026-09-20 18:22:43,200,1.000,3.000,8
https://ebten.jp/,0,2026-09-20 18:22:43,202,1.000,3.000,12
https://kedify.io/,212311,2026-09-20 18:22:43,200,1.000,3.000,6
https://cvxpy.org/,0,2026-09-20 18:22:43,0,1.000,3.000,12
https://karteniaaudit.com/,47433,2026-09-20 18:22:43,200,1.000,3.000,19
https://archiv.ucl.cas.cz/,4508,2026-09-20 18:22:43,200,1.000,3.000,9
https://download.moodle.org/mobile?version=2024100712&lang=fr&iosappid=633359593&androidappid=com.moodle.moodlemobile,49706,2026-09-20 18:22:43,200,1.000,3.000,12
https://dl.acm.org/doi/10.1145/3514094.3534188,0,2026-09-20 18:22:43,403,1.000,3.000,9
https://clarabel.org/,117,2026-09-20 18:22:43,200,1.000,3.000,12
https://kanalregister.hkdir.no/publiseringskanaler/Forside,132448,2026-09-20 18:22:43,200,1.000,3.000,12
https://kelvin.health/,40196,2026-09-20 18:22:43,200,1.000,3.000,20
https://bookwalker.jp/de2d7bbed3-e015-4e77-af29-e2dd9ebce81e/?adpcnt=byY6xgUA&sample=1,5917,2026-09-20 18:22:43,200,1.000,3.000,13
https://docs.mosek.com/latest/rmosek/index.html,16318,2026-09-20 18:22:43,200,1.000,3.000,12
https://kde.social/@tokodon,55304,2026-09-20 18:22:43,200,1.000,3.000,10
https://kaist.ac.kr/en/,43615,2026-09-20 18:22:43,200,1.000,3.000,10
https://facctconference.org/2024/acceptedtutorials,0,2026-09-20 18:22:43,404,1.000,3.000,9
https://dailynous.com/2023/03/14/philosophers-on-next-generation-large-language-models/,1734,2026-09-20 18:22:43,200,1.000,3.000,9
https://group.kadokawa.co.jp/information/promotional_topics/article-15678.html,45194,2026-09-20 18:22:43,200,1.000,3.000,12
https://kartikprabhu.com/,0,2026-09-20 18:22:43,0,1.000,3.000,12
https://flipcx.com/,440009,2026-09-20 18:22:43,200,1.000,3.000,7
https://fairmlbook.org/index.html,7377,2026-09-20 18:22:43,200,1.000,3.000,9
https://eelisa.eu/,635422,2026-09-20 18:22:43,200,1.000,3.000,11
https://kernel.org/,20359,2026-09-20 18:22:43,200,1.000,3.000,14
https://keda.sh/,87650,2026-09-20 18:22:43,200,1.000,3.000,7
https://kb.meinbergglobal.com/kb/time_sync/ntp/configuration/ntp_leap_second_file,58516,2026-09-20 18:22:43,200,1.000,3.000,8
https://cvonlinerecruitment.com/,187387,2026-09-20 18:22:43,200,1.000,3.000,41
http://kernelmag.dailydot.com/issue-sections/features-issue-sections/16586/malware-museum-virus/,0,2026-09-20 18:22:43,410,1.000,3.000,13
http://blog.might.net/,3662,2026-09-20 18:22:43,200,1.000,3.000,15
https://keybase.io/,19192,2026-09-20 18:22:43,200,1.000,3.000,8
https://dream-theme.com/,121556,2026-09-20 18:22:43,200,1.000,3.000,12
https://data.norge.no/nlod/no/2.0,58899,2026-09-20 18:22:43,200,1.000,3.000,13
http://blog.bingads.com/?s_cid=en-us_search_bing_blog_footer_BABlog,0,2026-09-20 18:22:44,0,1.000,3.000,10
https://apps.moodle.com/local/apps/,42802,2026-09-20 18:22:44,200,1.000,3.000,13
http://kenan.ethics.duke.edu/people/kie-faculty-senior-fellows/chris-macdonald/,0,2026-09-20 18:22:44,404,1.000,3.000,20
https://juju.is/operator-day,279905,2026-09-20 18:22:44,200,1.000,3.000,8
https://chattermill.com/,187910,2026-09-20 18:22:44,200,1.000,3.000,8
https://kffein.com/,17194,2026-09-20 18:22:44,200,1.000,3.000,12
http://clarity-lab.org/,0,2026-09-20 18:22:44,0,1.000,3.000,15
https://dig.security/,0,2026-09-20 18:22:44,0,1.000,3.000,8
https://cap.energy/,987308,2026-09-20 18:22:44,200,1.000,3.000,8
http://baseball-data.com/team/pa.html,20646,2026-09-20 18:22:44,200,1.000,3.000,11
https://dl.acm.org/doi/10.1145/3461702.3462528,0,2026-09-20 18:22:44,403,1.000,3.000,9
https://keys.openpgp.org/vks/v1/by-fingerprint/EF4F7CEAC0BC8558C2ADDFE881D8BEA70DE76BB6,0,2026-09-20 18:22:44,200,1.000,3.000,11
https://coralogix.com/,332076,2026-09-20 18:22:44,200,1.000,3.000,8
https://internationalaisafetyreport.org/publication/international-ai-safety-report-2026,3943774,2026-09-20 18:22:44,200,1.000,3.000,9
https://keydifference.com/wire/,494114,2026-09-20 18:22:44,200,1.000,3.000,21
https://ai2050.schmidtsciences.org/fellow/atoosa-kasirzadeh/,37906,2026-09-20 18:22:44,200,1.000,3.000,9
https://cisco.com/,0,2026-09-20 18:22:44,403,1.000,3.000,8
https://alleywatch.com/2026/01/flip-cx-vertical-voice-ai-automation-enterprise-customer-service-brian-schiff/,129081,2026-09-20 18:22:44,200,1.000,3.000,8
https://facctconference.org/2023/committees.html,64222,2026-09-20 18:22:44,200,1.000,3.000,9
https://dateful.com/time-zone-converter?t=04:00%20pm&tz=UTC,18134,2026-09-20 18:22:44,200,1.000,3.000,8
https://ai.meta.com/static-resource/meta-frontier-ai-framework/?utm_source=newsroom&utm_medium=web&utm_content=Frontier_AI_Framework_PDF&utm_campaign=Our_Approach_to_Frontier_AI_blog,0,2026-09-20 18:22:44,400,1.000,3.000,10
https://ai-labs.datascience.chattermill.xyz/,6310,2026-09-20 18:22:44,200,1.000,3.000,9
https://baseten.co/,460742,2026-09-20 18:22:44,200,1.000,3.000,8
https://enpc.jobteaser.com/fr/,24316,2026-09-20 18:22:44,200,1.000,3.000,12
https://fission.io/,24643,2026-09-20 18:22:45,200,1.000,3.000,8
https://ai-frontiers.org/articles/case-for-ai-liability,226989,2026-09-20 18:22:45,200,1.000,3.000,10
https://bitcoinist.com/,226057,2026-09-20 18:22:45,200,1.000,3.000,22
https://cyera.io/,381256,2026-09-20 18:22:45,200,1.000,3.000,8
https://ampify.io/,93192,2026-09-20 18:22:45,200,1.000,3.000,8
https://arcprize.org/,48750,2026-09-20 18:22:45,200,1.000,3.000,10
https://budgetlab.yale.edu/research/evaluating-impact-ai-labor-market-current-state-affairs,1168596,2026-09-20 18:22:45,200,1.000,3.000,10
https://artificialintelligenceact.eu/,314326,2026-09-20 18:22:45,200,1.000,3.000,10
https://asean.org/book/expanded-asean-guide-on-ai-governance-and-ethics-generative-ai/,0,2026-09-20 18:22:45,307,1.000,3.000,10
http://kevinvallier.com/reconciled,0,2026-09-20 18:22:45,404,1.000,3.000,23
http://kevan.org/morningtonia.pl?Blonk,421,2026-09-20 18:22:45,200,1.000,3.000,10
https://canonical-charmed-mysql.readthedocs-hosted.com/,51586,2026-09-20 18:22:45,200,1.000,3.000,9
https://apidocs.chattermill.io/?version=latest,46456,2026-09-20 18:22:45,200,1.000,3.000,9
https://bsc.news/,1712427,2026-09-20 18:22:45,200,1.000,3.000,22
https://blockchainreporter.net/,257200,2026-09-20 18:22:45,200,1.000,3.000,22
http://clinc.ai/,0,2026-09-20 18:22:45,0,1.000,3.000,15
https://bravenewcoin.com/,467750,2026-09-20 18:22:45,200,1.000,3.000,22
https://arcprize.kit.com/bc80575d89,4302,2026-09-20 18:22:45,200,1.000,3.000,11
https://global.itu.edu.tr/,94745,2026-09-20 18:22:45,200,1.000,3.000,12
https://c2pa.org/,92209,2026-09-20 18:22:45,200,1.000,3.000,10
https://ai.meta.com/research/publications/the-llama-3-herd-of-models/,0,2026-09-20 18:22:45,400,1.000,3.000,10
https://kaistalumni.com/en,14309,2026-09-20 18:22:45,200,1.000,3.000,11
https://cetas.turing.ac.uk/publications/ai-and-serious-online-crime,0,2026-09-20 18:22:45,403,1.000,3.000,10
https://captainaltcoin.com/,450160,2026-09-20 18:22:45,200,1.000,3.000,22
https://chenhaot.com/,10490,2026-09-20 18:22:45,200,1.000,3.000,10
https://bzstarz.com/bcf822560,0,2026-09-20 18:22:45,403,1.000,3.000,23
https://aisi.gov.uk/blog/the-inspect-sandboxing-toolkit-scalable-and-secure-ai-agent-evaluations,28469,2026-09-20 18:22:45,200,1.000,3.000,10
https://docs.chattermill.io/,91827,2026-09-20 18:22:45,200,1.000,3.000,9
https://carnegieendowment.org/research/2020/07/deepfakes-and-synthetic-media-in-the-financial-system-assessing-threat-scenarios?lang=en,464858,2026-09-20 18:22:45,200,1.000,3.000,10
https://coinwire.com/,145562,2026-09-20 18:22:46,200,1.000,3.000,22
https://contentcredentials.org/,106075,2026-09-20 18:22:46,200,1.000,3.000,11
http://abridge.com/,273092,2026-09-20 18:22:46,200,1.000,3.000,9
https://amp.dev/documentation/tools/?format=websites,162983,2026-09-20 18:22:46,200,1.000,3.000,9
https://coinedition.com/,197457,2026-09-20 18:22:46,200,1.000,3.000,22
https://bcall-landingloop1.com/?i=5tch3i0r&p=/login/regist,0,2026-09-20 18:22:46,415,1.000,3.000,23
https://intranet.enpc.fr/,26008,2026-09-20 18:22:46,200,1.000,3.000,11
https://amp-wp.org/,0,2026-09-20 18:22:46,0,1.000,3.000,10
https://corporatecryptotimes.com/,7472,2026-09-20 18:22:46,200,1.000,3.000,22
https://apnews.com/bc2f19097a4c4fffaa00de6770b8a60d,0,2026-09-20 18:22:46,403,1.000,3.000,11
https://codas.uchicago.edu/how-to-apply/,59075,2026-09-20 18:22:46,200,1.000,3.000,11
https://docplanner.tech/,0,2026-09-20 18:22:46,0,1.000,3.000,8
https://agent4science.org/,47021,2026-09-20 18:22:46,200,1.000,3.000,11
https://cryptonomist.ch/,547265,2026-09-20 18:22:46,200,1.000,3.000,22
https://kai-you.co.jp/,114808,2026-09-20 18:22:46,200,1.000,3.000,11
https://ai.meta.com/static-resource/movie-gen-research-paper,0,2026-09-20 18:22:46,400,1.000,3.000,10
http://futureofutc.org/,6946,2026-09-20 18:22:46,200,1.000,3.000,9
https://blog.twitter.com/en_us/topics/company/2020/bot-or-not.html,0,2026-09-20 18:22:46,403,1.000,3.000,11
https://amptagtest.appspot.com/,0,2026-09-20 18:22:46,404,1.000,3.000,10
https://bzstarz.com/b1f3043d7,0,2026-09-20 18:22:46,403,1.000,3.000,23
http://bbc.co.uk/,694769,2026-09-20 18:22:46,200,1.000,3.000,11
https://cryptonewsz.com/,689722,2026-09-20 18:22:46,200,1.000,3.000,22
https://ampstoryads.web.app/,37414,2026-09-20 18:22:46,200,1.000,3.000,10
https://8b.com/,67480,2026-09-20 18:22:46,200,1.000,3.000,10
https://cetas.turing.ac.uk/publications/automating-deception-ais-evolving-role-romance-fraud,0,2026-09-20 18:22:46,403,1.000,3.000,10
https://anubis.techaro.lol/docs/admin/botstopper,8090,2026-09-20 18:22:46,200,1.000,3.000,23
https://cli.coralogix.dev/,25018,2026-09-20 18:22:46,200,1.000,3.000,9
https://cdn.ampproject.org/experiments.html,7763,2026-09-20 18:22:46,200,1.000,3.000,10
https://cleverpush.com/,0,2026-09-20 18:22:46,403,1.000,3.000,10
https://clova.ai/en/tech-blog/en-navers-ai-safety-framework-asf,79144,2026-09-20 18:22:47,200,1.000,3.000,10
https://about.kaiserpermanente.org/news/press-release-archive/kaiser-permanente-improves-member-experience-with-ai-enabled-clinical-technology,109445,2026-09-20 18:22:47,200,1.000,3.000,10
https://depeng.io/,0,2026-09-20 18:22:47,0,1.000,3.000,23
https://devtron.ai/,1152415,2026-09-20 18:22:47,200,1.000,3.000,8
https://dailycoin.com/,516766,2026-09-20 18:22:47,200,1.000,3.000,22
https://ampier.io/,3821,2026-09-20 18:22:47,200,1.000,3.000,10
https://datasociety.net/people/meg-young/,113353,2026-09-20 18:22:47,200,1.000,3.000,10
https://coincu.com/,1427754,2026-09-20 18:22:47,200,1.000,3.000,22
https://dl.acm.org/doi/10.1145/3593013.3594133,0,2026-09-20 18:22:47,403,1.000,3.000,9
https://beefree.io/bee-plugin/,223091,2026-09-20 18:22:47,200,1.000,3.000,10
https://cryptonewsbroadcast.com/,7472,2026-09-20 18:22:47,200,1.000,3.000,22
https://cyera.com/blog/identity-meets-data-defining-the-ai-trust-layer-for-the-agentic-enterprise,286316,2026-09-20 18:22:47,200,1.000,3.000,9
https://decagon.ai/?utm_source=google&utm_medium=cpc&utm_campaign=g_search_brand_e_core&utm_content=exact&utm_term=decagon%20ai&gadid=792740607590&gad_source=1&gad_campaignid=23452638945&gbraid=0AAAAA-aeSZM30rlkj3XkaLlTXOaDU-XkM&gclid=CjwKCAiAncvMBhBEEiwA9GU_fm3l550Xr4MGyUBqLM2ZrkPCqb2k6WeicPAn0yUwPB-aof2h5VS4JRoCOLwQAvD_BwE,393555,2026-09-20 18:22:47,200,1.000,3.000,9
https://cryptopolitan.com/,767641,2026-09-20 18:22:47,200,1.000,3.000,22
https://datascience.uchicago.edu/,129223,2026-09-20 18:22:47,200,1.000,1.893,11
https://civicchats.org/,4489258,2026-09-20 18:22:47,200,1.000,3.000,11
https://csda.aut.ac.nz/csda-team-members,0,2026-09-20 18:22:48,403,1.000,3.000,10
https://katecreativeco.com/,167926,2026-09-20 18:22:48,200,1.000,3.000,16
https://cryptomus.com/?utm_source=en.cryptonomist.ch%2F&utm_medium=top&utm_campaign=1&utm_content=sidebar&utm_term=registration,276502,2026-09-20 18:22:48,200,1.000,3.000,23
https://diataxis.fr/,22287,2026-09-20 18:22:48,200,1.000,3.000,10
https://cryptowisser.com/,250378,2026-09-20 18:22:48,200,1.000,3.000,22
https://asia.nikkei.com/Economy/Online-rumors-spark-runs-on-smaller-Chinese-banks,282024,2026-09-20 18:22:48,200,1.000,3.000,11
https://evaluations.metr.org/deepseek-v3-report/,1083,2026-09-20 18:22:48,200,1.000,3.000,10
https://futureoflife.org/,345594,2026-09-20 18:22:48,200,1.000,3.000,11
https://cs.uchicago.edu/academics/admission/?phd,116806,2026-09-20 18:22:48,200,1.000,1.893,11
http://hanksville.org/futureofutc/index.html,6946,2026-09-20 18:22:48,200,1.000,3.000,10
https://fossick.ai/,17251,2026-09-20 18:22:48,200,1.000,3.000,11
https://apnews.com/article/meta-ai-mark-zuckerberg-artificial-intelligence-df8a4e7d7825470d09e8090367457c2c,0,2026-09-20 18:22:48,403,1.000,3.000,12
https://greatbeliever.us/,59539,2026-09-20 18:22:48,200,1.000,3.000,11
https://fraudblocker.com/,923438,2026-09-20 18:22:48,200,1.000,3.000,22
https://clknow.cc/t1jvia,184985,2026-09-20 18:22:48,200,1.000,3.000,23
https://dl.acm.org/doi/10.1145/3600211.3604669,0,2026-09-20 18:22:48,403,1.000,3.000,9
https://gradual-disempowerment.ai/,92073,2026-09-20 18:22:48,200,1.000,3.000,10
https://cryptodaily.co.uk/,0,2026-09-20 18:22:48,0,1.000,3.000,22
https://gizmodo.com/turns-out-elon-musk-backed-openais-text-generator-is-mo-1839705114,244101,2026-09-20 18:22:48,200,1.000,3.000,11
https://alibabacloud.com/,154461,2026-09-20 18:22:48,200,1.000,3.000,8
https://bingxdao.com/invite/KBHQWX/,81626,2026-09-20 18:22:48,200,1.000,3.000,23
https://app.candid.org/profile/9327248/data-society-research-institute-46-2904827,16082,2026-09-20 18:22:48,200,1.000,3.000,11
https://cryptomode.com/,401590,2026-09-20 18:22:48,200,1.000,3.000,22
https://hrsimulator.communicationgames.ai/,1987,2026-09-20 18:22:48,200,1.000,3.000,11
https://epochai.org/blog/optimally-allocating-compute-between-inference-and-training,125227,2026-09-20 18:22:48,200,1.000,3.000,10
https://gobets.io/?serial=22617&creative_id=134&anid=,4929,2026-09-20 18:22:48,200,1.000,3.000,23
https://ariholtzman.com/,0,2026-09-20 18:22:49,404,1.000,3.000,12
http://astronautical.org/,171841,2026-09-20 18:22:49,200,1.000,3.000,10
https://gohappyloop.com/?i=4e4rtl0jk&p=/login/regist,0,2026-09-20 18:22:49,415,1.000,3.000,23
https://help.twitter.com/en/rules-and-policies/platform-manipulation,0,2026-09-20 18:22:49,403,1.000,3.000,11
https://global-governance.ai/,79131,2026-09-20 18:22:49,200,1.000,3.000,12
https://instapage.com/,284903,2026-09-20 18:22:49,200,1.000,3.000,10
https://cybetplay.com/tz0pm2t8n,0,2026-09-20 18:22:49,403,1.000,3.000,23
http://dsit.gov.uk/,119604,2026-09-20 18:22:49,200,1.000,3.000,11
https://dl.acm.org/doi/10.1145/3461702.3462606,0,2026-09-20 18:22:49,403,1.000,3.000,9
https://ideas.repec.org/p/unm/unumer/2023018.html,35444,2026-09-20 18:22:49,200,1.000,3.000,10
https://humanstatement.org/,783892,2026-09-20 18:22:49,200,1.000,3.000,12
https://hpiers.obspm.fr/iers/bul/bulc/ntp/leap-seconds.list,0,2026-09-20 18:22:49,200,1.000,3.000,9
https://incidentdatabase.ai/,373926,2026-09-20 18:22:49,200,1.000,3.000,10
https://irenechen.net/,18623,2026-09-20 18:22:49,200,1.000,3.000,10
https://hypogenic.ai/arena,10535,2026-09-20 18:22:49,200,1.000,3.000,11
https://jeffybet.com/en/sign-up?utm_source=cryptopolitan&utm_medium=banners&utm_campaign=cryptoreg&utm_id=august,0,2026-09-20 18:22:49,403,1.000,3.000,23
https://ifp.org/operation-patchlight/,486402,2026-09-20 18:22:49,200,1.000,3.000,10
https://control-inversion.ai/,60207,2026-09-20 18:22:49,200,1.000,3.000,12
https://cryptopiannews.com/,213980,2026-09-20 18:22:49,200,1.000,3.000,22
https://betterpath.ai/,180001,2026-09-20 18:22:49,200,1.000,3.000,12
https://idais.ai/dialogue/idais-beijing/,52512,2026-09-20 18:22:49,200,1.000,3.000,10
https://bnbchain.org/en/blog/bnb-chain-hackvolution-empowering-nextgen-dapps-with-opbnb-and-bnb-greenfield/,356421,2026-09-20 18:22:49,200,1.000,3.000,23
http://kenan.ethics.duke.edu/people/faculty/chris-macdonald/,0,2026-09-20 18:22:49,404,1.000,3.000,21
https://home.kpmg/uk/en/home.html,234913,2026-09-20 18:22:49,200,1.000,3.000,8
https://jointdevelopment.org/policies/trademark-policy/,99669,2026-09-20 18:22:49,200,1.000,3.000,11
https://dl.acm.org/doi/10.1145/3600211.3604722,0,2026-09-20 18:22:49,403,1.000,3.000,9
https://icml.cc/virtual/2025/poster/40107,90236,2026-09-20 18:22:49,200,1.000,3.000,11
https://ai.nejm.org/doi/abs/10.1056/AIp2500015,0,2026-09-20 18:22:49,403,1.000,3.000,11
https://bnbdev.community/?ref=binance.ghost.io,0,2026-09-20 18:22:49,0,1.000,3.000,24
https://bscscan.com/,0,2026-09-20 18:22:49,403,1.000,3.000,24
https://chenlab.io/,19204,2026-09-20 18:22:49,200,1.000,3.000,11
https://cbs12.com/news/local/vero-beach-man-arrested-in-ai-generated-sexual-image-investigation,300388,2026-09-20 18:22:49,200,1.000,3.000,11
https://kimberlyhirsh.com/,23409,2026-09-20 18:22:50,200,1.000,3.000,12
https://confwatcher.b2ideas.eu/,460,2026-09-20 18:22:50,200,1.000,3.000,11
https://kgen.io/,56295,2026-09-20 18:22:50,200,1.000,3.000,14
https://bair.berkeley.edu/,10739,2026-09-20 18:22:50,200,1.000,3.000,11
https://asset.cloudinary.com/pai/cf01cce1af65f5fbb3d71fa092d001db,1858,2026-09-20 18:22:50,200,1.000,3.000,11
https://bsctrace.com/,38257,2026-09-20 18:22:50,200,1.000,3.000,24
https://blog.samaltman.com/the-merge,21785,2026-09-20 18:22:50,200,1.000,3.000,13
https://kidetektiv.de/,17468,2026-09-20 18:22:50,200,1.000,3.000,14
https://eecs.berkeley.edu/academics/graduate/research-programs/admissions,120630,2026-09-20 18:22:50,200,1.000,3.000,11
https://kaufland-ecommerce.com/,319755,2026-09-20 18:22:50,200,1.000,3.000,8
https://aliyun.jubao.alibaba.com/,926,2026-09-20 18:22:50,200,1.000,3.000,9
https://ai.nejm.org/stoken/default+domain/SK4SXMUDJ4XBH77XUYE9/full?redirectUri=doi/full/10.1056/AIe2500083,0,2026-09-20 18:22:50,403,1.000,3.000,11
https://aas-rocky-mountain-section.org/index.php/conference-info/,63235,2026-09-20 18:22:50,200,1.000,3.000,11
https://freebitco.in/?r=51979281,0,2026-09-20 18:22:50,502,1.000,3.000,23
https://dl.acm.org/doi/10.1145/3531146.3533088,0,2026-09-20 18:22:50,403,1.000,3.000,9
https://fanlistings.nickifaulk.com/webrings/,8943,2026-09-20 18:22:50,200,1.000,3.000,13
https://gohappyloop.com/?i=4e4s72439&p=/login/regist,0,2026-09-20 18:22:50,415,1.000,3.000,23
http://eternal-hunt.pw/,0,2026-09-20 18:22:50,0,1.000,3.000,14
https://dcellar.io/,108375,2026-09-20 18:22:50,200,1.000,3.000,24
https://gi.org/acg-institute/research-grant-recipients/,0,2026-09-20 18:22:50,403,1.000,3.000,11
https://jamanetwork.com/journals/jamanetworkopen/fullarticle/2753523,0,2026-09-20 18:22:51,403,1.000,3.000,11
https://chainide.com/,99850,2026-09-20 18:22:51,200,1.000,3.000,24
https://computationalhealth.berkeley.edu/admissions/,99580,2026-09-20 18:22:51,200,1.000,3.000,11
https://greenfieldscan.com/,586959,2026-09-20 18:22:51,200,1.000,3.000,24
https://combonetwork.io/,42931,2026-09-20 18:22:51,200,1.000,3.000,24
https://kimaa.no/,250395,2026-09-20 18:22:51,200,1.000,3.000,16
https://edstem.org/us/join/CJtTEw,13123,2026-09-20 18:22:51,200,1.000,3.000,12
https://dl.acm.org/doi/10.1145/3442188.3445886,0,2026-09-20 18:22:51,403,1.000,3.000,9
https://combotrace.nodereal.io/,0,2026-09-20 18:22:51,0,1.000,3.000,25
https://indieweb-directory.glitch.me/,0,2026-09-20 18:22:51,410,1.000,3.000,13
https://journalofethics.ama-assn.org/article/can-ai-help-reduce-disparities-general-medical-and-mental-health-care/2019-02,151424,2026-09-20 18:22:51,200,1.000,3.000,11
https://faculty.washington.edu/aylin/,36412,2026-09-20 18:22:51,200,1.000,3.000,10
https://indieseek.xyz/,55751,2026-09-20 18:22:51,200,1.000,3.000,13
https://alumni.kpmg.co.uk/,30787,2026-09-20 18:22:51,200,1.000,3.000,9
https://hooked.io/,35841,2026-09-20 18:22:51,200,1.000,3.000,24
https://kiilt.com/,251415,2026-09-20 18:22:51,200,1.000,3.000,16
https://blog.datafund.net/the-missing-asset-why-data-is-rwas-next-frontier-efd1b556db25,0,2026-09-20 18:22:51,0,1.000,3.000,37
"https://edyy.fa.us2.oraclecloud.com/hcmUI/CandidateExperience/en/sites/CX_2002/requisitions?location=West%20Palm%20Beach,%20FL,%20United%20States&locationId=300000001930111&locationLevel=city&radius=0&radiusUnit=MI",4186,2026-09-20 18:22:51,200,1.000,3.000,12
https://keepthefuturehuman.ai/,282905,2026-09-20 18:22:51,200,1.000,3.000,13
https://docs.nodereal.io/docs/dcellar-as-developer-tool,241126,2026-09-20 18:22:51,200,1.000,3.000,25
https://cyberconnect.me/?gclid=EAIaIQobChMIwcyPyImIgAMVpF4PAh2BFgifEAAYAyAAEgJhMvD_BwE,1999631,2026-09-20 18:22:51,200,1.000,3.000,24
https://kit.co/aaronpk,0,2026-09-20 18:22:51,410,1.000,3.000,12
https://bryanlrobinson.com/blog/bring-fansites-back-to-the-web/,17037,2026-09-20 18:22:51,200,1.000,3.000,14
https://kirka.io/,22837,2026-09-20 18:22:51,200,1.000,3.000,14
http://kenan.ethics.duke.edu/people/ruth-grant/,0,2026-09-20 18:22:51,404,1.000,3.000,22
https://blog.cyber.co/,0,2026-09-20 18:22:51,0,1.000,3.000,25
https://careers.aliyun.com/en/home,6552,2026-09-20 18:22:51,200,1.000,3.000,9
https://kinetiq.xyz/,189188,2026-09-20 18:22:51,200,1.000,3.000,31
https://blogroll.org/,533239,2026-09-20 18:22:51,200,1.000,3.000,13
https://dl.acm.org/doi/10.5555/3692070.3692537,0,2026-09-20 18:22:52,403,1.000,3.000,10
https://aclanthology.org/2024.naacl-long.355/,44090,2026-09-20 18:22:52,200,1.000,3.000,11
https://gruppe.schwarz/,110410,2026-09-20 18:22:52,200,1.000,3.000,9
https://kitops.org/docs/overview/,79552,2026-09-20 18:22:52,200,1.000,3.000,7
https://aberle.photo/,97770,2026-09-20 18:22:52,200,1.000,3.000,14
https://directory.joejenett.com/,15471,2026-09-20 18:22:52,200,1.000,3.000,14
https://cyberzettel.com/,53500,2026-09-20 18:22:52,200,1.000,3.000,14
https://area850.com/,24516,2026-09-20 18:22:52,200,1.000,3.000,14
https://directory.jenett.org/,15471,2026-09-20 18:22:52,200,1.000,3.000,14
https://dorahacks.io/hackathon/hackvolution/detail,353073,2026-09-20 18:22:52,200,1.000,3.000,24
https://astro.build/,322194,2026-09-20 18:22:52,200,1.000,3.000,15
https://islamnyamuslim.com/,80318,2026-09-20 18:22:52,200,1.000,3.000,24
https://kitops.ml/,99087,2026-09-20 18:22:52,200,1.000,3.000,7
http://dtmagazine.com/,86003,2026-09-20 18:22:52,200,1.000,3.000,14
https://forms.monday.com/forms/249adfbe24f2538e3561bf36ccdec545?r=use1,0,2026-09-20 18:22:52,0,1.000,3.000,24
https://100r.co/,1530,2026-09-20 18:22:52,200,1.000,3.000,14
https://kiosk.iristickets.co.uk/k?lothianbuses&ECB&ka=ECB&TRACKER=ECB&promo=ECB,0,2026-09-20 18:22:52,0,1.000,3.000,13
https://hotlinewebring.club/,120498,2026-09-20 18:22:52,200,1.000,3.000,14
https://500px.com/p/san-tus?view=photos,3337,2026-09-20 18:22:52,200,1.000,3.000,15
https://acoup.blog/,190092,2026-09-20 18:22:52,200,1.000,3.000,14
https://href.cool/,2325,2026-09-20 18:22:53,200,1.000,3.000,14
https://47nil.com/,21022,2026-09-20 18:22:53,200,1.000,3.000,14
https://cyber.co/,1999631,2026-09-20 18:22:53,200,1.000,3.000,25
https://a.wholelottanothing.org/,37203,2026-09-20 18:22:53,200,1.000,3.000,14
https://abhinavsarkar.net/,0,2026-09-20 18:22:53,403,1.000,3.000,14
https://9ties.neocities.org/,4193,2026-09-20 18:22:53,200,1.000,3.000,15
https://a11ce.com/,5571,2026-09-20 18:22:53,200,1.000,3.000,14
https://aboutthatjack.com/,71040,2026-09-20 18:22:53,200,1.000,3.000,14
https://e.foundation/,87774,2026-09-20 18:22:53,200,1.000,3.000,14
https://a-grande-onda.blog.br/,0,2026-09-20 18:22:53,0,1.000,3.000,14
https://enfilade.guide/en,231528,2026-09-20 18:22:53,200,1.000,3.000,14
https://kimchi.dev/enterprise,163678,2026-09-20 18:22:53,200,1.000,3.000,7
https://actsofvolition.com/,91818,2026-09-20 18:22:53,200,1.000,3.000,14
https://aartaka.me/,38037,2026-09-20 18:22:53,200,1.000,3.000,14
https://82mhz.net/,18296,2026-09-20 18:22:53,200,1.000,3.000,14
https://kitayn.care/b_MargexIcon,762442,2026-09-20 18:22:53,200,1.000,3.000,37
https://1x.neocities.org/,2253,2026-09-20 18:22:53,200,1.000,3.000,15
https://117.zone/home,45155,2026-09-20 18:22:53,200,1.000,3.000,15
https://3dgoose.neocities.org/opt/webrings,5167,2026-09-20 18:22:53,200,1.000,1.893,15
https://240109.xyz/,82746,2026-09-20 18:22:53,200,1.000,3.000,15
https://acorneredgurl.com/,207804,2026-09-20 18:22:53,200,1.000,3.000,14
https://1337nightbug.neocities.org/,8244,2026-09-20 18:22:53,200,1.000,3.000,15
https://aaronmassicotte.com/,10789,2026-09-20 18:22:53,200,1.000,3.000,14
https://abyssbloom.neocities.org/listings,5663,2026-09-20 18:22:53,200,1.000,1.893,15
https://adamenglebright.com/,6130,2026-09-20 18:22:53,200,1.000,3.000,14
https://404city.neocities.org/,6206,2026-09-20 18:22:53,200,1.000,1.893,15
https://1337bytes.com/,27994,2026-09-20 18:22:53,200,1.000,3.000,15
https://44nifty.com/,21586,2026-09-20 18:22:53,200,1.000,3.000,15
https://32enoki.net/webrington/,8491,2026-09-20 18:22:53,200,1.000,3.000,15
https://acircusofherown.neocities.org/,6273,2026-09-20 18:22:53,200,1.000,1.893,15
https://adactio.com/journal,66251,2026-09-20 18:22:54,200,1.000,3.000,14
https://companionsfan.cz/,51197,2026-09-20 18:22:54,200,1.000,3.000,14
https://668.nekoweb.org/links.html,4315,2026-09-20 18:22:54,200,1.000,3.000,15
https://aisforaardvark.neocities.org/,16076,2026-09-20 18:22:54,200,1.000,1.000,15
https://aesistril.com/,8877,2026-09-20 18:22:54,200,1.000,3.000,15
https://agentkaz.com/,22266,2026-09-20 18:22:54,200,1.000,3.000,15
https://adviks.in/,9779,2026-09-20 18:22:54,200,1.000,3.000,14
https://aivi.party/,27520,2026-09-20 18:22:54,200,1.000,3.000,15
https://adamishere.org/,34128,2026-09-20 18:22:54,200,1.000,3.000,14
https://afranca.com.br/,191568,2026-09-20 18:22:54,200,1.000,3.000,14
http://adarsh.io/,17277,2026-09-20 18:22:54,200,1.000,3.000,15
https://aethermug.com/,145276,2026-09-20 18:22:54,200,1.000,3.000,14
https://adventuretaco.com/,129094,2026-09-20 18:22:54,200,1.000,3.000,14
https://44nifty.bandcamp.com/,163941,2026-09-20 18:22:54,200,1.000,3.000,16
https://ajaykarwal.com/,10806,2026-09-20 18:22:54,200,1.000,3.000,15
https://4rv3.com/,3455,2026-09-20 18:22:54,200,1.000,3.000,15
https://aisforaardvark.123guestbook.com/,0,2026-09-20 18:22:54,403,1.000,3.000,16
https://kendaxa.com/,0,2026-09-20 18:22:54,200,1.000,3.000,8
https://aishwaryagoel.com/,11090,2026-09-20 18:22:54,200,1.000,3.000,14
http://1x.network/,836,2026-09-20 18:22:54,200,1.000,3.000,16
https://alex7k.com/,3690,2026-09-20 18:22:54,200,1.000,3.000,15
https://alienyuri.neocities.org/,10515,2026-09-20 18:22:54,200,1.000,0.903,15
https://akbatten.com/,11104,2026-09-20 18:22:54,200,1.000,3.000,15
https://akar.is/,27286,2026-09-20 18:22:54,200,1.000,3.000,14
https://alicehsu.blog/,47012,2026-09-20 18:22:54,200,1.000,3.000,14
https://alignedtrack432.neocities.org/,30405,2026-09-20 18:22:55,200,1.000,0.903,14
https://alexeystar.com/,6925,2026-09-20 18:22:55,200,1.000,3.000,14
https://actualbudget.org/,29297,2026-09-20 18:22:55,200,1.000,3.000,15
https://alexcarpenter.me/notes,47155,2026-09-20 18:22:55,200,1.000,3.000,14
https://aleemshaun.com/,19691,2026-09-20 18:22:55,200,1.000,3.000,14
https://aj.bourg.family/,35795,2026-09-20 18:22:55,200,1.000,3.000,14
https://intension.de/,287595,2026-09-20 18:22:55,200,1.000,3.000,8
https://actu.6play.fr/information-et-magazines/capital-special-crise-de-limmobilier-et-bons-plans-diffusion-du-7-avril-2024-sur-m6,118954,2026-09-20 18:22:55,200,1.000,3.000,17
https://aegir.org/,14307,2026-09-20 18:22:55,200,1.000,3.000,14
https://1337nightbug.atabook.org/,68259,2026-09-20 18:22:55,200,1.000,3.000,16
https://alien.c64sets.com/,21251,2026-09-20 18:22:55,200,1.000,3.000,14
https://akschaefer.com/,83963,2026-09-20 18:22:55,200,1.000,3.000,14
https://amiya.neocities.org/home.html,0,2026-09-20 18:22:55,404,1.000,0.837,15
https://alicebartlett.co.uk/,12237,2026-09-20 18:22:55,200,1.000,3.000,14
https://aleksei.dev/,50593,2026-09-20 18:22:55,200,1.000,3.000,14
https://home.kpmg.com/uk/en/home/misc/legal.html,169535,2026-09-20 18:22:55,200,1.000,3.000,10
https://klever.finance/,181467,2026-09-20 18:22:55,200,1.000,3.000,21
https://alka20line.nekoweb.org/,9432,2026-09-20 18:22:55,200,1.000,1.893,15
https://allenpike.com/,13039,2026-09-20 18:22:55,200,1.000,3.000,14
http://amriel.neocities.org/,9954,2026-09-20 18:22:55,200,1.000,0.837,15
https://amweird.neocities.org/,12105,2026-09-20 18:22:55,200,1.000,0.837,15
https://amerpie.lol/,123168,2026-09-20 18:22:55,200,1.000,3.000,14
http://amytrieslife.com/blog,66526,2026-09-20 18:22:55,200,1.000,3.000,14
http://aisforaardvark.123guestbook.com/,0,2026-09-20 18:22:55,403,1.000,3.000,16
https://amfmradio.org/webrings.html,9709,2026-09-20 18:22:55,200,1.000,3.000,15
http://alexandrawolfe.ca/,62567,2026-09-20 18:22:55,200,1.000,3.000,14
https://alexwlchan.net/,22289,2026-09-20 18:22:55,200,1.000,3.000,14
http://almostafternoon.com/blog,106037,2026-09-20 18:22:55,200,1.000,3.000,14
https://amomentineternity.com/,71234,2026-09-20 18:22:55,200,1.000,3.000,14
https://amweird.123guestbook.com/,0,2026-09-20 18:22:55,403,1.000,3.000,16
http://alexeyzabelin.com/,11791,2026-09-20 18:22:55,200,1.000,3.000,15
https://adilene.net/,128055,2026-09-20 18:22:55,200,1.000,3.000,15
https://2019.ffconf.org/,45485,2026-09-20 18:22:55,200,1.000,3.000,15
https://andolga.nekoweb.org/,1392,2026-09-20 18:22:55,200,1.000,1.893,15
https://alexsirac.com/,42702,2026-09-20 18:22:55,200,1.000,3.000,14
https://amriel.thoughts.page/,20489,2026-09-20 18:22:55,200,1.000,3.000,16
https://alchemy.waterprincess.net/,0,2026-09-20 18:22:55,0,1.000,3.000,16
https://alongtheray.com/,40376,2026-09-20 18:22:55,200,1.000,3.000,14
https://amfmrdo.etsy.com/,0,2026-09-20 18:22:55,403,1.000,3.000,16
https://analogoffice.net/,155036,2026-09-20 18:22:55,200,1.000,3.000,14
https://amerpiegateway.micro.blog/,5606,2026-09-20 18:22:55,200,1.000,3.000,15
https://andrewkdinh.com/,102883,2026-09-20 18:22:55,200,1.000,3.000,15
https://andrewspittle.com/,22987,2026-09-20 18:22:55,200,1.000,3.000,14
https://amongthestones.com/,35122,2026-09-20 18:22:56,200,1.000,3.000,14
https://andreilazer.me/misc/,0,2026-09-20 18:22:56,404,1.000,3.000,15
https://add0n.com/stylus.html,65030,2026-09-20 18:22:56,200,1.000,3.000,16
https://alignedtrack432.atabook.org/,39318,2026-09-20 18:22:56,200,1.000,3.000,15
https://anamnesis.blog/,5017,2026-09-20 18:22:56,200,1.000,3.000,14
https://afl.hakumei.org/hxh/index.php,6620,2026-09-20 18:22:56,200,1.000,3.000,16
https://andregarzia.com/,11362,2026-09-20 18:22:56,200,1.000,3.000,14
https://actu.m6.fr/divertissement/wanted-attrape-moi-si-tu-peux-decouvrez-les-trois-prochains-binomes-de-fugitifs,106708,2026-09-20 18:22:56,200,1.000,3.000,18
https://amerpie.omg.lol/now,0,2026-09-20 18:22:56,0,1.000,3.000,15
https://ancient-greek.net/,12747,2026-09-20 18:22:56,200,1.000,3.000,15
https://animeman.us/home,10823,2026-09-20 18:22:56,200,1.000,3.000,15
https://alittlebitofrest.com/,206223,2026-09-20 18:22:56,200,1.000,3.000,14
https://amalelmohtar.com/,42239,2026-09-20 18:22:56,200,1.000,3.000,14
https://andzuck.com/,17039,2026-09-20 18:22:56,200,1.000,3.000,14
https://andrewdoran.uk/blog/,341238,2026-09-20 18:22:56,200,1.000,3.000,14
https://andrewskurka.com/,382355,2026-09-20 18:22:56,200,1.000,3.000,14
https://ankaph.xyz/,0,2026-09-20 18:22:56,0,1.000,3.000,15
https://anhvn.com/,4663,2026-09-20 18:22:56,200,1.000,3.000,14
https://andrew.blog/,19938,2026-09-20 18:22:56,200,1.000,3.000,15
https://andruwu.com/,95642,2026-09-20 18:22:56,200,1.000,3.000,15
https://anopenground.com/,187045,2026-09-20 18:22:56,200,1.000,3.000,14
https://angel.valentinely.cc/,7443,2026-09-20 18:22:56,200,1.000,3.000,16
https://antiquechair.neocities.org/Webrings.html,6085,2026-09-20 18:22:56,200,1.000,0.788,15
https://ac.kuchiki.net/,3574,2026-09-20 18:22:56,200,1.000,3.000,16
https://aphub.neocities.org/,55066,2026-09-20 18:22:56,200,1.000,0.788,15
https://angel.nya.je/,14085,2026-09-20 18:22:56,200,1.000,3.000,15
https://antoniosantos.io/,14682,2026-09-20 18:22:56,200,1.000,3.000,14
https://apocalypse2000.neocities.org/,33097,2026-09-20 18:22:56,200,1.000,0.788,15
https://andrejbiasic.int.eu.org/,0,2026-09-20 18:22:56,0,1.000,3.000,14
https://aows.co/,559521,2026-09-20 18:22:56,200,1.000,3.000,14
https://aphowell.com/,167286,2026-09-20 18:22:56,200,1.000,3.000,14
https://anniemueller.com/,149161,2026-09-20 18:22:56,200,1.000,3.000,14
https://anybrowser.org/,4463,2026-09-20 18:22:56,200,1.000,3.000,16
https://andypiper.omg.lol/,0,2026-09-20 18:22:56,0,1.000,3.000,14
https://antfu.me/posts,47107,2026-09-20 18:22:57,200,1.000,3.000,14
https://andrewshay.me/,12855,2026-09-20 18:22:57,200,1.000,3.000,15
http://americanbyways.com/destination/bee-rock/,0,2026-09-20 18:22:57,404,1.000,3.000,15
https://app.thestorygraph.com/profile/alexture,0,2026-09-20 18:22:57,403,1.000,3.000,15
https://argentnoelle.neocities.org/,22934,2026-09-20 18:22:57,200,1.000,0.734,15
https://argotpowell.neocities.org/,6131,2026-09-20 18:22:57,200,1.000,0.734,15
https://archaicbinary.net/,10962,2026-09-20 18:22:57,200,1.000,3.000,15
https://addons.opera.com/extensions/details/stylus/,0,2026-09-20 18:22:57,404,1.000,3.000,17
http://2rwwci63bq33gupmks3x2lboqld3x2ody3sowksxhl4ymrey7wlddoyd.onion/,0,2026-09-20 18:22:57,0,1.000,3.000,16
https://angel.bearblog.dev/,12294,2026-09-20 18:22:57,200,1.000,3.000,16
https://archiveofourown.org/users/AgentKaz/works?fandom_id=75670011,0,2026-09-20 18:22:57,525,1.000,3.000,16
https://arthurs-shelves.neocities.org/,6182,2026-09-20 18:22:57,200,1.000,0.719,15
https://aradiacollective.com/,26791,2026-09-20 18:22:57,200,1.000,3.000,15
https://arbourtrary.com/,140357,2026-09-20 18:22:57,200,1.000,3.000,14
https://arjvn.xyz/,22492,2026-09-20 18:22:57,200,1.000,3.000,15
https://artfight.net/~roboticaldog,0,2026-09-20 18:22:57,403,1.000,3.000,16
https://asteromorph.neocities.org/,17660,2026-09-20 18:22:57,200,1.000,0.706,15
https://asters-asterisms.neocities.org/webrings,0,2026-09-20 18:22:57,404,1.000,0.706,15
https://arcadeblogger.com/,84453,2026-09-20 18:22:57,200,1.000,3.000,14
https://alirezahayati.com/,84445,2026-09-20 18:22:57,200,1.000,3.000,14
https://artlung.com/,40404,2026-09-20 18:22:57,200,1.000,3.000,14
https://auja.neocities.org/,8396,2026-09-20 18:22:57,200,1.000,0.683,15
https://aroreretini.dev/,50441,2026-09-20 18:22:57,200,1.000,3.000,15
https://asteromorph.123guestbook.com/,0,2026-09-20 18:22:57,403,1.000,3.000,16
https://alisonwilder.com/,0,2026-09-20 18:22:57,0,1.000,3.000,14
https://arcjet.com/?ref=astro.build,856318,2026-09-20 18:22:57,200,1.000,3.000,16
https://ac.jadinerhinestudios.com/,105310,2026-09-20 18:22:57,200,1.000,3.000,16
https://arun.is/,39118,2026-09-20 18:22:57,200,1.000,3.000,14
https://annie.omg.lol/,0,2026-09-20 18:22:57,0,1.000,3.000,15
http://aromatic.wings.nu/,9542,2026-09-20 18:22:57,200,1.000,3.000,16
https://avenue.neocities.org/,12181,2026-09-20 18:22:57,200,1.000,0.673,15
https://ari.lt/,36379,2026-09-20 18:22:57,200,1.000,3.000,15
https://artemis.sh/,14052,2026-09-20 18:22:57,200,1.000,3.000,14
https://amityfarmbatik.com/,0,2026-09-20 18:22:57,0,1.000,3.000,14
https://appellationbeer.com/blog/,59862,2026-09-20 18:22:57,200,1.000,3.000,14
https://asciinema.org/a/jLmZapnMFGCRiiSUITY21erLW?autoplay=1,22390,2026-09-20 18:22:57,200,1.000,3.000,16
https://awayplanet.neocities.org/,8195,2026-09-20 18:22:58,200,1.000,0.673,15
https://artic.sh/ring/,49404,2026-09-20 18:22:58,200,1.000,3.000,15
https://amzn.eu/d/0il6ZJjS,3805,2026-09-20 18:22:58,200,1.000,3.000,15
https://augerhandle.net/blogs/jumpingfish,43523,2026-09-20 18:22:58,200,1.000,3.000,14
http://arija664fy4c6zhfbsytbqcbz5gcc3qjuwaz4ue6cium5c5fo2fgakyd.onion/,0,2026-09-20 18:22:58,0,1.000,3.000,16
https://astro.new/,51115,2026-09-20 18:22:58,200,1.000,3.000,16
https://artfuck.org/,124802,2026-09-20 18:22:58,200,1.000,3.000,16
https://authguy.nekoweb.org/Site/webrings.html,1009,2026-09-20 18:22:58,200,1.000,1.292,15
https://1mb.club/,297912,2026-09-20 18:22:58,200,1.000,3.000,16
http://6dpjae254fbchoa53e2ypxh6noqjgjkz5iadwy6hlar6egb76m3uihid.onion/,0,2026-09-20 18:22:58,0,1.000,3.000,16
http://23xyglk2g4y2fdtrpm4wo3rvrq2gt2ar7f3pyyt7ikeywdq5kpbheuyd.onion/,0,2026-09-20 18:22:58,0,1.000,3.000,16
https://austinhuang.me/,3343,2026-09-20 18:22:58,200,1.000,3.000,15
http://aiboswcb66bivz36uoobhuicyn6gyilnrut4xw2jiowqhzwrjdazajid.onion/,0,2026-09-20 18:22:58,0,1.000,3.000,16
https://apps.louplummer.lol/,76807,2026-09-20 18:22:58,200,1.000,3.000,15
https://512kb.club/,225208,2026-09-20 18:22:58,200,1.000,3.000,16
https://austinvernon.site/,25858,2026-09-20 18:22:58,200,1.000,3.000,14
https://awesomesheep48.ca/,3938,2026-09-20 18:22:58,200,1.000,3.000,15
https://11ty.dev/,161698,2026-09-20 18:22:58,200,1.000,3.000,15
https://3to.moe/,52090,2026-09-20 18:22:58,200,1.000,3.000,16
https://astrius.ink/,12533,2026-09-20 18:22:58,200,1.000,3.000,15
https://awdrey.net/,7319,2026-09-20 18:22:58,200,1.000,3.000,15
https://anti-mega.com/again/,38847,2026-09-20 18:22:58,200,1.000,3.000,15
https://appalachianground.com/,0,2026-09-20 18:22:58,0,1.000,3.000,14
https://awhiskandaspoon.com/,138723,2026-09-20 18:22:58,200,1.000,3.000,14
https://austinkleon.com/,68815,2026-09-20 18:22:58,200,1.000,3.000,14
https://0xded.dev/,5981,2026-09-20 18:22:58,200,1.000,3.000,17
https://alpinelinux.org/,9140,2026-09-20 18:22:58,200,1.000,3.000,16
https://1403.cdox.cc/,11654,2026-09-20 18:22:58,200,1.000,3.000,17
https://1kb.lejtzen.dev/,745,2026-09-20 18:22:58,200,1.000,3.000,17
https://0xedward.io/,9119,2026-09-20 18:22:58,200,1.000,3.000,17
https://11tybundle.dev/,57870,2026-09-20 18:22:58,200,1.000,3.000,16
https://abetterbeerblog427.com/,298774,2026-09-20 18:22:58,200,1.000,3.000,15
https://1.44mb.club/prev,44989,2026-09-20 18:22:58,200,1.000,3.000,16
https://117zone.dreamwidth.org/,0,2026-09-20 18:22:59,0,1.000,3.000,16
https://1thingaweek.com/,22683,2026-09-20 18:22:59,200,1.000,3.000,17
https://alongtheray.social/activitypub/ray,0,2026-09-20 18:22:59,0,1.000,3.000,15
https://authen.neocities.org/pages/happiness,0,2026-09-20 18:22:59,0,1.000,0.673,15
https://23ro.de/,7178,2026-09-20 18:22:59,200,1.000,3.000,17
https://2022.typographics.com/,32010,2026-09-20 18:22:59,200,1.000,3.000,17
https://100daystooffload.com/,23286,2026-09-20 18:22:59,200,1.000,3.000,17
https://11tymeetup.dev/,14362,2026-09-20 18:22:59,200,1.000,3.000,16
https://aavina.com/,16528,2026-09-20 18:22:59,200,1.000,3.000,17
https://0xff.nu/,29032,2026-09-20 18:22:59,200,1.000,3.000,17
https://1403.slantedhall.com/,50168,2026-09-20 18:22:59,200,1.000,3.000,18
https://aashvik.com/,17123,2026-09-20 18:22:59,200,1.000,3.000,17
https://11ty.rocks/,23449,2026-09-20 18:22:59,200,1.000,3.000,17
https://aaronjeskie.com/,13106,2026-09-20 18:22:59,200,1.000,3.000,17
https://96tilinfinity.com/,4856,2026-09-20 18:22:59,200,1.000,3.000,17
https://250kb.club/,111194,2026-09-20 18:22:59,200,1.000,3.000,17
https://11ty-recipes.mikeaparicio.com/,10995,2026-09-20 18:22:59,200,1.000,3.000,17
https://46692.dev/,3335,2026-09-20 18:22:59,200,1.000,3.000,17
https://64b.it/,3226,2026-09-20 18:22:59,200,1.000,3.000,17
https://abf.li/,191568,2026-09-20 18:22:59,200,1.000,3.000,17
https://1984.ninja/,25592,2026-09-20 18:22:59,200,1.000,3.000,17
https://actualwebsite.org/,24924,2026-09-20 18:22:59,200,1.000,3.000,17
https://2021.typographics.com/,42385,2026-09-20 18:22:59,200,1.000,3.000,17
https://adamobeng.com/,5165,2026-09-20 18:22:59,200,1.000,3.000,17
https://agentkaz.dreamwidth.org/,0,2026-09-20 18:22:59,0,1.000,3.000,16
https://abir.nyc/,5079,2026-09-20 18:22:59,200,1.000,3.000,18
https://a2a.com/,138338,2026-09-20 18:22:59,200,1.000,3.000,18
https://adamwv.de/,5500,2026-09-20 18:22:59,200,1.000,3.000,17
https://aboutfeeds.com/,8248,2026-09-20 18:23:00,200,1.000,3.000,18
https://2024.typographics.com/,28721,2026-09-20 18:23:00,200,1.000,3.000,17
https://addyosmani.com/,66165,2026-09-20 18:23:00,200,1.000,3.000,16
https://5snb.club/,74374,2026-09-20 18:23:00,200,1.000,3.000,18
https://adambuczek.com/,4220,2026-09-20 18:23:00,200,1.000,3.000,18
https://avenuerestaurantandbar.com/,23012,2026-09-20 18:23:00,200,1.000,3.000,25
http://7ze37n6jnngvwurvtlafprl3nvdsxjiaqaluzztqhl2o5vigi3fj5lyd.onion/,0,2026-09-20 18:23:00,0,1.000,3.000,19
https://2025.typographics.com/,30363,2026-09-20 18:23:00,200,1.000,3.000,17
https://abordage.dev/,61672,2026-09-20 18:23:00,200,1.000,3.000,17
https://2023.typographics.com/,68727,2026-09-20 18:23:00,200,1.000,3.000,17
https://archiveofourown.org/users/AgentKaz,0,2026-09-20 18:23:00,0,1.000,3.000,16
https://aboutdavid.me/,12290,2026-09-20 18:23:00,200,1.000,3.000,17
https://abir.photos/,186907,2026-09-20 18:23:00,200,1.000,3.000,19
https://0x1bi.net/,0,2026-09-20 18:23:00,0,1.000,3.000,16
https://ad301.org/,0,2026-09-20 18:23:00,402,1.000,3.000,17
https://acode.io/,15369,2026-09-20 18:23:00,200,1.000,3.000,18
https://adityatelange.in/,35383,2026-09-20 18:23:00,200,1.000,3.000,17
https://agentultra.com/,3192,2026-09-20 18:23:00,200,1.000,3.000,17
https://abir.taheer.me/,0,2026-09-20 18:23:00,0,1.000,3.000,20
https://aj.bozdar.im/,0,2026-09-20 18:23:00,0,1.000,3.000,17
https://0x19.org/,8519,2026-09-20 18:23:00,200,1.000,3.000,16
https://adithya.zip/,3902,2026-09-20 18:23:00,200,1.000,3.000,17
https://aftermath.site/,210996,2026-09-20 18:23:00,200,1.000,3.000,18
https://abcdinamo.com/,260171,2026-09-20 18:23:00,200,1.000,3.000,18
https://2020.typographics.com/,44524,2026-09-20 18:23:00,200,1.000,3.000,17
https://5.vg/,555,2026-09-20 18:23:00,200,1.000,3.000,18
http://alienozi.xyz/,0,2026-09-20 18:23:00,0,1.000,3.000,16
https://adam.sr/,24697,2026-09-20 18:23:00,200,1.000,3.000,17
https://32bit.cafe/cyowebsite/,24821,2026-09-20 18:23:00,200,1.000,3.000,18
https://allfoxesare.gay/,0,2026-09-20 18:23:00,0,1.000,3.000,18
https://alexcabal.com/,5925,2026-09-20 18:23:00,200,1.000,3.000,18
https://1clicklinux.org/,12869,2026-09-20 18:23:00,200,1.000,3.000,17
https://alessandrocuzzocrea.com/,30872,2026-09-20 18:23:00,200,1.000,3.000,17
https://adast.dk/,1700,2026-09-20 18:23:00,200,1.000,3.000,17
https://adguard.com/en/adguard-home/overview.html,366156,2026-09-20 18:23:00,200,1.000,3.000,18
https://alexalejandre.com/,9324,2026-09-20 18:23:00,200,1.000,3.000,17
https://ache.one/,7242,2026-09-20 18:23:00,200,1.000,3.000,18
https://alex.mw/,11303,2026-09-20 18:23:00,200,1.000,3.000,17
https://999eagle.moe/,3396,2026-09-20 18:23:00,200,1.000,3.000,19
https://allan.reyes.sh/,4911,2026-09-20 18:23:00,200,1.000,3.000,17
https://abbie.moe/,5808,2026-09-20 18:23:01,200,1.000,3.000,19
https://agxworld.com/,99999,2026-09-20 18:23:01,200,1.000,3.000,18
https://5t3ph.dev/learn-11ty,0,2026-09-20 18:23:01,404,1.000,3.000,18
https://aftermath.ghost.io/?ref=aftermath.site,210996,2026-09-20 18:23:01,200,1.000,3.000,19
https://allaboutberlin.com/,458193,2026-09-20 18:23:01,200,1.000,3.000,17
https://aliceisvery.gay/,4057,2026-09-20 18:23:01,200,1.000,3.000,17
https://alexschroeder.ch/,2231,2026-09-20 18:23:01,200,1.000,3.000,18
https://alvin.codes/,12160,2026-09-20 18:23:01,200,1.000,3.000,17
http://alexey.shpakovsky.ru/,180,2026-09-20 18:23:01,200,1.000,3.000,17
https://31a05b.net/,0,2026-09-20 18:23:01,200,1.000,3.000,20
https://3xf.eu/,16203,2026-09-20 18:23:01,200,1.000,3.000,16
https://aleteoryx.me/,14201,2026-09-20 18:23:01,200,1.000,3.000,18
https://alanhadyk.dev/,11890,2026-09-20 18:23:01,200,1.000,3.000,17
https://adayo.client.jp/,0,2026-09-20 18:23:01,404,1.000,3.000,18
https://anabeatriz.dev/,0,2026-09-20 18:23:01,0,1.000,3.000,18
https://amerpie.omg.lol/,0,2026-09-20 18:23:01,0,1.000,3.000,16
https://allaboutbeer.com/podcast/,117065,2026-09-20 18:23:01,200,1.000,3.000,16
https://aggrocrab.com/going-under,254056,2026-09-20 18:23:01,200,1.000,3.000,18
https://adguard-dns.io/welcome.html?_plc=en,222843,2026-09-20 18:23:01,200,1.000,3.000,19
https://adguard-mail.com/welcome.html?_plc=en,215256,2026-09-20 18:23:01,200,1.000,3.000,19
https://adguard-vpn.com/linux/overview.html?_plc=en,248252,2026-09-20 18:23:01,200,1.000,3.000,19
https://ampersandia.net/,4046,2026-09-20 18:23:01,200,1.000,3.000,17
https://amnesiarebirth.com/,4811,2026-09-20 18:23:01,200,1.000,3.000,18
https://allien.work/,20758,2026-09-20 18:23:01,200,1.000,3.000,17
https://anderegg.ca/,15050,2026-09-20 18:23:01,200,1.000,3.000,17
https://abbie.overflight.cc/warhammer/,1868,2026-09-20 18:23:02,200,1.000,3.000,20
https://20.sesja.linuksowa.pl/,0,2026-09-20 18:23:02,200,1.000,3.000,18
https://alv.sh/email-list,0,2026-09-20 18:23:02,404,1.000,3.000,18
https://akselmo.dev/,89273,2026-09-20 18:23:02,200,1.000,3.000,17
https://aklsh.me/,4173,2026-09-20 18:23:02,200,1.000,3.000,17
https://alprado.com/,145024,2026-09-20 18:23:02,200,1.000,3.000,17
https://aradiacollective.dreamwidth.org/,0,2026-09-20 18:23:02,0,1.000,3.000,16
https://adguard-wallet.com/welcome.html?_plc=en,128308,2026-09-20 18:23:02,200,1.000,3.000,19
https://andreiracasan.com/,6271,2026-09-20 18:23:02,200,1.000,3.000,17
https://andrepeat.com/,32065,2026-09-20 18:23:02,200,1.000,3.000,18
https://antisocial.moe/,0,2026-09-20 18:23:02,0,1.000,3.000,16
https://andrekelling.de/,14594,2026-09-20 18:23:02,200,1.000,3.000,18
https://andrew.let-them.cyou/,2844,2026-09-20 18:23:02,200,1.000,3.000,17
https://anakojm.net/,3530,2026-09-20 18:23:02,200,1.000,3.000,18
https://aneacsu.com/,0,2026-09-20 18:23:02,404,1.000,3.000,17
https://anna.wieckiewicz.org/,14443,2026-09-20 18:23:02,200,1.000,3.000,17
https://512pixels.net/2026/08/golden-gate-beta-6-stoplights-liquid-glass/,33714,2026-09-20 18:23:02,200,1.000,3.000,18
https://agxworldpteltd.zohodesk.eu/portal/en/signin,24563,2026-09-20 18:23:02,200,1.000,3.000,19
https://alyxia.dev/,14840,2026-09-20 18:23:02,200,1.000,3.000,20
http://ankarstrom.se/~john/articles/html/,16000,2026-09-20 18:23:02,200,1.000,3.000,18
https://andreiclinciu.net/,24688,2026-09-20 18:23:02,200,1.000,3.000,18
https://app.thestorygraph.com/profile/awdrey,0,2026-09-20 18:23:02,403,1.000,3.000,16
https://adguardaccount.com/redeem/dns?_plc=en,60577,2026-09-20 18:23:02,200,1.000,3.000,20
https://anyleaf.org/,0,2026-09-20 18:23:02,0,1.000,3.000,17
https://anthonycossins.com/,12307,2026-09-20 18:23:03,200,1.000,3.000,17
https://anthonydeguzman.com/,17745,2026-09-20 18:23:03,200,1.000,3.000,17
https://aprl.pet/,0,2026-09-20 18:23:03,0,1.000,3.000,21
https://abadminton.club/,1112,2026-09-20 18:23:03,200,1.000,3.000,18
https://andy-bell.co.uk/,27670,2026-09-20 18:23:03,200,1.000,3.000,16
https://amehut.dev/,3058,2026-09-20 18:23:03,200,1.000,3.000,19
https://allthingssmitty.com/2026/01/12/stop-turning-everything-into-arrays-and-do-less-work-instead/,15689,2026-09-20 18:23:03,200,1.000,3.000,19
https://ansharora.in/,14944,2026-09-20 18:23:03,200,1.000,3.000,18
https://aphera.co/,31166,2026-09-20 18:23:03,200,1.000,3.000,16
https://ant.cosenti.no/,7030,2026-09-20 18:23:03,200,1.000,3.000,17
https://applications.stuysu.org/,12965,2026-09-20 18:23:03,200,1.000,3.000,19
https://anibalsolon.com/,12649,2026-09-20 18:23:03,200,1.000,3.000,17
https://adrian.geek.nz/,3406,2026-09-20 18:23:03,200,1.000,3.000,17
https://amsterdamtypography.nl/,11350,2026-09-20 18:23:03,200,1.000,3.000,17
https://anonimno.codeberg.page/,0,2026-09-20 18:23:03,404,1.000,3.000,17
https://annaaurora.eu/,4853,2026-09-20 18:23:03,200,1.000,3.000,17
https://architjain-512.pages.dev/,4362,2026-09-20 18:23:03,200,1.000,3.000,17
https://andrewsfasteners.uk/,57637,2026-09-20 18:23:03,200,1.000,3.000,18
https://apps.jeurissen.co/,3278,2026-09-20 18:23:03,200,1.000,3.000,17
https://aria.coffee/,22830,2026-09-20 18:23:03,200,1.000,3.000,17
https://apex.ac/,6125,2026-09-20 18:23:03,200,1.000,3.000,17
https://agrd.io/xiaomi,31474,2026-09-20 18:23:03,200,1.000,3.000,19
https://abigail.sh/,36177,2026-09-20 18:23:04,200,1.000,3.000,21
https://anti-algebra.tiiny.site/,1155,2026-09-20 18:23:04,200,1.000,3.000,17
https://areweinarecession.com/,19956,2026-09-20 18:23:04,200,1.000,3.000,17
https://antybariera.pl/,27218,2026-09-20 18:23:04,200,1.000,3.000,18
https://appbeat.io/,33192,2026-09-20 18:23:04,200,1.000,3.000,17
https://anthonygladman.com/blog/,0,2026-09-20 18:23:04,404,1.000,3.000,16
https://arisuchan.jp/,0,2026-09-20 18:23:04,402,1.000,3.000,17
https://arfer.net/,1488,2026-09-20 18:23:04,200,1.000,3.000,18
https://ariq.nauf.al/,3477,2026-09-20 18:23:04,200,1.000,3.000,18
http://artic725lafwfqnygqxraupupg7dtbf4own767duq2bxj3t7dszvzmid.onion/,0,2026-09-20 18:23:04,0,1.000,3.000,16
https://aqua-tech.net.pl/,37335,2026-09-20 18:23:04,200,1.000,3.000,18
https://arkives.in/,20148,2026-09-20 18:23:04,200,1.000,3.000,17
https://arjoonn.com/,78693,2026-09-20 18:23:04,200,1.000,3.000,17
https://arkatai.com/,45356,2026-09-20 18:23:04,200,1.000,3.000,17
https://appaddict.app/categories/mac-apps,0,2026-09-20 18:23:04,200,1.000,3.000,16
https://asindu.xyz/,0,2026-09-20 18:23:04,0,1.000,3.000,17
https://architjain.dev/,12646,2026-09-20 18:23:04,200,1.000,3.000,18
https://addie.sh/,6603,2026-09-20 18:23:04,200,1.000,3.000,18
https://apex.moe/,868,2026-09-20 18:23:04,200,1.000,3.000,22
https://arts.ny.gov/,0,2026-09-20 18:23:04,403,1.000,3.000,18
https://ackwell.au/,3153,2026-09-20 18:23:04,200,1.000,3.000,18
https://aria.catwife.dev/,459,2026-09-20 18:23:04,200,1.000,3.000,18
https://arkeonews.net/2300-year-old-beer-found-sealed-inside-a-bronze-bottle-in-china/,74165,2026-09-20 18:23:04,200,1.000,3.000,16
https://arkensys.dedyn.io/,2690,2026-09-20 18:23:04,200,1.000,3.000,17
https://arisu.ee/,0,2026-09-20 18:23:04,503,1.000,3.000,16
https://alula.me/,8712,2026-09-20 18:23:05,200,1.000,3.000,18
https://arenzana.org/,38160,2026-09-20 18:23:05,200,1.000,3.000,17
https://andinus.nand.sh/,0,2026-09-20 18:23:05,0,1.000,3.000,17
https://alittlebitofstone.com/man-time-launches-10000-beer-mat-campaign-to-get-stone-men-talking/,138325,2026-09-20 18:23:05,200,1.000,3.000,16
https://astrologyclock.net/,3745,2026-09-20 18:23:05,200,1.000,3.000,17
https://atom-editor.cc/,12028,2026-09-20 18:23:05,200,1.000,3.000,16
https://asnine.me/,30108,2026-09-20 18:23:05,200,1.000,3.000,18
https://artemislena.eu/,4783,2026-09-20 18:23:05,200,1.000,3.000,17
https://astroslair.xyz/,5975,2026-09-20 18:23:05,200,1.000,3.000,17
https://audiomass.co/,2044,2026-09-20 18:23:05,200,1.000,3.000,17
https://ari.express/,6677,2026-09-20 18:23:05,200,1.000,3.000,17
https://arrys.me/,111904,2026-09-20 18:23:05,200,1.000,3.000,17
https://asukaminato.eu.org/,5652,2026-09-20 18:23:05,200,1.000,3.000,18
https://arimelody.space/,14421,2026-09-20 18:23:05,200,1.000,3.000,18
https://archiveofourown.org/users/ArgentNoelle,0,2026-09-20 18:23:05,0,1.000,3.000,16
https://ata.moe/,6486,2026-09-20 18:23:05,200,1.000,3.000,18
https://articexploit.xyz/,3228,2026-09-20 18:23:05,200,1.000,3.000,16
https://ashishpanigrahi.com/,164768,2026-09-20 18:23:05,200,1.000,3.000,17
https://atthis.link/,14100,2026-09-20 18:23:05,200,1.000,3.000,17
https://atomic.financial/,809165,2026-09-20 18:23:05,200,1.000,3.000,16
https://arrowtype.com/,2168384,2026-09-20 18:23:05,200,1.000,3.000,18
https://auroraoutlook.com/,2563,2026-09-20 18:23:05,200,1.000,3.000,17
https://aryan.app/,8001,2026-09-20 18:23:05,200,1.000,3.000,17
http://artingwystawa.flid.pl/energometr-a-buczek-m-nowicki-pierwsza-nagroda/,13570,2026-09-20 18:23:05,200,1.000,3.000,19
https://awii.neocities.org/,2025,2026-09-20 18:23:06,200,1.000,0.654,15
https://axelcentral.neocities.org/,1109,2026-09-20 18:23:06,200,1.000,0.654,15
https://avaje.io/,14095,2026-09-20 18:23:06,200,1.000,3.000,17
https://arc.net/l/quote/cgtrniku,87388,2026-09-20 18:23:06,200,1.000,3.000,19
https://asun9.com/,9673,2026-09-20 18:23:06,200,1.000,3.000,17
https://b4rkod.net.tr/,0,2026-09-20 18:23:06,0,1.000,3.000,16
https://augustl.com/,50055,2026-09-20 18:23:06,200,1.000,3.000,17
https://astrra.space/,11352,2026-09-20 18:23:06,200,1.000,3.000,17
https://aworkinglibrary.com/,11953,2026-09-20 18:23:06,200,1.000,3.000,14
https://azoart-nexus.neocities.org/,2278,2026-09-20 18:23:06,200,1.000,0.654,15
https://axoga.to/,71640,2026-09-20 18:23:06,200,1.000,3.000,17
https://autumns.page/,2264,2026-09-20 18:23:06,200,1.000,3.000,17
https://586r6.share.hsforms.com/29Ervp2RcRHaDhptzU75jMg,73809,2026-09-20 18:23:06,200,1.000,3.000,17
https://auslandsguru.com/,2737,2026-09-20 18:23:06,200,1.000,3.000,17
https://autotutor.com.au/,13019,2026-09-20 18:23:06,200,1.000,3.000,17
https://ayham.xyz/,6336,2026-09-20 18:23:06,200,1.000,3.000,18
https://azrd.dev/,0,2026-09-20 18:23:06,403,1.000,3.000,17
https://artfight.net/~Chailotl,0,2026-09-20 18:23:06,403,1.000,3.000,18
https://anya.sh/,0,2026-09-20 18:23:06,0,1.000,3.000,18
https://b0ba.dev/,6145,2026-09-20 18:23:06,200,1.000,3.000,17
https://azerkoculu.com/,16427,2026-09-20 18:23:06,200,1.000,3.000,14
https://barbierinotes.com/,0,2026-09-20 18:23:06,0,1.000,3.000,17
https://auxim.gay/,14879,2026-09-20 18:23:06,200,1.000,3.000,22
https://axxuy.com/,2920,2026-09-20 18:23:06,200,1.000,3.000,14
https://azdavis.net/,1622,2026-09-20 18:23:06,200,1.000,3.000,17
https://ayotomcs.me/webrings,448492,2026-09-20 18:23:06,200,1.000,3.000,15
https://baphomets.neocities.org/main_page,22618,2026-09-20 18:23:06,200,1.000,0.631,15
https://barbatus.neocities.org/,23713,2026-09-20 18:23:06,200,1.000,0.631,15
https://ballonlea.net/trickyfox/,14918,2026-09-20 18:23:06,200,1.000,3.000,16
https://baderb.me/,9507,2026-09-20 18:23:06,200,1.000,3.000,14
https://backloggd.com/u/117zone/,37479,2026-09-20 18:23:07,200,1.000,3.000,16
https://barnacl437.is-a.dev/,8367,2026-09-20 18:23:07,200,1.000,3.000,17
https://aleteoryx.dreamwidth.org/tag/site+updates,0,2026-09-20 18:23:07,0,1.000,3.000,19
https://aus.social/@nathanbottomley,61599,2026-09-20 18:23:07,200,1.000,3.000,17
https://astrra.omg.lol/,0,2026-09-20 18:23:07,0,1.000,3.000,18
https://basilochre.neocities.org/,12250,2026-09-20 18:23:07,200,1.000,0.618,15
https://balonso.com/,14788,2026-09-20 18:23:07,200,1.000,3.000,14
https://balloonpup.com/,5406,2026-09-20 18:23:07,200,1.000,3.000,19
https://bacardi55.io/,9227,2026-09-20 18:23:07,200,1.000,3.000,14
https://anniesden.dev/,40548,2026-09-20 18:23:07,200,1.000,3.000,18
https://barryvanveen.nl/,11841,2026-09-20 18:23:07,200,1.000,3.000,17
https://basil.cafe/,8113,2026-09-20 18:23:07,200,1.000,3.000,21
https://barnsworthburning.net/,60930,2026-09-20 18:23:07,200,1.000,3.000,17
https://barrarchiverio.cl/,14141,2026-09-20 18:23:07,200,1.000,3.000,15
https://barfooz.xyz/,22439,2026-09-20 18:23:07,200,1.000,3.000,18
https://bat.kittycat.homes/,92220,2026-09-20 18:23:07,200,1.000,3.000,19
https://basementcommunity.com/webrings,33331,2026-09-20 18:23:07,200,1.000,3.000,15
https://bahoom.com/hyperdock/,9790,2026-09-20 18:23:07,200,1.000,3.000,15
https://az.on.lt/,7779,2026-09-20 18:23:07,200,1.000,3.000,17
https://auxmerveilleux.com/en/,369830,2026-09-20 18:23:07,200,1.000,3.000,15
https://balintmagyar.com/,14691,2026-09-20 18:23:07,200,1.000,3.000,14
https://battaglr.com/webrings,32679,2026-09-20 18:23:07,200,1.000,3.000,15
https://baty.net/,26751,2026-09-20 18:23:07,200,1.000,3.000,14
https://bbbarbatus.newgrounds.com/,0,2026-09-20 18:23:07,403,1.000,3.000,16
https://baysonfox.com/,21788,2026-09-20 18:23:07,200,1.000,3.000,17
https://bav-werkzeug.de/,0,2026-09-20 18:23:07,509,1.000,3.000,18
https://bass2nick.com/,9848,2026-09-20 18:23:08,200,1.000,3.000,16
https://baltuta.eu/,39959,2026-09-20 18:23:08,200,1.000,3.000,17
https://badge.les.bi/,4468,2026-09-20 18:23:08,200,1.000,3.000,16
https://baccyflap.com/prs/blog/,24104,2026-09-20 18:23:08,200,1.000,3.000,14
https://based.cooking/,82010,2026-09-20 18:23:08,200,1.000,3.000,17
https://bcachefs.org/,22388,2026-09-20 18:23:08,200,1.000,3.000,18
https://bedrocklolscave.neocities.org/,36647,2026-09-20 18:23:08,200,1.000,0.611,15
https://bdastesting.com/,64939,2026-09-20 18:23:08,200,1.000,3.000,16
https://bdsmovement.net/,129389,2026-09-20 18:23:08,200,1.000,3.000,16
https://bearblog.dev/,10312,2026-09-20 18:23:08,200,1.000,1.893,15
https://beak-tama.art/main.html,19662,2026-09-20 18:23:08,200,1.000,3.000,15
https://arc86.net/,0,2026-09-20 18:23:08,0,1.000,3.000,16
https://beanrob.net/,13791,2026-09-20 18:23:08,200,1.000,3.000,15
https://beardystarstuff.net/,18202,2026-09-20 18:23:08,200,1.000,3.000,14
https://bebyx.co.ua/,6283,2026-09-20 18:23:08,200,1.000,3.000,17
https://axel.beckert.ch/,27779,2026-09-20 18:23:08,200,1.000,3.000,18
https://beer-chronicles.org/,229714,2026-09-20 18:23:08,200,1.000,3.000,16
https://advelos.moe/,56514,2026-09-20 18:23:08,200,1.000,3.000,16
https://bell.bz/,27670,2026-09-20 18:23:08,200,1.000,3.000,17
https://belko.xyz/,2881,2026-09-20 18:23:08,200,1.000,3.000,17
https://alioth.debian.org/projects/aptitude/,0,2026-09-20 18:23:08,0,1.000,3.000,19
https://baty.blog/,0,2026-09-20 18:23:08,404,1.000,3.000,15
https://beakandlens.com/,7594,2026-09-20 18:23:08,200,1.000,3.000,16
https://bendersteed.tech/,0,2026-09-20 18:23:08,0,1.000,3.000,16
https://beachbooks.blog/,216256,2026-09-20 18:23:08,200,1.000,3.000,14
https://belijzajac.dev/,19118,2026-09-20 18:23:08,200,1.000,3.000,17
https://beesbuzz.biz/,10359,2026-09-20 18:23:08,200,1.000,3.000,14
https://archiveofourown.org/users/Awdrey,0,2026-09-20 18:23:08,0,1.000,3.000,16
https://beatngu.altervista.org/bi/index.php,2187,2026-09-20 18:23:09,200,1.000,3.000,16
https://beeps.website/blog/2023-04-27-otherkin-friendly-captchas-revisited/,53524,2026-09-20 18:23:09,200,1.000,3.000,19
https://beerinsights.com/archive-article/60610,55357,2026-09-20 18:23:09,200,1.000,3.000,16
https://benchmarkstudio.net/,12352,2026-09-20 18:23:09,200,1.000,3.000,17
https://beetleypete.com/,331548,2026-09-20 18:23:09,200,1.000,3.000,14
https://benjaminchait.net/,3339,2026-09-20 18:23:09,200,1.000,3.000,14
https://benny.bearblog.dev/,23390,2026-09-20 18:23:09,200,1.000,1.500,14
https://bellets.me/,1831,2026-09-20 18:23:09,200,1.000,3.000,19
https://belle.gallery/,7901,2026-09-20 18:23:09,200,1.000,3.000,16
https://beh.uk/,16445,2026-09-20 18:23:09,200,1.000,3.000,17
https://benovermyer.com/,8735,2026-09-20 18:23:09,200,1.000,3.000,14
https://beer.fanfreak.net/,2573,2026-09-20 18:23:09,200,1.000,3.000,16
https://berkshirehathaway.com/,1745,2026-09-20 18:23:09,200,1.000,3.000,17
https://ben.wf/,9860,2026-09-20 18:23:09,200,1.000,3.000,14
https://accounts.hcaptcha.com/demo,4359,2026-09-20 18:23:09,200,1.000,3.000,20
https://bellard.org/,4728,2026-09-20 18:23:09,200,1.000,3.000,17
https://bere.al/auja.fr,37875,2026-09-20 18:23:09,200,1.000,3.000,16
http://benrosenberg.info/,2058,2026-09-20 18:23:09,200,1.000,3.000,17
https://bestaliexpresstore.live/,0,2026-09-20 18:23:09,0,1.000,3.000,15
https://benborgers.com/,11466,2026-09-20 18:23:09,200,1.000,3.000,14
https://berrysauce.dev/,13214,2026-09-20 18:23:09,200,1.000,3.000,17
https://bernsteinbear.com/,12172,2026-09-20 18:23:09,200,1.000,3.000,17
https://beepi.ng/,36213,2026-09-20 18:23:09,200,1.000,3.000,19
https://behance.net/martin-allien/,702616,2026-09-20 18:23:09,200,1.000,3.000,18
https://altcha.org/,176455,2026-09-20 18:23:09,200,1.000,3.000,20
https://awoo.town/@fox,37977,2026-09-20 18:23:09,200,1.000,3.000,20
https://bentsai.org/,14277,2026-09-20 18:23:09,200,1.000,3.000,14
https://bengodfrey.dev/,5238,2026-09-20 18:23:09,200,1.000,3.000,17
http://bettermotherfuckingwebsite.com/,3775,2026-09-20 18:23:09,200,1.000,3.000,18
https://bencrowder.net/,7895,2026-09-20 18:23:09,200,1.000,3.000,14
https://bestemployeeever.com/,22031,2026-09-20 18:23:09,200,1.000,3.000,17
https://berkeleyyeast.com/products/dry-fresh-chico?utm_source=All+About+Beer&utm_medium=Ultra-Low&utm_campaign=Ultra-Low&utm_id=Dry+FRESH%E2%84%A2+Chico&utm_term=Ultra-Low&utm_content=Splash+Shot,336660,2026-09-20 18:23:09,200,1.000,3.000,17
https://beta.shodan.io/,12719,2026-09-20 18:23:09,200,1.000,3.000,17
https://bduck.xyz/,114,2026-09-20 18:23:10,200,1.000,3.000,18
https://bestmotherfucking.website/,5514,2026-09-20 18:23:10,200,1.000,3.000,17
https://ben.page/blocks,13807,2026-09-20 18:23:10,200,1.000,3.000,15
https://bettermode.com/,833470,2026-09-20 18:23:10,200,1.000,3.000,18
https://betweentheprompts.com/,8393,2026-09-20 18:23:10,200,1.000,3.000,17
https://bagel.institute/,12113,2026-09-20 18:23:10,200,1.000,3.000,15
https://apeleg.com/,0,2026-09-20 18:23:10,200,1.000,3.000,18
https://beuke.org/,9325,2026-09-20 18:23:10,200,1.000,3.000,17
https://bbbhltz.codeberg.page/,9185,2026-09-20 18:23:10,200,1.000,3.000,17
http://berglondon.com/blog/author/ab/,63278,2026-09-20 18:23:10,200,1.000,3.000,15
https://authenyo.xyz/,0,2026-09-20 18:23:10,0,1.000,3.000,20
https://bellacoolaharbour.ca/,8825,2026-09-20 18:23:10,200,1.000,3.000,17
https://bezoscalculator.com/,12736,2026-09-20 18:23:10,200,1.000,3.000,17
https://bettersoftware.uk/,8670,2026-09-20 18:23:10,200,1.000,3.000,17
https://billsworld.neocities.org/,9060,2026-09-20 18:23:10,200,1.000,0.606,15
https://big-man.neocities.org/,7778,2026-09-20 18:23:10,200,1.000,0.606,15
http://bennettfeely.com/csscreatures/,0,2026-09-20 18:23:10,503,1.000,3.000,16
https://binrw.rs/,0,2026-09-20 18:23:10,0,1.000,3.000,19
https://biblehub.com/proverbs/12-11.htm,46153,2026-09-20 18:23:10,200,1.000,3.000,16
https://bark.lgbt/@fox,66303,2026-09-20 18:23:10,200,1.000,3.000,20
https://bgp.he.net/,5890,2026-09-20 18:23:10,200,1.000,3.000,17
https://app.wafrn.net/fediverse/blog/961733,23259,2026-09-20 18:23:10,200,1.000,3.000,20
https://berrycdn.com/legal/privacy,5741,2026-09-20 18:23:10,200,1.000,3.000,18
https://abtmtr.link/,24742,2026-09-20 18:23:10,200,1.000,3.000,20
https://beyond.addy.ie/,127113,2026-09-20 18:23:10,200,1.000,3.000,17
https://birdfoxgirl.neocities.org/,7574,2026-09-20 18:23:10,200,1.000,0.595,15
https://big-man.123guestbook.com/,0,2026-09-20 18:23:10,403,1.000,3.000,16
https://bfontaine.net/blog/,9656,2026-09-20 18:23:10,200,1.000,3.000,17
https://binyam.in/,4397,2026-09-20 18:23:10,200,1.000,3.000,17
https://bestdaria.com/,10461,2026-09-20 18:23:10,200,1.000,3.000,17
https://birchtree.me/,73638,2026-09-20 18:23:10,200,1.000,3.000,14
https://berean.bible/downloads.htm,32529,2026-09-20 18:23:10,200,1.000,3.000,17
http://bergcloud.com/littleprinter/,0,2026-09-20 18:23:10,502,1.000,3.000,16
https://binovarghese.com/,12988,2026-09-20 18:23:10,200,1.000,3.000,14
https://2022.ecoop.org/details/ICOOOLPS-2022-papers/5/Cinder-We-didn-t-start-the-fire,78214,2026-09-20 18:23:10,200,1.000,3.000,18
https://bicycleforyourmind.com/,43456,2026-09-20 18:23:10,200,1.000,3.000,14
https://betterip.org/,5732,2026-09-20 18:23:10,200,1.000,3.000,18
https://ask.kiwi/,0,2026-09-20 18:23:10,0,1.000,3.000,15
https://2026.programming-conference.org/home/MoreVMs-2026,92115,2026-09-20 18:23:11,200,1.000,3.000,18
https://bisq.neocities.org/links,9866,2026-09-20 18:23:11,200,1.000,0.590,15
https://annabellegralton.com/,23420,2026-09-20 18:23:11,200,1.000,3.000,17
https://bh4.ru/,0,2026-09-20 18:23:11,0,1.000,3.000,15
http://audioboo.fm/boos/936977-pauite,0,2026-09-20 18:23:11,404,1.000,3.000,16
https://biixie.com/,4186,2026-09-20 18:23:11,200,1.000,3.000,17
https://bishwasaha.com/,4202,2026-09-20 18:23:11,200,1.000,3.000,18
https://bitcoin.me/,28301,2026-09-20 18:23:11,200,1.000,3.000,22
https://aikoyori.xyz/,0,2026-09-20 18:23:11,0,1.000,3.000,19
https://bitdragon.dev/,8861,2026-09-20 18:23:11,200,1.000,3.000,18
https://bitfission.com/,1528,2026-09-20 18:23:11,200,1.000,3.000,15
https://birming.com/,25511,2026-09-20 18:23:11,200,1.000,3.000,14
https://birchfeed.app/,256630,2026-09-20 18:23:11,200,1.000,3.000,15
https://berrydiaboli.com/,8195,2026-09-20 18:23:11,200,1.000,3.000,21
https://birchtree.productions/apps/weave/,13818,2026-09-20 18:23:11,200,1.000,3.000,15
https://bitwarden.com/,693793,2026-09-20 18:23:11,200,1.000,3.000,16
https://billetterie.musee-orsay.fr/,61122,2026-09-20 18:23:11,200,1.000,3.000,15
https://annotatedbible.com/,28740,2026-09-20 18:23:11,200,1.000,3.000,18
https://a-sharp.com/opal/opal.html,4390,2026-09-20 18:23:11,200,1.000,3.000,15
https://bharadwajls.space/,159441,2026-09-20 18:23:11,200,1.000,3.000,14
https://blackreach.neocities.org/,4642,2026-09-20 18:23:11,200,1.000,0.585,15
https://birds.town/@mjohanning,38535,2026-09-20 18:23:11,200,1.000,3.000,17
https://2dcon.net/,240800,2026-09-20 18:23:11,200,1.000,3.000,21
https://beverage-master.com/issue/april-may-2026/,94524,2026-09-20 18:23:11,200,1.000,3.000,16
https://blagi.neocities.org/webrings,3931,2026-09-20 18:23:11,200,1.000,0.585,15
https://blackveil.neocities.org/,13870,2026-09-20 18:23:11,200,1.000,0.585,15
http://blapi36sowfyuwzp4ag24xb3d4zdrzgtafez3g3lkp2rj4ho7lxhceid.onion/,0,2026-09-20 18:23:11,0,1.000,3.000,16
https://beyondloom.com/blog/index.html,3060,2026-09-20 18:23:11,200,1.000,3.000,18
https://apps.shakingthehabitual.com/traverse/,34630,2026-09-20 18:23:11,200,1.000,3.000,15
https://blakehawkins.com/blog,12689,2026-09-20 18:23:11,200,1.000,3.000,17
https://black-foundry.com/,143525,2026-09-20 18:23:11,200,1.000,3.000,18
https://bkapteijn.nl/,9329,2026-09-20 18:23:11,200,1.000,3.000,17
https://bjhess.com/,84519,2026-09-20 18:23:11,200,1.000,3.000,14
https://blast-o-rama.com/,106329,2026-09-20 18:23:11,200,1.000,3.000,14
https://bitcoincashstandards.org/,14861,2026-09-20 18:23:11,200,1.000,3.000,17
https://blendogames.com/skindeep/,7621,2026-09-20 18:23:11,200,1.000,3.000,18
https://bleach.dev/,29430,2026-09-20 18:23:11,200,1.000,3.000,17
https://blackletra.com/,57364,2026-09-20 18:23:11,200,1.000,3.000,18
https://blinkies.cafe/,16580,2026-09-20 18:23:12,200,1.000,3.000,16
https://blebon.com/,6225,2026-09-20 18:23:12,200,1.000,3.000,17
https://blackpiratex.com/,95428,2026-09-20 18:23:12,200,1.000,3.000,15
https://archiveofourown.org/users/Awdrey/bookmarks,0,2026-09-20 18:23:12,0,1.000,3.000,16
https://2026.programmingconference.org/,36800,2026-09-20 18:23:12,200,1.000,3.000,19
https://2027.programmingconference.org/,33147,2026-09-20 18:23:12,200,1.000,3.000,19
https://blakewatson.com/,29256,2026-09-20 18:23:12,200,1.000,3.000,14
https://bittich.be/,5843,2026-09-20 18:23:12,200,1.000,3.000,18
https://2024.programmingconference.org/,47779,2026-09-20 18:23:12,200,1.000,3.000,19
https://2019.programmingconference.org/,57318,2026-09-20 18:23:12,200,1.000,3.000,19
https://blazingly.fast/hall-of-speed,24817,2026-09-20 18:23:12,200,1.000,3.000,15
https://blimps.xyz/@balloonpup,36976,2026-09-20 18:23:12,200,1.000,3.000,20
https://2021.programmingconference.org/,48118,2026-09-20 18:23:12,200,1.000,3.000,19
https://bereanbibles.com/about-berean-study-bible/greek-and-hebrew-sources/,214048,2026-09-20 18:23:12,200,1.000,3.000,18
https://bix.blog/,4781,2026-09-20 18:23:12,200,1.000,3.000,14
https://bldavies.com/blog,23724,2026-09-20 18:23:12,200,1.000,3.000,14
https://blitzw.in/,0,2026-09-20 18:23:12,200,1.000,3.000,17
https://bibliaparalela.com/proverbs/12-11.htm,14695,2026-09-20 18:23:12,200,1.000,3.000,17
https://apps.garmin.com/apps/e7c0c39c-cb76-475f-b5bc-7811b0fee104,97492,2026-09-20 18:23:12,200,1.000,3.000,18
https://blackgirlinmaine.com/,172699,2026-09-20 18:23:12,200,1.000,3.000,14
https://annapurnainteractive.com/,877715,2026-09-20 18:23:12,200,1.000,3.000,19
https://blog.ahiknsr.org/,12314,2026-09-20 18:23:12,200,1.000,3.000,14
https://bleachhack.org/,28468,2026-09-20 18:23:12,200,1.000,3.000,18
https://bch.info/en/media,11287,2026-09-20 18:23:12,200,1.000,3.000,18
https://blog.benjojo.co.uk/post/ssh-randomart-how-does-it-work-art,5892,2026-09-20 18:23:12,200,1.000,3.000,19
https://blazetype.eu/,259416,2026-09-20 18:23:12,200,1.000,3.000,18
https://blog.aawadia.dev/,9602,2026-09-20 18:23:12,200,1.000,3.000,17
https://bereanbible.com/bsb.mobi,0,2026-09-20 18:23:12,200,1.000,3.000,18
https://blog.cjquines.com/,69348,2026-09-20 18:23:13,200,1.000,3.000,14
https://afinestart.me/,12032,2026-09-20 18:23:13,200,1.000,3.000,15
https://archive.is/kF6Rp,0,2026-09-20 18:23:13,429,1.000,3.000,15
https://blog.circuitsofimagination.com/,21450,2026-09-20 18:23:13,200,1.000,3.000,18
https://blog.avas.space/,28446,2026-09-20 18:23:13,200,1.000,3.000,14
https://block.sunappu.net/,20543,2026-09-20 18:23:13,200,1.000,3.000,17
https://blog.bytewerk.io/,3529,2026-09-20 18:23:13,200,1.000,3.000,17
https://blog.cani.ne.jp/,5009,2026-09-20 18:23:13,200,1.000,3.000,18
https://blog.csgo.ovh/,20233,2026-09-20 18:23:13,200,1.000,3.000,17
http://blog.colinmarshall.org/,75609,2026-09-20 18:23:13,200,1.000,3.000,14
https://animejs.com/,45925,2026-09-20 18:23:13,200,1.000,3.000,15
https://automatic-type-design.anrt-nancy.fr/colloques/automatic-type-design-3/,138811,2026-09-20 18:23:13,200,1.000,3.000,19
https://blog.ayjay.org/,157154,2026-09-20 18:23:13,200,1.000,3.000,14
https://blog.bshah.in/,20072,2026-09-20 18:23:13,200,1.000,3.000,17
https://blog.fmpwizard.com/,1913,2026-09-20 18:23:13,200,1.000,3.000,17
https://blog.chriswm.com/,104589,2026-09-20 18:23:13,200,1.000,3.000,14
https://blog.dshr.org/,146789,2026-09-20 18:23:13,200,1.000,3.000,14
https://blog.benoitj.ca/,7488,2026-09-20 18:23:13,200,1.000,3.000,17
https://beep.town/@initech/117283435848945386,51810,2026-09-20 18:23:13,200,1.000,3.000,15
https://blog.ericgoldman.org/,57902,2026-09-20 18:23:13,200,1.000,3.000,14
https://bitcoincashresearch.org/,244079,2026-09-20 18:23:13,200,1.000,3.000,18
https://blog.alexseifert.com/,107041,2026-09-20 18:23:13,200,1.000,3.000,14
https://blog.giovanh.com/,233,2026-09-20 18:23:13,200,1.000,3.000,14
https://blog.frost.kiwi/,25670,2026-09-20 18:23:13,200,1.000,3.000,18
https://blog.danieljanus.pl/,10681,2026-09-20 18:23:13,200,1.000,3.000,17
https://blog.craftyguy.net/,8861,2026-09-20 18:23:13,200,1.000,3.000,17
https://blog.fossterer.com/,3118,2026-09-20 18:23:13,200,1.000,3.000,18
https://blog.arusekk.pl/,23052,2026-09-20 18:23:13,200,1.000,3.000,17
https://blog.dgold.eu/,12617,2026-09-20 18:23:13,200,1.000,3.000,17
https://blog.darylsun.page/,0,2026-09-20 18:23:13,0,1.000,3.000,14
https://blog.erlend.sh/,106101,2026-09-20 18:23:13,200,1.000,3.000,14
https://blog.frankmeeuwsen.com/,65020,2026-09-20 18:23:14,200,1.000,3.000,14
https://blog.jim-nielsen.com/,12822,2026-09-20 18:23:14,200,1.000,3.000,14
https://andersnoren.se/,127783,2026-09-20 18:23:14,200,1.000,3.000,15
http://bibeltext.com/proverbs/12-11.htm,14014,2026-09-20 18:23:14,200,1.000,3.000,18
https://allevents.in/cleveland/taste-of-st-casimir-annual-polish-food-festival/200030363141731,255708,2026-09-20 18:23:14,200,1.000,3.000,15
https://blog.glitch.com/,63028,2026-09-20 18:23:14,200,1.000,3.000,16
https://blog.lostartpress.com/,0,2026-09-20 18:23:14,403,1.000,3.000,14
https://a.roomy.space/,23512,2026-09-20 18:23:14,200,1.000,3.000,15
https://blog.grayw.co.uk/,0,2026-09-20 18:23:14,0,1.000,3.000,18
https://blog.h3rb1.com/,184098,2026-09-20 18:23:14,200,1.000,3.000,15
https://blog.kagi.com/waiting-dawn-search,65683,2026-09-20 18:23:14,200,1.000,3.000,19
https://blog.kolaente.de/,7405,2026-09-20 18:23:14,200,1.000,3.000,17
https://blog.grappling.ca/,16437,2026-09-20 18:23:14,200,1.000,3.000,18
https://blog.kirt.me.uk/,168321,2026-09-20 18:23:14,200,1.000,3.000,14
https://blog.bfloeser.de/,671,2026-09-20 18:23:14,200,1.000,3.000,17
http://bibleapps.com/,65109,2026-09-20 18:23:14,200,1.000,3.000,18
https://blog.kulman.sk/,11101,2026-09-20 18:23:14,200,1.000,3.000,17
https://blog.maple3142.net/,26215,2026-09-20 18:23:14,200,1.000,3.000,17
https://blog.muni.town/company-as-commons/,49109,2026-09-20 18:23:14,200,1.000,3.000,15
https://blog.matthewbrunelle.com/,29355,2026-09-20 18:23:14,200,1.000,3.000,14
https://blog.curiousquail.com/im-upset-again-about-a-co-creator-of-rss-being-prosecuted-for-something-meta-is-doing-with-little-consequence/,34412,2026-09-20 18:23:14,200,1.000,3.000,15
https://blog.jimgrey.net/,281749,2026-09-20 18:23:14,200,1.000,3.000,14
https://blog.helenchong.omg.lol/en/,11633,2026-09-20 18:23:14,200,1.000,3.000,14
https://blog.omgmog.net/,50180,2026-09-20 18:23:14,200,1.000,3.000,17
https://blog.infected.systems/,5828,2026-09-20 18:23:14,200,1.000,3.000,17
https://blog.mni.li/,12825,2026-09-20 18:23:14,200,1.000,3.000,17
https://blog.jpnearl.com/,104624,2026-09-20 18:23:14,200,1.000,3.000,14
https://blog.hayati.net/,84445,2026-09-20 18:23:15,200,1.000,3.000,14
https://alinbuda.com/the-firewall/,59465,2026-09-20 18:23:15,200,1.000,3.000,15
https://blog.aurahack.jp/,0,2026-09-20 18:23:15,0,1.000,3.000,16
https://blog.nertzy.com/,26163,2026-09-20 18:23:15,200,1.000,3.000,14
https://blog.borale.si/,2912,2026-09-20 18:23:15,200,1.000,3.000,19
https://blog.nicolai.ink/,56741,2026-09-20 18:23:15,200,1.000,3.000,17
https://blog.noahrahm.com/,36116,2026-09-20 18:23:15,200,1.000,3.000,18
https://bibelsite.com/,13596,2026-09-20 18:23:15,200,1.000,3.000,19
https://blog.madelinepritchard.net/,5912,2026-09-20 18:23:15,200,1.000,3.000,17
https://blog.learnlearn.in/,229960,2026-09-20 18:23:15,200,1.000,3.000,14
https://blog.plusmid.dev/,8983,2026-09-20 18:23:15,200,1.000,3.000,17
https://blog.oneberri.com/,35856,2026-09-20 18:23:15,200,1.000,3.000,14
https://blog.nuclearsecrecy.com/,255990,2026-09-20 18:23:15,200,1.000,3.000,14
https://blog.fefe.de/,0,2026-09-20 18:23:15,0,1.000,3.000,17
https://blog.rachelbinx.com/,13521,2026-09-20 18:23:15,200,1.000,3.000,14
https://alpacahack.com/ctfs/round-11,75050,2026-09-20 18:23:15,200,1.000,3.000,18
https://accidentallydutch.com/speaking-dutch/lingo-dingo-and-the-story-powered-learning-method,200496,2026-09-20 18:23:15,200,1.000,3.000,15
https://blog.penelopetrunk.com/,94566,2026-09-20 18:23:15,200,1.000,3.000,14
https://blog.stephaniestimac.com/,20029,2026-09-20 18:23:15,200,1.000,3.000,14
https://blog.pabuisson.com/,24379,2026-09-20 18:23:15,200,1.000,3.000,17
https://18f.org/,112528,2026-09-20 18:23:15,200,1.000,3.000,15
https://blog.madelinepritchard.com/blog/2023/01/jan2023/,20921,2026-09-20 18:23:15,200,1.000,3.000,18
https://alexwellerstein.com/projects/oregon-road-83/,0,2026-09-20 18:23:15,403,1.000,3.000,15
https://blog.thomasjungblut.com/,58167,2026-09-20 18:23:15,200,1.000,3.000,17
https://blog.simone.computer/,22868,2026-09-20 18:23:15,200,1.000,3.000,14
https://blog.setale.me/,32054,2026-09-20 18:23:15,200,1.000,3.000,17
https://blog.trieoflogs.com/,8762,2026-09-20 18:23:15,200,1.000,3.000,17
https://blog.szepi.dev/,0,2026-09-20 18:23:15,0,1.000,3.000,18
https://blog.tim-papciak.com/,22777,2026-09-20 18:23:15,200,1.000,3.000,14
https://blog.verdant.ee/,6305,2026-09-20 18:23:15,200,1.000,3.000,17
https://acf.gov/orr,46953,2026-09-20 18:23:15,200,1.000,3.000,16
https://blog.shr4pnel.com/,21081,2026-09-20 18:23:15,200,1.000,3.000,14
https://acrossbook.tistory.com/283,74077,2026-09-20 18:23:16,200,1.000,3.000,15
https://arcanican.is/primer/ap-decentralization.php,20089,2026-09-20 18:23:16,200,1.000,3.000,15
https://blog.victorsilva.com.uy/,14551,2026-09-20 18:23:16,200,1.000,3.000,17
https://b4rkod.xyz/,114,2026-09-20 18:23:16,200,1.000,3.000,15
https://blog.strangerthanusual.de/,48112,2026-09-20 18:23:16,200,1.000,3.000,14
https://bibliaportugues.com/,13022,2026-09-20 18:23:16,200,1.000,3.000,19
https://alexwellerstein.com/writing/books/the-most-awful-responsibility/,0,2026-09-20 18:23:16,403,1.000,3.000,15
https://blog.ucant.org/,59752,2026-09-20 18:23:16,200,1.000,3.000,14
https://bluef00t.neocities.org/awards.html,1850,2026-09-20 18:23:16,200,1.000,0.572,15
https://accidentalgods.life/this-is-how-we-build-the-future-teaching-regenerative-economics-at-all-levels-with-jennifer-brandsberg-engelmann/,451043,2026-09-20 18:23:16,200,1.000,3.000,16
https://blosxom.sourceforge.net/,0,2026-09-20 18:23:16,403,1.000,3.000,19
https://blog.tobiasrevell.com/,212148,2026-09-20 18:23:16,200,1.000,3.000,14
https://archive.is/OmaMU,0,2026-09-20 18:23:16,0,1.000,3.000,15
https://blogroll.club/,10966,2026-09-20 18:23:16,200,1.000,3.000,15
https://blog.x-way.org/,24862,2026-09-20 18:23:16,200,1.000,3.000,14
http://blog.janguth.eu/,89106,2026-09-20 18:23:16,200,1.000,3.000,14
https://boardgamegeek.com/user/otacboard,0,2026-09-20 18:23:16,403,1.000,3.000,18
https://blogtrottr.com/,19557,2026-09-20 18:23:16,200,1.000,3.000,15
https://blogofthe.day/,4519,2026-09-20 18:23:16,200,1.000,3.000,15
https://bodhisattva.neocities.org/,4217,2026-09-20 18:23:16,200,1.000,0.568,15
https://blogroll.fr/,12480,2026-09-20 18:23:16,200,1.000,3.000,15
https://akk.glowisle.me/verdant,9870,2026-09-20 18:23:16,200,1.000,3.000,18
https://bmoat.com/,45320,2026-09-20 18:23:16,200,1.000,3.000,17
https://bnolet.me/,3517,2026-09-20 18:23:16,200,1.000,3.000,18
https://bneil.me/,12196,2026-09-20 18:23:16,200,1.000,3.000,14
http://blog.fefe.de/,0,2026-09-20 18:23:17,0,1.000,3.000,18
https://alexwellerstein.com/writing/books/restricted-data/,0,2026-09-20 18:23:17,403,1.000,3.000,15
https://blog.xaloc.space/,37496,2026-09-20 18:23:17,200,1.000,3.000,17
https://bobdahacker.com/,33868,2026-09-20 18:23:17,200,1.000,3.000,22
https://blog.withzichen.com/,5694,2026-09-20 18:23:17,200,1.000,3.000,17
https://blog.tt4e.com/,17104,2026-09-20 18:23:17,200,1.000,3.000,18
https://boehs.org/,4928,2026-09-20 18:23:17,200,1.000,3.000,17
https://bobbyhiltz.com/,9185,2026-09-20 18:23:17,200,1.000,3.000,14
https://a0f305dc.sibforms.com/serve/MUIFAIuWjSELulRtgXAe2SZmDRmuq0RV8ayL_Ep4h7wY-OWtAsVEB1-iFbYv6rRz7-_xfb1cpswHS3V-oCCsh3_4wYZzZcMzeHO6qORU7CNJv2Om4XMWgVIGsaPk_T4PM2xGPGjCNgm7BNOtvh8NkSZVpAUUZoXhw5pnd0VFrOifHrfV1uSEMpAM4Bhpt41fqQK4pPyT911yqsU_,19619,2026-09-20 18:23:17,200,1.000,3.000,15
http://alx.media/,60866,2026-09-20 18:23:17,200,1.000,3.000,15
https://bnijenhuis.nl/notes/2021-04-23-cache-busting-in-eleventy/,25290,2026-09-20 18:23:17,200,1.000,3.000,18
https://blog.yellowflash.in/,7512,2026-09-20 18:23:17,200,1.000,3.000,14
https://bonetflix.com/,17815,2026-09-20 18:23:17,200,1.000,3.000,17
https://bonkiscoolsite.neocities.org/,49643,2026-09-20 18:23:17,200,1.000,0.564,15
https://blog.reimenayee.com/,103944,2026-09-20 18:23:17,200,1.000,3.000,14
https://blog.cassidoo.co/,136633,2026-09-20 18:23:17,200,1.000,3.000,15
https://boakandbailey.com/2026/09/futuristic-functional-folk-impressions-of-brno-czechia/,155465,2026-09-20 18:23:17,200,1.000,3.000,15
https://bomburache.com/,0,2026-09-20 18:23:17,0,1.000,3.000,17
https://bonnicula.neocities.org/,8284,2026-09-20 18:23:17,200,1.000,0.564,15
https://blueletterbible.org/proverbs/12/11,331916,2026-09-20 18:23:18,200,1.000,3.000,17
https://blogs.ifas.ufl.edu/entnemdept/2016/05/27/silver-bugs-inside-cardboard-boxes/,63742,2026-09-20 18:23:18,200,1.000,3.000,15
https://aisforauthor.com/,306248,2026-09-20 18:23:18,200,1.000,3.000,17
https://bogatepe.fm/,6539,2026-09-20 18:23:18,200,1.000,3.000,15
https://blog.zedas.fr/,10454,2026-09-20 18:23:18,200,1.000,3.000,14
https://books.google.ca/books/about/Western_and_Eastern_Rambles.html?id=VjQ5DwAAQBAJ&source=kp_book_description&redir_esc=y,314769,2026-09-20 18:23:18,200,1.000,3.000,16
https://books2read.com/aphowell,30560,2026-09-20 18:23:18,200,1.000,3.000,15
https://blog.poslovitch.fr/,12800,2026-09-20 18:23:18,200,1.000,3.000,16
https://blog.flozz.fr/,27052,2026-09-20 18:23:18,200,1.000,3.000,16
https://bost.ocks.org/mike/,21688,2026-09-20 18:23:18,200,1.000,3.000,15
https://benoit.pruneau.ca/feed/atom,0,2026-09-20 18:23:18,200,1.000,3.000,16
https://bottledaux.com/,212766,2026-09-20 18:23:18,200,1.000,3.000,14
https://boypussy.neocities.org/,36768,2026-09-20 18:23:18,200,1.000,0.556,15
https://booping.synth.download/@unnick,3527,2026-09-20 18:23:18,200,1.000,3.000,20
https://bookmaniac.org/,117719,2026-09-20 18:23:18,200,1.000,3.000,14
https://bookshop.org/shop/aphowell,151541,2026-09-20 18:23:18,200,1.000,3.000,15
https://bnbproject.org/,3973,2026-09-20 18:23:18,200,1.000,3.000,25
https://account.raisedonors.com/blueletterbible/login,12676,2026-09-20 18:23:18,200,1.000,3.000,18
http://blogs.blb.org/blb/,59521,2026-09-20 18:23:18,200,1.000,3.000,18
https://brainnoises.neocities.org/,8451,2026-09-20 18:23:18,200,1.000,0.553,15
http://book.dpmb.org/,19999,2026-09-20 18:23:18,200,1.000,3.000,19
http://bookshop.blackwell.co.uk/bookshop/product/20th-Century-Pub-by-Jessica-Boak-Ray-Bailey/9780957278721,0,2026-09-20 18:23:18,403,1.000,3.000,16
https://boston.conman.org/,35443,2026-09-20 18:23:18,200,1.000,3.000,14
https://bookcrossing.com/mybookshelf/adoran2/,38872,2026-09-20 18:23:18,200,1.000,3.000,15
https://agnarson.com/wpthemes/inunity/,50183,2026-09-20 18:23:18,200,1.000,3.000,16
https://boxfort.uk/webrings,6297,2026-09-20 18:23:18,200,1.000,3.000,15
https://alternatives-numeriques.fr/feed/,0,2026-09-20 18:23:19,200,1.000,3.000,16
https://bortox.it/,20216,2026-09-20 18:23:19,200,1.000,3.000,17
https://brainmade.org/,11171,2026-09-20 18:23:19,200,1.000,3.000,18
https://brackets.io/,28894,2026-09-20 18:23:19,200,1.000,3.000,19
https://bradbarrish.com/,21481,2026-09-20 18:23:19,200,1.000,3.000,14
https://borrego.dev/,8521,2026-09-20 18:23:19,200,1.000,3.000,17
https://bookcrossing.myspreadshop.com/,0,2026-09-20 18:23:19,403,1.000,3.000,16
http://binblog.info/,150411,2026-09-20 18:23:19,200,1.000,3.000,15
https://bradfrost.com/blog/,560566,2026-09-20 18:23:19,200,1.000,3.000,14
https://box.matto.nl/,5591,2026-09-20 18:23:19,200,1.000,3.000,18
https://blog.adm.ink/blog,20348,2026-09-20 18:23:19,200,1.000,3.000,16
https://blog.radiotux.de/2010/06/12/lt10-axel-beckert-kfreebsd/,32612,2026-09-20 18:23:19,200,1.000,3.000,19
https://brajeshwar.com/,37557,2026-09-20 18:23:19,200,1.000,3.000,14
https://brainbaking.com/,0,2026-09-20 18:23:19,0,1.000,3.000,14
https://asciidoc.org/,48839,2026-09-20 18:23:19,200,1.000,3.000,20
https://breakfastscot.ch/,10286,2026-09-20 18:23:19,200,1.000,3.000,14
https://boringcactus.com/,8329,2026-09-20 18:23:19,200,1.000,3.000,17
https://breezeful.com/,88842,2026-09-20 18:23:19,200,1.000,3.000,18
https://bits.oinam.com/,2372,2026-09-20 18:23:19,200,1.000,3.000,15
https://aianddesign.systems/,94229,2026-09-20 18:23:19,200,1.000,3.000,15
https://albums.oinam.com/media/2iKQGnpyT/,10464,2026-09-20 18:23:19,200,1.000,3.000,15
https://bribribribribri.xyz/,19663,2026-09-20 18:23:19,200,1.000,3.000,15
https://bortox.eu/,8132,2026-09-20 18:23:19,200,1.000,3.000,18
http://blbi.org/,10961,2026-09-20 18:23:19,200,1.000,3.000,19
https://brain.melonking.net/surf-club-random,235,2026-09-20 18:23:19,200,1.000,3.000,19
https://boyter.org/,46395,2026-09-20 18:23:19,200,1.000,3.000,17
https://atomicdesigncourse.com/,42205,2026-09-20 18:23:20,200,1.000,3.000,15
https://breakgim.me/,10409,2026-09-20 18:23:20,200,1.000,3.000,17
https://briankoberlein.com/,17759,2026-09-20 18:23:20,200,1.000,3.000,14
https://adamas.dev/legal,7909,2026-09-20 18:23:20,200,1.000,3.000,17
https://brendans.life/,2759,2026-09-20 18:23:20,200,1.000,3.000,17
https://brianschrader.com/,35858,2026-09-20 18:23:20,200,1.000,3.000,14
https://brianjdevries.com/,14473,2026-09-20 18:23:20,200,1.000,3.000,14
https://aol.com/,1389591,2026-09-20 18:23:20,200,1.000,3.000,16
https://brid.gy/publish/bluesky,180,2026-09-20 18:23:20,200,1.000,3.000,15
https://app.opendate.io/e/swiss-army-wife-july-29-2026-712183,18284,2026-09-20 18:23:20,200,1.000,3.000,16
https://blog.gabelula.com/,0,2026-09-20 18:23:20,0,1.000,3.000,15
https://brakerun.xyz/,7568,2026-09-20 18:23:20,200,1.000,3.000,16
https://agube.lu/generator,1708,2026-09-20 18:23:20,200,1.000,3.000,18
https://bracia.com/?ask,41012,2026-09-20 18:23:20,200,1.000,3.000,15
https://brassnet.biz/blog/blog.html,19502,2026-09-20 18:23:20,200,1.000,3.000,14
https://bridge.klever.org/?_gl=1*1wffkls*_ga*ODE5Mjk4MDY4LjE3NzAxMzc5MTc.*_ga_Q3W5YQTKC3*czE3NzA2NjA5OTUkbzQkZzEkdDE3NzA2NjE1MjckajM5JGwwJGgw,471,2026-09-20 18:23:20,200,1.000,3.000,22
https://brilliantcrank.com/,33444,2026-09-20 18:23:20,200,1.000,3.000,14
https://brine.dev/,4110,2026-09-20 18:23:20,200,1.000,3.000,14
https://bearable.app/,676393,2026-09-20 18:23:20,200,1.000,3.000,15
https://beondeck.com/r/brajeshwar,31941,2026-09-20 18:23:20,200,1.000,3.000,15
https://bridgeportalliance.org/,81027,2026-09-20 18:23:20,200,1.000,3.000,18
https://brokenstar.blog/,109661,2026-09-20 18:23:20,200,1.000,3.000,14
https://bridge.simplefin.org/,5021,2026-09-20 18:23:20,200,1.000,3.000,17
https://audiobible.org/,27969,2026-09-20 18:23:20,200,1.000,3.000,18
https://bridgeporter.weebly.com/,54506,2026-09-20 18:23:20,200,1.000,3.000,18
https://brownieeecoco.neocities.org/,4716,2026-09-20 18:23:20,200,1.000,0.550,15
https://aol.it/twitter,0,2026-09-20 18:23:20,520,1.000,3.000,17
https://archive.ph/9xSKy,0,2026-09-20 18:23:20,429,1.000,3.000,16
https://borealisphilanthropy.org/news-and-views/the-disability-inclusion-fund-moves-over-4-75-million-to-disabled-led-organizations/,99761,2026-09-20 18:23:20,200,1.000,3.000,15
https://brisray.com/,10340,2026-09-20 18:23:20,200,1.000,3.000,14
https://brr.fyi/,19428,2026-09-20 18:23:21,200,1.000,3.000,14
https://brightthemes.com/themes/gazet,181467,2026-09-20 18:23:21,200,1.000,3.000,19
https://binblog.de/category/bemerkenswertes/,85318,2026-09-20 18:23:21,200,1.000,3.000,16
https://bt.ht/,0,2026-09-20 18:23:21,0,1.000,3.000,18
https://britthub.co.uk/,92548,2026-09-20 18:23:21,200,1.000,3.000,14
https://broze.net/,5672,2026-09-20 18:23:21,200,1.000,3.000,18
https://anthony-dumas.fr/,2520,2026-09-20 18:23:21,200,1.000,3.000,18
https://aol.uservoice.com/forums/923410-aol-com,392326,2026-09-20 18:23:21,200,1.000,3.000,17
https://brycewray.com/,35144,2026-09-20 18:23:21,200,1.000,3.000,17
https://bscit.dev/,10132,2026-09-20 18:23:21,200,1.000,3.000,19
https://btxx.org/,2298,2026-09-20 18:23:21,200,1.000,3.000,17
https://brooklynbrewery.com/,181110,2026-09-20 18:23:21,200,1.000,3.000,18
https://bscscan.com/chart/address,681923,2026-09-20 18:23:21,200,1.000,3.000,25
https://admissions.joinodf.com/,240159,2026-09-20 18:23:21,200,1.000,3.000,16
https://awnnetwork.org/,141791,2026-09-20 18:23:21,200,1.000,3.000,16
https://bryanalexander.org/,217163,2026-09-20 18:23:21,200,1.000,3.000,14
https://bsmth.de/,13361,2026-09-20 18:23:21,200,1.000,3.000,17
https://aol.it/facebook,0,2026-09-20 18:23:21,400,1.000,3.000,17
https://buchok.com/,4902,2026-09-20 18:23:21,200,1.000,3.000,15
https://brunofontes.net/,24479,2026-09-20 18:23:22,200,1.000,3.000,17
https://browserbench.org/Speedometer3.0/,5698,2026-09-20 18:23:22,200,1.000,3.000,17
https://bristolgunners.org/,8904,2026-09-20 18:23:22,200,1.000,3.000,15
https://bugs.ruby-lang.org/projects/ruby-master,27444,2026-09-20 18:23:22,200,1.000,3.000,18
https://brennan.day/,233710,2026-09-20 18:23:22,200,1.000,3.000,14
https://bucketz.wtf/,1745,2026-09-20 18:23:22,200,1.000,3.000,14
https://buchh.org/,3715,2026-09-20 18:23:22,200,1.000,3.000,17
https://bugwatcher.net/,15110,2026-09-20 18:23:22,200,1.000,3.000,15
https://brandfolder.com/brooklyn-brewery/domestic,0,2026-09-20 18:23:22,404,1.000,3.000,19
https://bt.ht/posts/css-js-mistake/,0,2026-09-20 18:23:22,0,1.000,3.000,18
https://bugwhisperer.dev/,5746,2026-09-20 18:23:22,200,1.000,3.000,17
https://archive.ph/yGSRL,0,2026-09-20 18:23:22,429,1.000,3.000,16
https://brendantrachsel.com/,163845,2026-09-20 18:23:22,200,1.000,3.000,18
https://build.awesome.me/docs/,194915,2026-09-20 18:23:22,200,1.000,3.000,16
https://bsandro.tech/,5171,2026-09-20 18:23:22,200,1.000,3.000,18
https://buh.moe/,25344,2026-09-20 18:23:22,200,1.000,3.000,21
https://buildexcellentwebsit.es/,35032,2026-09-20 18:23:22,200,1.000,3.000,17
https://brickerpublishing.com/suppliers/,220119,2026-09-20 18:23:22,200,1.000,3.000,17
https://buff.tomboyfan.club/users/LunaDragofelis,0,2026-09-20 18:23:22,0,1.000,3.000,20
https://beta.servfail.network/,0,2026-09-20 18:23:22,200,1.000,3.000,18
https://bubble.email/,9400,2026-09-20 18:23:22,200,1.000,3.000,17
https://alacarterecords.com/,983662,2026-09-20 18:23:22,200,1.000,3.000,17
https://barnard.edu/profiles/mark-c-carnes,84756,2026-09-20 18:23:22,200,1.000,3.000,15
https://aiforall.ucf.edu/teachwithai/,290843,2026-09-20 18:23:22,200,1.000,3.000,15
https://bubbles.town/,96625,2026-09-20 18:23:22,200,1.000,3.000,18
https://bronnieware.com/blog/regrets-of-the-dying/,101773,2026-09-20 18:23:22,200,1.000,3.000,15
https://archives.dickinson.edu/lgbt-history-project,115813,2026-09-20 18:23:22,200,1.000,3.000,15
https://blog.datafund.net/from-hospitals-to-ai-how-data-tokenisation-will-reshape-industries-4e96fb1723e8,0,2026-09-20 18:23:22,0,1.000,3.000,37
https://build.opensuse.org/package/show/filesystems:bcachefs:release/bcachefs,0,2026-09-20 18:23:22,403,1.000,3.000,19
https://awnnetwork.app.neoncrm.com/forms/newslettersignup,298949,2026-09-20 18:23:23,200,1.000,3.000,17
https://bulltown.neocities.org/,282289,2026-09-20 18:23:23,200,1.000,0.546,15
https://bunhub.neocities.org/home,16941,2026-09-20 18:23:23,200,1.000,0.546,15
https://blog.brennanbrown.ca/,0,2026-09-20 18:23:23,403,1.000,3.000,15
https://blog.chobble.com/blog/25-03-28-chobble-template/,12777,2026-09-20 18:23:23,200,1.000,3.000,17
https://bungle.online/clique/,4851,2026-09-20 18:23:23,200,1.000,3.000,16
https://bukmark.club/,5642,2026-09-20 18:23:23,200,1.000,3.000,17
https://builder.bike/,98251,2026-09-20 18:23:23,200,1.000,3.000,17
https://ada.cat/,15702,2026-09-20 18:23:23,200,1.000,3.000,22
https://berryhouse.ca/,40686,2026-09-20 18:23:23,200,1.000,3.000,15
https://buildpalestine.com/,200972,2026-09-20 18:23:23,200,1.000,3.000,16
https://blog.nicholas.clooney.io/posts/v1.10-1.12-roundup/,46145,2026-09-20 18:23:23,200,1.000,3.000,17
https://blahaj.zone/,17329,2026-09-20 18:23:23,200,1.000,3.000,18
https://bunchy7s.dev/,12673,2026-09-20 18:23:23,200,1.000,3.000,15
https://buildtheearth.net/,195994,2026-09-20 18:23:23,200,1.000,3.000,18
https://blog.logrocket.com/eleventy-vs-next-js-static-site-generation/,164788,2026-09-20 18:23:23,200,1.000,3.000,17
https://basher.xyz/,18353,2026-09-20 18:23:23,200,1.000,3.000,16
https://archive.ph/gBIHH,0,2026-09-20 18:23:23,429,1.000,3.000,16
https://abdullahyahya.com/2025/02/set-up-a-simple-and-reliable-static-site-generator-using-11ty-eleventy-tailwind-css/,72269,2026-09-20 18:23:23,200,1.000,3.000,17
https://bulletjournal.com/,574479,2026-09-20 18:23:23,200,1.000,3.000,15
https://aerith.me/,19354,2026-09-20 18:23:23,200,1.000,3.000,16
https://aywren.com/,20792,2026-09-20 18:23:23,200,1.000,3.000,16
https://any.digital/tricks/11ty/,13728,2026-09-20 18:23:23,200,1.000,3.000,17
https://aidia.pink/,8602,2026-09-20 18:23:23,200,1.000,3.000,16
https://barracudachan.org/,43359,2026-09-20 18:23:23,200,1.000,3.000,16
https://agb.org/news/press-releases/ceo-statement-on-todays-national-call-to-action-from-the-secretary-of-education/,462642,2026-09-20 18:23:23,200,1.000,3.000,15
http://butt.kitchen/,0,2026-09-20 18:23:23,0,1.000,3.000,15
https://bechnokid.com/,2475,2026-09-20 18:23:24,200,1.000,3.000,16
https://bunny.cx/,60940,2026-09-20 18:23:24,200,1.000,3.000,16
https://azpbs.org/2026/06/arizonas-2027-budget-cuts-millions-in-educational-funding/,153204,2026-09-20 18:23:24,200,1.000,3.000,15
https://agnes.love/,18430,2026-09-20 18:23:24,200,1.000,3.000,16
https://burgeonlab.com/,251615,2026-09-20 18:23:24,200,1.000,3.000,14
https://adryd.com/,0,2026-09-20 18:23:24,0,1.000,3.000,16
https://babyangel.net/,210964,2026-09-20 18:23:24,200,1.000,3.000,16
https://berbardo.com/,567942,2026-09-20 18:23:24,200,1.000,3.000,16
https://burak.mulayim.app/,7831,2026-09-20 18:23:24,200,1.000,3.000,17
https://app.e2ma.net/app2/audience/signup/1986200/1961330/,1449,2026-09-20 18:23:24,200,1.000,3.000,16
https://buytickets.at/ffconf2019/212465,0,2026-09-20 18:23:24,403,1.000,3.000,16
https://bummerdotcom.com/,3165,2026-09-20 18:23:24,200,1.000,3.000,17
https://assumptionwise.org/,235273,2026-09-20 18:23:24,200,1.000,3.000,15
https://burgernet.online/,3687,2026-09-20 18:23:24,200,1.000,3.000,16
http://c2ske4mrgriaedpj7iirzst33yt6gwomcisvwypsbx4tfk6ykrhhvkid.onion/,0,2026-09-20 18:23:24,0,1.000,3.000,16
https://blackmagegaming.com/,5607,2026-09-20 18:23:24,200,1.000,3.000,17
https://businessnutshell.com/,4937,2026-09-20 18:23:24,200,1.000,3.000,18
https://bytemoth.neocities.org/webrings/,8325,2026-09-20 18:23:24,200,1.000,0.540,15
https://buzzmachine.com/,154472,2026-09-20 18:23:24,200,1.000,3.000,14
https://browsersync.io/,20099,2026-09-20 18:23:24,200,1.000,3.000,18
https://buymeacoffee.com/allanbreyes,156584,2026-09-20 18:23:24,200,1.000,3.000,18
https://buildawesome.one/plugin/filters/markdownify/,6594,2026-09-20 18:23:24,200,1.000,3.000,18
https://aese.psu.edu/outreach/intergenerational,124982,2026-09-20 18:23:24,200,1.000,3.000,15
https://busterbenson.com/,64592,2026-09-20 18:23:24,200,1.000,3.000,15
https://byeoon.dev/,17463,2026-09-20 18:23:24,200,1.000,3.000,23
https://alien.hospital/trekblorboring?action=previous,6807,2026-09-20 18:23:24,200,1.000,3.000,17
https://buddyboardgames.com/uno,87536,2026-09-20 18:23:24,200,1.000,3.000,17
https://cabbagesorter.net/,57719,2026-09-20 18:23:24,200,1.000,3.000,14
https://cackldemonsam.neocities.org/,928,2026-09-20 18:23:24,200,1.000,0.540,15
https://a11y-webring.club/next,24445,2026-09-20 18:23:24,200,1.000,3.000,15
https://blades.dev/,21649,2026-09-20 18:23:24,200,1.000,3.000,18
https://cadeion.neocities.org/other_links,24769,2026-09-20 18:23:24,200,1.000,0.537,15
https://cabel.com/,135301,2026-09-20 18:23:24,200,1.000,3.000,14
https://betterhumans.coach.me/make-better-resolutions-69cda443d387,0,2026-09-20 18:23:24,0,1.000,3.000,16
https://bureaubrut.com/en/product/boogy-brut/,2077778,2026-09-20 18:23:24,200,1.000,3.000,18
https://c.im/@akbatten,55568,2026-09-20 18:23:24,200,1.000,3.000,16
https://aiinside.show/,248725,2026-09-20 18:23:24,200,1.000,3.000,15
https://aniwaves.ru/home,108111,2026-09-20 18:23:24,200,1.000,3.000,17
https://asu.edu/,76589,2026-09-20 18:23:24,200,1.000,3.000,16
https://caesar.wtf/,3544,2026-09-20 18:23:24,200,1.000,3.000,16
https://artfight.net/~Genziao,0,2026-09-20 18:23:25,403,1.000,3.000,16
https://bw.omg.lol/,0,2026-09-20 18:23:25,0,1.000,1.893,15
https://cajecks-lair.neocities.org/,12185,2026-09-20 18:23:25,200,1.000,0.532,15
https://blades.ninja/,21649,2026-09-20 18:23:25,200,1.000,3.000,18
https://archive.ph/0m0GK,0,2026-09-20 18:23:25,429,1.000,3.000,16
https://calibanscreations.neocities.org/,1098,2026-09-20 18:23:25,200,1.000,0.532,15
https://asumediaenterprise.asu.edu/,36974,2026-09-20 18:23:25,200,1.000,3.000,16
https://calgaryvegansociety.com/,172317,2026-09-20 18:23:25,200,1.000,3.000,15
https://cadgames.weebly.com/,107515,2026-09-20 18:23:25,200,1.000,1.893,18
https://cagrimmett.com/,312741,2026-09-20 18:23:25,200,1.000,3.000,14
https://calibre-ebook.com/,34539,2026-09-20 18:23:25,200,1.000,3.000,15
https://azpbs.giftlegacy.com/?pageID=10,0,2026-09-20 18:23:25,403,1.000,3.000,16
https://betterhumans.coach.me/codex-vitae-635f97552092,0,2026-09-20 18:23:25,0,1.000,3.000,16
https://bvnf.space/,1875,2026-09-20 18:23:25,200,1.000,3.000,18
https://cahaba-ts.com/,13238,2026-09-20 18:23:25,200,1.000,3.000,17
https://calupis.neocities.org/,18864,2026-09-20 18:23:25,200,1.000,0.529,15
https://11ty.blades.ninja/base/,16154,2026-09-20 18:23:25,200,1.000,3.000,19
https://callumbal.com/,20283,2026-09-20 18:23:25,200,1.000,3.000,16
https://caminus.quest/,12661,2026-09-20 18:23:25,200,1.000,3.000,15
https://cainpark.com/arts-festival/,184170,2026-09-20 18:23:25,200,1.000,3.000,15
https://calnewport.com/blog/,152449,2026-09-20 18:23:25,200,1.000,3.000,14
https://calebhailey.com/,1019935,2026-09-20 18:23:25,200,1.000,3.000,14
https://buy.polar.sh/polar_cl_dmJms1i1KHBFh2sw3r8ARUFocCoeF9smw2eKO423YT1?discount_code=BRIGHTLIFE,91310,2026-09-20 18:23:25,200,1.000,3.000,20
https://blog.sebin-nyshkim.net/posts/building-a-blog-with-eleventy-blind-any/,120365,2026-09-20 18:23:25,200,1.000,3.000,17
https://calupis.123guestbook.com/,0,2026-09-20 18:23:25,403,1.000,3.000,16
https://cafelog.fr/,26990,2026-09-20 18:23:25,200,1.000,3.000,14
https://calv.info/,49522,2026-09-20 18:23:25,200,1.000,3.000,14
https://apnews.com/article/skynet-ai-terminator-artificial-intelligence-eb85da03a0161beaa5f3babc4331e93b,0,2026-09-20 18:23:25,403,1.000,3.000,15
https://blog.andymasley.com/p/the-main-way-ive-seen-people-turn,221268,2026-09-20 18:23:25,200,1.000,3.000,15
https://calhacks.io/,587819,2026-09-20 18:23:25,200,1.000,3.000,16
https://c3.ventures/,83733,2026-09-20 18:23:25,200,1.000,3.000,17
https://brightwatercatskill.art.blog/2026/06/15/high-catskills/,130736,2026-09-20 18:23:25,200,1.000,3.000,15
https://camilasc.com/,3543,2026-09-20 18:23:25,200,1.000,3.000,15
https://betterhumans.coach.me/cognitive-bias-cheat-sheet-55a472476b18,0,2026-09-20 18:23:25,0,1.000,3.000,16
https://caliandro.de/,9599,2026-09-20 18:23:25,200,1.000,3.000,17
https://calotte.ca/,75875,2026-09-20 18:23:25,200,1.000,3.000,17
https://candost.blog/,21663,2026-09-20 18:23:25,200,1.000,3.000,14
https://brutalmoose.com/,157434,2026-09-20 18:23:26,200,1.000,3.000,16
https://blog.diagram.com/feed,0,2026-09-20 18:23:26,0,1.000,3.000,15
https://angel.co/company/c3-ventures,0,2026-09-20 18:23:26,403,1.000,3.000,18
https://cai.zone/,14904,2026-09-20 18:23:26,200,1.000,3.000,14
https://callanbryant.co.uk/,0,2026-09-20 18:23:26,403,1.000,3.000,17
https://cadence.moe/,15337,2026-09-20 18:23:26,200,1.000,3.000,14
https://alexanderobenauer.com/,47333,2026-09-20 18:23:26,200,1.000,3.000,15
https://capnproto.org/,10066,2026-09-20 18:23:26,200,1.000,3.000,19
https://antonz.org/,11353,2026-09-20 18:23:26,200,1.000,3.000,15
https://archive.is/JFTku,0,2026-09-20 18:23:26,429,1.000,3.000,15
https://adamsilver.io/,8902,2026-09-20 18:23:26,200,1.000,3.000,15
https://c1.fi/about?lang=en,10127,2026-09-20 18:23:26,200,1.000,3.000,17
https://cached.world/blog,157474,2026-09-20 18:23:26,200,1.000,3.000,16
https://blog.discourse.org/,99216,2026-09-20 18:23:26,200,1.000,3.000,15
https://basicappleguy.com/basicappleblog?format=rss,0,2026-09-20 18:23:26,200,1.000,3.000,15
https://500ish.com/,0,2026-09-20 18:23:26,403,1.000,3.000,15
https://canistop.net/,5646,2026-09-20 18:23:26,200,1.000,3.000,17
https://alexsci.com/,7385,2026-09-20 18:23:26,200,1.000,3.000,15
https://anildash.com/,82338,2026-09-20 18:23:26,200,1.000,3.000,15
https://begriffs.com/,6569,2026-09-20 18:23:26,200,1.000,3.000,15
https://aaadaaam.com/,10577,2026-09-20 18:23:26,200,1.000,3.000,15
https://blog.halide.cam/feed,0,2026-09-20 18:23:26,0,1.000,3.000,15
https://canwe.dev/,25279,2026-09-20 18:23:26,200,1.000,3.000,17
https://archive.ph/E8r9I,0,2026-09-20 18:23:26,429,1.000,3.000,16
https://bigwalk.game/,12861,2026-09-20 18:23:26,200,1.000,3.000,15
https://adelinapastabar.com/fr,176305,2026-09-20 18:23:26,200,1.000,3.000,18
https://blog.superhuman.com/rss/,0,2026-09-20 18:23:26,200,1.000,3.000,15
https://blog.instapaper.com/2026/07/28/instapaper-10/,14458,2026-09-20 18:23:26,200,1.000,3.000,15
http://bmbs.tv/,127955,2026-09-20 18:23:26,200,1.000,3.000,17
http://bmbs.live/,192107,2026-09-20 18:23:26,200,1.000,3.000,17
https://blog.diagram.com/,0,2026-09-20 18:23:26,0,1.000,3.000,15
https://canadianfootballhistory.ca/,116537,2026-09-20 18:23:26,200,1.000,3.000,14
https://blog.exe.dev/mayfly-chat,32050,2026-09-20 18:23:26,200,1.000,3.000,15
https://blog.jessfraz.com/,72699,2026-09-20 18:23:26,200,1.000,3.000,15
https://candy.fanfreak.net/,2117,2026-09-20 18:23:26,200,1.000,1.893,17
https://bytecodealliance.org/,20885,2026-09-20 18:23:26,200,1.000,3.000,15
https://brandur.org/atoms.atom,0,2026-09-20 18:23:26,200,1.000,3.000,15
https://captainawkward.com/,116355,2026-09-20 18:23:26,200,1.000,3.000,15
https://bthdonohue.com/,40938,2026-09-20 18:23:26,200,1.000,3.000,15
https://aria-at.w3.org/reports,440,2026-09-20 18:23:26,200,1.000,3.000,18
https://basecamp.com/,57789,2026-09-20 18:23:26,200,1.000,3.000,16
https://captnemo.in/,6630,2026-09-20 18:23:26,200,1.000,3.000,17
https://cacm.acm.org/magazines/2020/12/248797-the-life-of-a-data-byte/fulltext,0,2026-09-20 18:23:26,403,1.000,3.000,16
https://blog.doist.com/,195337,2026-09-20 18:23:26,200,1.000,3.000,15
https://bilanplus.ca/,35391,2026-09-20 18:23:26,200,1.000,3.000,18
https://buddybindery.com/pages/augment,86707,2026-09-20 18:23:26,200,1.000,3.000,16
https://blog.podman.io/feed/,0,2026-09-20 18:23:26,200,1.000,3.000,15
https://37signals.com/,17103,2026-09-20 18:23:27,200,1.000,3.000,17
https://adelina-bar-a-pates.order.plento.io/,59900,2026-09-20 18:23:27,200,1.000,3.000,19
https://cargo.site/,8300,2026-09-20 18:23:27,200,1.000,3.000,19
https://animist-os.org/,5905,2026-09-20 18:23:27,200,1.000,3.000,16
https://cards.how/,25609,2026-09-20 18:23:27,200,1.000,3.000,17
https://cari-lin.com/,3943,2026-09-20 18:23:27,200,1.000,3.000,17
https://avc.com/2010/12/step-function-growth/,97559,2026-09-20 18:23:27,200,1.000,3.000,16
https://anaconda.com/,460827,2026-09-20 18:23:27,200,1.000,3.000,16
https://caraudioinc.com/,7428,2026-09-20 18:23:27,200,1.000,3.000,17
https://blog.om.co/feed/,135705,2026-09-20 18:23:27,200,1.000,3.000,15
https://adelina-bar-a-pates-pointe-claire.order.plento.io/,59612,2026-09-20 18:23:27,200,1.000,3.000,19
https://beloved.finaldawn.net/kawoshin,3840,2026-09-20 18:23:27,200,1.000,3.000,15
https://cashscript.org/,13597,2026-09-20 18:23:27,200,1.000,3.000,18
https://carbonchain.com/,87695,2026-09-20 18:23:27,200,1.000,3.000,18
https://careers.legalandgeneralgroup.com/digital-careers/,0,2026-09-20 18:23:27,404,1.000,3.000,16
https://cassidoo.co/blog/,136633,2026-09-20 18:23:27,200,1.000,1.893,14
https://cashx.pages.dev/,6014,2026-09-20 18:23:27,200,1.000,1.893,17
https://cartoonist.coop/,82302,2026-09-20 18:23:27,200,1.000,3.000,16
https://adelina-bar-a-pates-galeries-de-la-capitale.order.plento.io/,59259,2026-09-20 18:23:27,200,1.000,3.000,19
https://carolcalin.com/,338937,2026-09-20 18:23:27,200,1.000,3.000,17
http://beta.gawker.com/,0,2026-09-20 18:23:27,404,1.000,3.000,17
https://cardcodex.com/,431722,2026-09-20 18:23:27,200,1.000,3.000,17
https://carette.xyz/posts/good_people_refuse_to_do_bad_things/,11646,2026-09-20 18:23:27,200,1.000,3.000,19
https://catcatproductions.com/,3590,2026-09-20 18:23:27,200,1.000,3.000,15
https://cassidyjames.com/,12010,2026-09-20 18:23:27,200,1.000,3.000,15
https://castorisdead.xyz/,10650,2026-09-20 18:23:27,200,1.000,3.000,17
https://castro.fm/podcast/64074f70-38a0-49fc-b7be-0d438304c40c,282179,2026-09-20 18:23:27,200,1.000,3.000,16
https://carloslatorre.net/,14487,2026-09-20 18:23:27,200,1.000,3.000,17
https://casuallyblue.dev/,5871,2026-09-20 18:23:27,200,1.000,3.000,18
https://catsocks.neocities.org/,2678,2026-09-20 18:23:27,200,1.000,0.524,15
https://carnet28.com/,26897,2026-09-20 18:23:27,200,1.000,3.000,17
https://carbonchain.chilipiper.com/concierge-router/link/schedule-a-call?utm_source=homepage&utm_medium=website&utm_campaign=&utm_content=book-a-meeting,7358,2026-09-20 18:23:27,200,1.000,3.000,19
https://caskapital.blog/2026/08/07/real-ale-has-an-image-problem/,209039,2026-09-20 18:23:27,200,1.000,3.000,16
https://catppuccin.com/,138958,2026-09-20 18:23:27,200,1.000,3.000,15
https://cacm.acm.org/magazines/2020/8/246365-power-to-the-people/fulltext,0,2026-09-20 18:23:27,403,1.000,3.000,16
https://catgirl-cafe.pages.dev/,993,2026-09-20 18:23:27,200,1.000,1.893,15
https://addslice.com/?crew=jHRSW,71140,2026-09-20 18:23:27,200,1.000,3.000,18
https://archive.ph/PRNk0,0,2026-09-20 18:23:27,429,1.000,3.000,16
https://causeistayedaway.neocities.org/,10696,2026-09-20 18:23:27,200,1.000,0.524,15
https://carlbarenbrug.com/,32836,2026-09-20 18:23:27,200,1.000,3.000,14
https://cazzysmith.co.uk/links,10400,2026-09-20 18:23:27,200,1.000,3.000,15
https://app.thestorygraph.com/profile/theseusfall,0,2026-09-20 18:23:27,403,1.000,3.000,16
https://cash.coin.dance/,63679,2026-09-20 18:23:27,200,1.000,3.000,18
https://catvibers.me/,3824,2026-09-20 18:23:27,200,1.000,3.000,21
http://cat-v.org/,6581,2026-09-20 18:23:27,200,1.000,3.000,18
https://cbaca.blog/,5972,2026-09-20 18:23:27,200,1.000,3.000,17
http://carbonbaselife.car.blog/,303381,2026-09-20 18:23:27,200,1.000,3.000,15
https://catgirlvomit.blog.fc2.com/,20254,2026-09-20 18:23:27,200,1.000,3.000,16
https://cci.calpoly.edu/events/ccic/2019,0,2026-09-20 18:23:28,0,1.000,3.000,16
https://catgirl.cloud/,2430,2026-09-20 18:23:28,200,1.000,3.000,19
https://ceasefiretoday.com/,71999,2026-09-20 18:23:28,200,1.000,3.000,19
https://catboo.leprd.space/webring/redirect.php?prv&s=gos,17729,2026-09-20 18:23:28,200,1.000,3.000,16
http://cdevroe.com/,114128,2026-09-20 18:23:28,200,1.000,3.000,14
http://catsandtrailsandgardentales.com/,200015,2026-09-20 18:23:28,200,1.000,3.000,15
https://099.supply/,45564,2026-09-20 18:23:28,200,1.000,3.000,15
https://cedmax.net/,109687,2026-09-20 18:23:28,200,1.000,3.000,14
https://cacm.acm.org/magazines/2019/1/233525-research-for-practice/fulltext,0,2026-09-20 18:23:28,403,1.000,3.000,16
https://cauenapier.com/,14658,2026-09-20 18:23:28,200,1.000,3.000,14
https://causa-arcana.com/,9971,2026-09-20 18:23:28,200,1.000,3.000,17
https://blockchair.com/bitcoin-cash/block/969380,0,2026-09-20 18:23:28,401,1.000,3.000,19
https://catto.garden/~skibs,0,2026-09-20 18:23:28,200,1.000,3.000,16
https://airdroplist.co/,105200,2026-09-20 18:23:28,200,1.000,3.000,19
https://cd5k.net/tau/,2146,2026-09-20 18:23:28,200,1.000,3.000,16
https://bithound.io/best-bitcoin-casino/,351651,2026-09-20 18:23:28,200,1.000,3.000,19
https://catcatnya.com/@lexi,35265,2026-09-20 18:23:28,200,1.000,3.000,20
https://buyhodlsell.com/,134392,2026-09-20 18:23:28,200,1.000,3.000,19
https://actionnetwork.org/letters/tell-congress-no-war-on-iran/,91281,2026-09-20 18:23:28,200,1.000,3.000,20
https://capnaux.com/,0,2026-09-20 18:23:28,0,1.000,3.000,14
http://bytemoth.nfshost.com/,4660,2026-09-20 18:23:28,200,1.000,3.000,17
https://blockchain.poker/?m=COINDANCE&c=bch,18338,2026-09-20 18:23:28,200,1.000,3.000,19
https://ccsleep.net/,1259,2026-09-20 18:23:28,200,1.000,3.000,17
https://cascade.xyz/,21422,2026-09-20 18:23:28,200,1.000,3.000,20
https://blog.perpl.xyz/,35077,2026-09-20 18:23:28,200,1.000,3.000,20
https://cbrueggenolte.de/,10367,2026-09-20 18:23:28,200,1.000,3.000,17
https://cattle.nehulus-vagus.com/,13376,2026-09-20 18:23:28,200,1.000,3.000,16
https://archive.ph/1vSNW,0,2026-09-20 18:23:28,429,1.000,3.000,16
https://blockchair.com/bitcoin-cash/block/969373,0,2026-09-20 18:23:28,401,1.000,3.000,19
https://cepheus.neocities.org/,8120,2026-09-20 18:23:28,200,1.000,0.519,15
https://centralpalgbtcenter.org/collections,130829,2026-09-20 18:23:28,200,1.000,3.000,15
https://celeste.exposed/,5263,2026-09-20 18:23:28,200,1.000,3.000,17
https://centiskor.ch/,24546,2026-09-20 18:23:28,200,1.000,3.000,15
https://cerealandchoccymilk.neocities.org/,2607,2026-09-20 18:23:28,200,1.000,0.519,15
https://cerealki11er.neocities.org/home.html,23335,2026-09-20 18:23:29,200,1.000,0.519,15
https://cdn.uploads.micro.mov/78204/2026/img-5891/playlist.m3u8,0,2026-09-20 18:23:29,200,1.000,3.000,15
http://cgjzkysxa4ru5rhrtr6rafckhexbisbtxwg2fg743cjumioysmirhdad.onion/,0,2026-09-20 18:23:29,0,1.000,3.000,16
https://actionbuilder.org/,13718,2026-09-20 18:23:29,200,1.000,3.000,21
https://bitgamble.org/,543281,2026-09-20 18:23:29,200,1.000,3.000,19
https://actionsquared.bamboohr.com/jobs/,99582,2026-09-20 18:23:29,200,1.000,3.000,21
https://censorine.com/directory.html,28888,2026-09-20 18:23:29,200,1.000,3.000,15
https://cacm.acm.org/magazines/2020/6/245158-commit-to-memory/fulltext,145912,2026-09-20 18:23:29,200,1.000,3.000,16
https://ch.tetr.io/u/unnick,12109,2026-09-20 18:23:29,200,1.000,3.000,20
http://chaoxuo7g4tqdyeikjo6jaa6dmk34vmdp3s577hgeusuntmcfd4xaxqd.onion/,0,2026-09-20 18:23:29,0,1.000,3.000,16
https://cerebralrift.cc/,32012,2026-09-20 18:23:29,200,1.000,3.000,14
https://champl.in/journal,13525,2026-09-20 18:23:29,200,1.000,3.000,14
https://actionnetwork.blog/,157564,2026-09-20 18:23:29,200,1.000,3.000,21
https://cfe.dev/events/jamstack-101-eleventy/,43843,2026-09-20 18:23:29,200,1.000,3.000,17
https://blockchair.com/bitcoin-cash/block/969388,0,2026-09-20 18:23:29,401,1.000,3.000,19
https://bitcoincasino.de/,0,2026-09-20 18:23:29,0,1.000,3.000,19
https://chad.hirsch.host/,6452,2026-09-20 18:23:29,200,1.000,3.000,18
https://btcgambling.com/,0,2026-09-20 18:23:29,0,1.000,3.000,19
https://chadcomello.com/,217338,2026-09-20 18:23:29,200,1.000,3.000,14
https://bighitmaker.com/,97366,2026-09-20 18:23:29,200,1.000,3.000,20
https://bestcoincasinos.com/,1221903,2026-09-20 18:23:30,200,1.000,3.000,19
https://apnews.com/article/glen-hansard-dies-dublin-motorcycle-crash-2df53656c036a9e39f91514d25538311,0,2026-09-20 18:23:30,403,1.000,3.000,15
https://cec.ccrce.ca/,134814,2026-09-20 18:23:30,200,1.000,3.000,16
https://cayzle.com/,192365,2026-09-20 18:23:30,200,1.000,3.000,15
https://charanj.it/,17964,2026-09-20 18:23:30,200,1.000,3.000,17
https://celine-hurka.com/,302946,2026-09-20 18:23:30,200,1.000,3.000,18
https://casino-wise.com/casinos-not-on-gamstop/,327984,2026-09-20 18:23:30,200,1.000,3.000,19
http://biglist.terraaeon.com/,105849,2026-09-20 18:23:30,200,1.000,3.000,16
https://alienjigsaw.com/,95488,2026-09-20 18:23:30,200,1.000,3.000,16
https://archive.ph/ggi2n,0,2026-09-20 18:23:30,429,1.000,3.000,16
https://charity.wtf/,215994,2026-09-20 18:23:30,200,1.000,3.000,15
https://chameth.com/,19932,2026-09-20 18:23:30,200,1.000,3.000,14
https://app.dithermark.com/,44593,2026-09-20 18:23:30,200,1.000,3.000,16
https://casinoutansvensklicens.casino/bitcoin-casino/,77186,2026-09-20 18:23:30,200,1.000,3.000,19
https://ccrce.schoolcashonline.com/,212,2026-09-20 18:23:30,200,1.000,3.000,17
https://chaox.ro/,0,2026-09-20 18:23:30,200,1.000,3.000,16
https://casinoutanreg.com/bitcoin-casino/,192091,2026-09-20 18:23:30,200,1.000,3.000,19
https://3r1c.net/,0,2026-09-20 18:23:30,0,1.000,3.000,17
https://cerebralmix.cc/,26372,2026-09-20 18:23:30,200,1.000,3.000,15
https://agilitycms.com/,155699,2026-09-20 18:23:30,200,1.000,3.000,18
http://alicehome.suichu-ka.com/,19456,2026-09-20 18:23:30,200,1.000,3.000,16
https://chaosworks.org/links/,23393,2026-09-20 18:23:30,200,1.000,3.000,15
https://chargeralert.com/,24309,2026-09-20 18:23:30,200,1.000,3.000,17
https://amiga.lychesis.net/index.html,19923,2026-09-20 18:23:30,200,1.000,3.000,16
https://app.thestorygraph.com/profile/adastrame,0,2026-09-20 18:23:30,403,1.000,3.000,16
https://chaosfem.tw/@olivia,51531,2026-09-20 18:23:30,200,1.000,3.000,20
https://apps.cchana.dev/,2479,2026-09-20 18:23:30,200,1.000,3.000,18
https://appworld.blackberry.com/webstore/content/17841771/,0,2026-09-20 18:23:30,0,1.000,3.000,18
https://alt-market.us/,133461,2026-09-20 18:23:30,200,1.000,3.000,17
https://cern.ch/,297879,2026-09-20 18:23:30,200,1.000,3.000,18
https://anish.lakhwara.com/,0,2026-09-20 18:23:30,0,1.000,3.000,17
https://albertogalca.com/,68762,2026-09-20 18:23:30,200,1.000,3.000,17
https://avilpage.com/,7336,2026-09-20 18:23:30,200,1.000,3.000,17
https://another.rodeo/,36375,2026-09-20 18:23:30,200,1.000,3.000,17
http://ajroach42.com/,6863,2026-09-20 18:23:30,200,1.000,3.000,17
https://8sided.blog/,0,2026-09-20 18:23:31,500,1.000,3.000,17
https://0ut3r.space/,16905,2026-09-20 18:23:31,200,1.000,3.000,17
https://bamprofits.com/,29539,2026-09-20 18:23:31,200,1.000,3.000,17
https://charlesharri.es/stream/a-two-thousand-dollar-phone,30289,2026-09-20 18:23:31,200,1.000,3.000,19
http://andrewroach.net/,4322,2026-09-20 18:23:31,200,1.000,3.000,18
https://appworld.blackberry.com/webstore/content/35142896/,0,2026-09-20 18:23:31,0,1.000,3.000,18
https://agustinawoodgate.com/,162557,2026-09-20 18:23:31,200,1.000,3.000,19
https://andyhawthorne.uk/,72240,2026-09-20 18:23:31,200,1.000,3.000,17
https://bengtan.com/,27855,2026-09-20 18:23:31,200,1.000,3.000,17
https://benhoyt.com/,7967,2026-09-20 18:23:31,200,1.000,3.000,17
https://akos.ma/,31830,2026-09-20 18:23:31,200,1.000,3.000,17
https://bigpotato.online/,0,2026-09-20 18:23:31,0,1.000,3.000,17
https://bastian.rieck.me/,17446,2026-09-20 18:23:31,200,1.000,3.000,17
https://alessiapasquini.it/,76799,2026-09-20 18:23:31,200,1.000,3.000,19
https://benlacroix.com/,64272,2026-09-20 18:23:31,200,1.000,3.000,17
https://bastianallgeier.com/,6667,2026-09-20 18:23:31,200,1.000,3.000,17
https://blockchair.com/bitcoin-cash/block/969390,0,2026-09-20 18:23:31,401,1.000,3.000,19
https://app.hackthebox.com/public/users/136628,14372,2026-09-20 18:23:31,200,1.000,3.000,18
https://archive.ph/bktHA,0,2026-09-20 18:23:31,429,1.000,3.000,16
https://adastra.me/,3700,2026-09-20 18:23:31,200,1.000,3.000,16
https://blog.circlewithadot.net/,0,2026-09-20 18:23:31,0,1.000,3.000,17
https://battlepenguin.com/,23206,2026-09-20 18:23:31,200,1.000,3.000,17
https://casinofeed.net/,321685,2026-09-20 18:23:31,200,1.000,3.000,20
https://based.coom.tech/,169555,2026-09-20 18:23:31,200,1.000,3.000,17
https://blog.spacehey.com/entry?id=29337,0,2026-09-20 18:23:31,451,1.000,3.000,16
https://12bytes.org/,0,2026-09-20 18:23:32,0,1.000,3.000,17
https://bennypowers.dev/,1805406,2026-09-20 18:23:32,200,1.000,3.000,17
https://benjaminhollon.com/,5347,2026-09-20 18:23:32,200,1.000,3.000,17
https://blog.codinghorror.com/,46274,2026-09-20 18:23:32,200,1.000,3.000,17
https://billbennett.co.nz/,30218,2026-09-20 18:23:32,200,1.000,3.000,17
https://blog.ctis.me/,8341,2026-09-20 18:23:32,200,1.000,3.000,17
https://cedricbonhomme.org/,26948,2026-09-20 18:23:32,200,1.000,3.000,16
https://benjamin.computer/,27003,2026-09-20 18:23:32,200,1.000,3.000,17
https://benmyers.dev/,24317,2026-09-20 18:23:32,200,1.000,3.000,17
https://aidos.group/guide,111368,2026-09-20 18:23:32,200,1.000,3.000,18
https://1337x.to/,0,2026-09-20 18:23:32,403,1.000,3.000,18
https://blog.absurdpirate.com/,19293,2026-09-20 18:23:32,200,1.000,3.000,17
http://barro.cc/en/gallery,11519,2026-09-20 18:23:32,200,1.000,3.000,20
https://blog.kareldonk.com/,132152,2026-09-20 18:23:32,200,1.000,3.000,17
https://alumni.cern/,210109,2026-09-20 18:23:32,200,1.000,3.000,19
https://alogs.theguntretort.com/robowaifu/,0,2026-09-20 18:23:32,0,1.000,3.000,18
https://battlepenguin.locals.com/,18715,2026-09-20 18:23:32,200,1.000,3.000,18
https://4stats.io/,900,2026-09-20 18:23:32,200,1.000,3.000,18
https://cashfusion.org/,0,2026-09-20 18:23:32,0,1.000,3.000,18
https://420.moe/,0,2026-09-20 18:23:32,0,1.000,3.000,18
https://blog.mollywhite.net/,24108,2026-09-20 18:23:32,200,1.000,3.000,17
https://argentumcation.com/,0,2026-09-20 18:23:32,0,1.000,3.000,19
http://10minutemail.com/,82843,2026-09-20 18:23:32,200,1.000,3.000,18
https://alternativeto.net/,0,2026-09-20 18:23:32,403,1.000,3.000,18
https://aidn.jp/contents,6542,2026-09-20 18:23:32,200,1.000,3.000,18
https://annas-archive.org/,0,2026-09-20 18:23:32,0,1.000,3.000,18
https://academictorrents.com/,18324,2026-09-20 18:23:32,200,1.000,3.000,18
https://9-eyes.com/,64487,2026-09-20 18:23:33,200,1.000,3.000,18
https://2chen.moe/,0,2026-09-20 18:23:33,403,1.000,3.000,18
https://brotherbored.com/,158769,2026-09-20 18:23:33,200,1.000,3.000,16
https://blog.datafund.net/the-road-to-2027-how-regulation-and-pilots-are-paving-the-way-for-the-new-data-economy-e5bc8557c0a9,0,2026-09-20 18:23:33,0,1.000,3.000,37
https://alwaysjudgeabookbyitscover.com/,49112,2026-09-20 18:23:33,200,1.000,3.000,18
http://anidex.info/,0,2026-09-20 18:23:33,403,1.000,3.000,18
https://acko.net/,47209,2026-09-20 18:23:33,200,1.000,3.000,18
http://alexchiu.com/,11876,2026-09-20 18:23:33,200,1.000,3.000,18
https://animelon.com/,6294,2026-09-20 18:23:33,200,1.000,3.000,18
https://app.kosmi.io/,5362,2026-09-20 18:23:33,200,1.000,3.000,18
http://androidarts.com/,17440,2026-09-20 18:23:33,200,1.000,3.000,18
https://asoftmurmur.com/,597516,2026-09-20 18:23:33,200,1.000,3.000,18
https://all-io.net/,70811,2026-09-20 18:23:33,200,1.000,3.000,18
http://aqstream.com/jp,6774,2026-09-20 18:23:33,200,1.000,3.000,18
https://azm.to/,0,2026-09-20 18:23:33,403,1.000,3.000,18
http://babelia.libraryofbabel.info/,2610,2026-09-20 18:23:33,200,1.000,3.000,18
https://austinhenley.com/blog/lessonsfrommyphd.html,12788,2026-09-20 18:23:33,200,1.000,3.000,19
https://blog.freakylamps.com/,0,2026-09-20 18:23:33,0,1.000,3.000,17
https://arts.cern/,60457,2026-09-20 18:23:33,200,1.000,3.000,19
https://angusnicneven.com/,14408,2026-09-20 18:23:33,200,1.000,3.000,18
https://archive.is/kyiWM,0,2026-09-20 18:23:33,429,1.000,3.000,18
https://andirko.eu/,0,2026-09-20 18:23:33,0,1.000,3.000,17
https://0xacab.org/jvoisin/mat2,43818,2026-09-20 18:23:33,200,1.000,3.000,18
http://7sim.net/,831882,2026-09-20 18:23:33,200,1.000,3.000,18
https://biennale.org.sa/en/biennales/contemporary-art-biennale/diriyah-contemporary-art-biennale-2026,165931,2026-09-20 18:23:33,200,1.000,3.000,20
https://blockchair.com/bitcoin-cash/block/969389,0,2026-09-20 18:23:33,401,1.000,3.000,19
https://asciiart.club/,49862,2026-09-20 18:23:33,200,1.000,3.000,18
https://backgroundchecks.org/justdeleteme/,449557,2026-09-20 18:23:34,200,1.000,3.000,18
https://archive.ph/iOpmI,0,2026-09-20 18:23:34,429,1.000,3.000,16
https://analogrevolution.com/,0,2026-09-20 18:23:34,0,1.000,3.000,19
http://autists.net/,85175,2026-09-20 18:23:34,200,1.000,3.000,18
https://biology.ucdavis.edu/people/c-titus-brown,0,2026-09-20 18:23:34,403,1.000,3.000,19
https://beneathvt.com/,4520,2026-09-20 18:23:34,200,1.000,3.000,18
https://blm-egis.maps.arcgis.com/apps/webappviewer/index.html?id=6f0da4c7931440a8a80bfe20eddd7550,6241,2026-09-20 18:23:34,200,1.000,3.000,18
https://account.app.net/settings/delete/ ,0,2026-09-20 18:23:34,0,1.000,3.000,19
https://bios-pw.org/,4451,2026-09-20 18:23:34,200,1.000,3.000,18
https://boardgamegeek.com/user/MD87,0,2026-09-20 18:23:34,403,1.000,3.000,15
https://24flac.net/,68900,2026-09-20 18:23:34,200,1.000,3.000,18
https://alexchiuforum.freeforums.net/,0,2026-09-20 18:23:34,202,1.000,3.000,19
http://blog.stephenwyattbush.com/2012/04/07/dad-and-the-ten-commandments-of-egoless-programming,0,2026-09-20 18:23:34,404,1.000,3.000,19
https://animetosho.org/,202828,2026-09-20 18:23:34,200,1.000,3.000,18
https://15.ai/,911943,2026-09-20 18:23:34,200,1.000,3.000,18
https://audioz.download/,748634,2026-09-20 18:23:34,200,1.000,3.000,18
https://blog.paranoidpenguin.net/,25041,2026-09-20 18:23:34,200,1.000,3.000,17
https://blog.ncase.me/,24842,2026-09-20 18:23:34,200,1.000,3.000,17
https://account.rovio.com/ ,0,2026-09-20 18:23:34,0,1.000,3.000,19
http://about.yatedo.com/manage-your-digital-id/ ,57062,2026-09-20 18:23:34,200,1.000,3.000,19
https://bluedwarf.top/,2130,2026-09-20 18:23:34,200,1.000,3.000,17
https://balpha.de/about/,4613,2026-09-20 18:23:34,200,1.000,3.000,18
https://betterexplained.com/,89631,2026-09-20 18:23:34,200,1.000,3.000,18
https://bonk.io/,11581,2026-09-20 18:23:34,200,1.000,3.000,17
https://ak-scans.fandom.com/wiki/The_/ak/_Wiki,0,2026-09-20 18:23:34,403,1.000,3.000,19
https://aladin.u-strasbg.fr/AladinLite/,7161,2026-09-20 18:23:34,200,1.000,3.000,18
https://app.monopro.org/pixel/?lang=en,16933,2026-09-20 18:23:34,200,1.000,3.000,18
https://blackhost.xyz/,0,2026-09-20 18:23:34,404,1.000,3.000,18
https://anidb.net/anime/17904,0,2026-09-20 18:23:35,403,1.000,3.000,19
https://anilist.co/anime/187869,4673,2026-09-20 18:23:35,200,1.000,3.000,19
https://binfalse.de/2016/02/08/create-an-unscanable-letter/,17996,2026-09-20 18:23:35,200,1.000,3.000,18
http://ask.fm/account/settings/optout ,0,2026-09-20 18:23:35,0,1.000,3.000,19
http://3djgibyu5osi4na5.onion/?text=Comment for article: /2016/02/08/create-an-unscanable-letter/\nhaving id: create-an-unscanable-letter\n------- PLEASE LEAVE THE ABOVE UNTOUCHED AND WRITE COMMENT BELOW -------\n------- IF YOU WANT ME TO INCLUDE CREDITS ADD YOUR NAME AND MAIL -------\n\n,0,2026-09-20 18:23:35,0,1.000,3.000,19
http://asos-de.custhelp.com/app/askchangedetails ,0,2026-09-20 18:23:35,0,1.000,3.000,19
https://account.dyn.com/profile/close.html ,0,2026-09-20 18:23:35,404,1.000,3.000,19
https://accounts.autoscout24.com/Delete ,0,2026-09-20 18:23:35,404,1.000,3.000,19
https://15.dev/faq,40977,2026-09-20 18:23:35,200,1.000,3.000,19
https://animesuperhero.com/this-website-will-say-whatever-you-type-in-spongebobs-voice/,114630,2026-09-20 18:23:35,200,1.000,3.000,19
https://9gag.com/member/delete ,172446,2026-09-20 18:23:35,200,1.000,3.000,19
https://auth.giantbomb.com/account/ ,0,2026-09-20 18:23:35,0,1.000,3.000,19
https://bloglist.me/blog/chaosworks/,0,2026-09-20 18:23:35,404,1.000,3.000,16
https://api.semanticscholar.org/CorpusID:267652761,0,2026-09-20 18:23:35,202,1.000,3.000,19
http://au.beamly.com/account/delete ,0,2026-09-20 18:23:35,404,1.000,3.000,19
http://bbx.boxee.tv/user/delete ,0,2026-09-20 18:23:35,0,1.000,3.000,19
https://account.jolla.com/profile/settings/confirm_delete_profile ,4796,2026-09-20 18:23:35,200,1.000,3.000,19
https://beam.pro/legal/privacy ,0,2026-09-20 18:23:35,0,1.000,3.000,19
https://bluemaxima.org/flashpoint/,12680,2026-09-20 18:23:35,200,1.000,3.000,18
https://boratory.net/,0,2026-09-20 18:23:35,0,1.000,3.000,17
https://app.rainforestqa.com/settings ,7394,2026-09-20 18:23:35,200,1.000,3.000,19
https://boardgamegeek.com/user/raevynn,0,2026-09-20 18:23:35,403,1.000,3.000,16
https://account.mojang.com/me/settings ,558998,2026-09-20 18:23:35,200,1.000,3.000,19
https://arkade.com.br/faca-glados-bob-esponja-e-outros-personagens-falarem-textos-escritos-por-voce/,47601,2026-09-20 18:23:35,200,1.000,3.000,19
https://akirabox.com/k0embVB5amVb/file,0,2026-09-20 18:23:35,403,1.000,3.000,19
https://blockchair.com/bitcoin-cash/block/969386,0,2026-09-20 18:23:35,401,1.000,3.000,19
http://artsy.net/user/delete ,0,2026-09-20 18:23:36,403,1.000,3.000,19
https://analyticsindiamag.com/ai-origins-evolution/deepfakes-are-elevating-meme-culture-but-at-what-cost/,66595,2026-09-20 18:23:36,200,1.000,3.000,19
https://animetosho.xyz/,210000,2026-09-20 18:23:36,200,1.000,3.000,19
http://armorgames.com/settings/delete-account ,0,2026-09-20 18:23:36,404,1.000,3.000,19
https://bambuser.com/settings ,0,2026-09-20 18:23:36,404,1.000,3.000,19
https://artistalley.org/,6100,2026-09-20 18:23:36,200,1.000,3.000,20
https://account.live.com/CloseAccount.aspx ,34360,2026-09-20 18:23:36,200,1.000,3.000,19
http://animetoshwu5w2kapugp6y25k3qpwicxwcll6odi2ptumvnh7ybqlfqd.onion/,0,2026-09-20 18:23:36,0,1.000,3.000,20
https://bvffalo.land/,0,2026-09-20 18:23:36,0,1.000,3.000,18
https://2025.harmonycon.org/,24077,2026-09-20 18:23:36,200,1.000,3.000,20
https://automaton-media.com/articles/newsjp/20210119-149494/,728292,2026-09-20 18:23:36,200,1.000,3.000,19
http://abload.de/settings.php ,0,2026-09-20 18:23:36,410,1.000,3.000,19
https://3place.world/,203790,2026-09-20 18:23:36,200,1.000,3.000,20
https://brentter.com/,29350,2026-09-20 18:23:36,200,1.000,3.000,17
https://2026.harmonycon.org/,1100433,2026-09-20 18:23:36,200,1.000,3.000,20
https://api.semanticscholar.org/CorpusID:222291664,0,2026-09-20 18:23:36,202,1.000,3.000,19
https://blockchair.com/bitcoin-cash/block/969375,0,2026-09-20 18:23:36,401,1.000,3.000,19
https://anitracker.org/,0,2026-09-20 18:23:36,403,1.000,3.000,20
https://akirabox.com/vgKGxLwW2G8Q/file,0,2026-09-20 18:23:36,403,1.000,3.000,19
https://areajugones.sport.es/videojuegos/la-compania-de-nfts-que-se-alio-con-el-actor-de-voz-de-joel-de-the-last-of-us-la-ha-liado-bastante-parda/,354193,2026-09-20 18:23:36,200,1.000,3.000,19
https://byteblog.co.uk/,1732,2026-09-20 18:23:36,200,1.000,3.000,17
http://bugmenot.com/,6185,2026-09-20 18:23:36,200,1.000,3.000,18
https://buzzheavier.com/i7j9hpio9lov,0,2026-09-20 18:23:36,403,1.000,3.000,19
http://badoo.com/settings/ ,204413,2026-09-20 18:23:36,200,1.000,3.000,19
http://cachemonet.com/,4178,2026-09-20 18:23:36,200,1.000,3.000,18
https://bitcoincasinowiz.com/,0,2026-09-20 18:23:36,0,1.000,3.000,21
https://blogs.hn/,1476850,2026-09-20 18:23:37,200,1.000,3.000,17
http://burst.net/ ,21814,2026-09-20 18:23:37,200,1.000,3.000,19
https://bt4g.org/,13050,2026-09-20 18:23:37,200,1.000,3.000,18
http://burymewithmymoney.com/,1422,2026-09-20 18:23:37,200,1.000,3.000,18
https://azurecomettttt.carrd.co/,102121,2026-09-20 18:23:37,200,1.000,3.000,21
https://animetosho.net/,210000,2026-09-20 18:23:37,200,1.000,3.000,20
http://bunbunmaru.com/wakaba,0,2026-09-20 18:23:37,404,1.000,3.000,18
http://blog.codepen.io/documentation/faq/how-do-i-delete-my-account/ ,0,2026-09-20 18:23:37,404,1.000,3.000,19
https://c.spotler.com/ct/m9/k1/-Lo1fODA47Q9S-XbObwlt-djz47GRQW5p8E2hfR_O-tXLD4_p-_fOaSldWgq5kwB/3nPgss35dGYPv4S,78556,2026-09-20 18:23:37,200,1.000,3.000,20
http://carstuckgirls.com/,32386,2026-09-20 18:23:37,200,1.000,3.000,18
https://cbsi.secure.force.com/CBSi/submitcase?template=template_cnet&referer=cnet.com&cfs=SFS_1 ,0,2026-09-20 18:23:37,404,1.000,3.000,19
https://bus-stop.net/,0,2026-09-20 18:23:37,200,1.000,3.000,18
https://bufferapp.com/app/account/leave ,3580,2026-09-20 18:23:37,200,1.000,3.000,19
https://aaronson.org/blog/i-drank-every-cocktail,87642,2026-09-20 18:23:37,200,1.000,3.000,18
https://ceesjhay.org/,8503,2026-09-20 18:23:37,200,1.000,3.000,18
https://casino-wise.co.uk/credit-card-betting-sites/,244169,2026-09-20 18:23:37,200,1.000,3.000,20
https://audiosex.pro/threads/weird-serum-problem.85462/,98949,2026-09-20 18:23:37,200,1.000,3.000,19
http://calresco.org/,14756,2026-09-20 18:23:37,200,1.000,3.000,18
https://animetime.cc/,0,2026-09-20 18:23:38,0,1.000,3.000,20
https://catbox.moe/,5684,2026-09-20 18:23:38,200,1.000,3.000,18
https://catalog.neet.tv/harlequin.html,11982,2026-09-20 18:23:38,200,1.000,3.000,18
https://aarol.dev/posts/go-contentlength/,61402,2026-09-20 18:23:38,200,1.000,3.000,18
https://30fps.net/pages/hyab-kmeans/,21857,2026-09-20 18:23:38,200,1.000,3.000,18
https://0x1.pt/2023/10/15/trying-out-c++20s-modules-with-clang-and-make/,10436,2026-09-20 18:23:38,200,1.000,3.000,18
http://ai.about.com/webapps/whereabout/ai.about.com/compute/ai/blbon.htm,0,2026-09-20 18:23:38,0,1.000,3.000,19
https://abishekmuthian.com/how-i-run-llms-locally/,47574,2026-09-20 18:23:38,200,1.000,3.000,18
https://careers.cern/,188095,2026-09-20 18:23:38,200,1.000,3.000,19
https://0xbro.red/,47123,2026-09-20 18:23:38,200,1.000,3.000,18
https://adocomplete.com/,8661,2026-09-20 18:23:38,200,1.000,3.000,18
https://adam-p.ca/blog/2025/04/string-length/,77439,2026-09-20 18:23:38,200,1.000,3.000,18
https://adrianmouat.com/,11448,2026-09-20 18:23:38,200,1.000,3.000,18
https://cernandsocietyfoundation.cern/,229438,2026-09-20 18:23:38,200,1.000,3.000,19
https://akirabox.com/EL73gAPgYG9B/file,0,2026-09-20 18:23:38,403,1.000,3.000,19
https://cerncourier.com/,147958,2026-09-20 18:23:38,200,1.000,3.000,19
https://adventures.michaelfbryan.com/posts/deserializing-binary-data-files/,55408,2026-09-20 18:23:38,200,1.000,3.000,18
https://adrianroselli.com/feed,0,2026-09-20 18:23:38,200,1.000,3.000,18
https://ahoneybun.net/blog/Thinkpad-X13s-review/,0,2026-09-20 18:23:38,404,1.000,3.000,18
https://allevato.me/,28951,2026-09-20 18:23:39,200,1.000,3.000,18
https://4id.channel4.com/account/remove ,16226,2026-09-20 18:23:39,200,1.000,3.000,19
https://certbot.eff.org/,43050,2026-09-20 18:23:39,200,1.000,3.000,18
https://adithyan.io/about,16217,2026-09-20 18:23:39,200,1.000,3.000,18
https://1ppm.de/,213284,2026-09-20 18:23:39,200,1.000,3.000,18
https://alicegg.tech//2023/07/25/technical-analysis.html,9355,2026-09-20 18:23:39,200,1.000,3.000,18
https://aguno.xyz/,22852,2026-09-20 18:23:39,200,1.000,3.000,18
https://alexand.ro/2018/08/how-focus-became-more-valuable-than-intelligence,70627,2026-09-20 18:23:39,200,1.000,3.000,18
https://andreabergia.com/stack-based-virtual-machines/,1442,2026-09-20 18:23:39,200,1.000,3.000,18
https://andersource.dev/about/,9069,2026-09-20 18:23:39,200,1.000,3.000,18
https://99percentinvisible.org/episode/the-real-book/,184576,2026-09-20 18:23:39,200,1.000,3.000,19
http://annotated-code.maryrosecook.com/circles-bouncing-off-lines/index.html,2227,2026-09-20 18:23:39,200,1.000,3.000,18
https://angeliqueweger.com/,9449,2026-09-20 18:23:39,200,1.000,3.000,18
https://amanhimself.dev/about/,27825,2026-09-20 18:23:39,200,1.000,3.000,18
https://andrewlock.net/working-with-stacked-branches-in-git-is-easier-with-update-refs/,60632,2026-09-20 18:23:39,200,1.000,3.000,18
https://akrabat.com/using-uv-as-your-shebang-line/,40163,2026-09-20 18:23:39,200,1.000,3.000,18
https://aitorres.com/now/,22232,2026-09-20 18:23:39,200,1.000,3.000,18
https://aleksandrhovhannisyan.com/about/,19636,2026-09-20 18:23:39,200,1.000,3.000,18
https://cameronjournal.com/,653875,2026-09-20 18:23:39,200,1.000,3.000,17
https://akirabox.com/5pVzNw2k0G7w/file,0,2026-09-20 18:23:39,403,1.000,3.000,19
https://andyatkinson.com/,27207,2026-09-20 18:23:39,200,1.000,3.000,18
https://ankitmaloo.com/world-models/,24233,2026-09-20 18:23:39,200,1.000,3.000,18
https://alexanderlolis.com/,143034,2026-09-20 18:23:39,200,1.000,3.000,18
https://aipodcast.ing/,41381,2026-09-20 18:23:39,200,1.000,3.000,19
https://alpaca.gold/@seldo,55719,2026-09-20 18:23:39,200,1.000,3.000,18
https://amxmln.com/blog,23979,2026-09-20 18:23:39,200,1.000,3.000,18
https://api.semanticscholar.org/CorpusID:218862956,0,2026-09-20 18:23:39,202,1.000,3.000,19
https://ahoneybun.net/,13208,2026-09-20 18:23:39,200,1.000,3.000,18
https://ardentperf.com/2023/03/26/did-postgres-lose-my-data/,148945,2026-09-20 18:23:39,200,1.000,3.000,19
https://anardil.net/,12484,2026-09-20 18:23:40,200,1.000,3.000,18
https://annuschkasnorthernstar.blog/feed/,0,2026-09-20 18:23:40,200,1.000,3.000,18
https://artem.krylysov.com/blog/2020/07/28/lets-build-a-full-text-search-engine/,68198,2026-09-20 18:23:40,200,1.000,3.000,18
https://app.beliapp.com/lists/aaaronson,9058,2026-09-20 18:23:40,200,1.000,3.000,19
https://adyxax.org/blog,8601,2026-09-20 18:23:40,200,1.000,3.000,18
https://arnorhs.dev/,13103,2026-09-20 18:23:40,200,1.000,3.000,18
http://aras-p.info/blog/2016/08/02/Hash-Functions-all-the-way-down/,25539,2026-09-20 18:23:40,200,1.000,3.000,18
https://attaboy.us/visit-us,167519,2026-09-20 18:23:40,200,1.000,3.000,19
https://ankush.dev/p/neumann_architecture,35999,2026-09-20 18:23:40,200,1.000,3.000,18
https://ashvardanian.com/posts/searching-stable-marriages/,61528,2026-09-20 18:23:40,200,1.000,3.000,18
https://annoying.technology/posts/e6901c0ea272f57d/,7609,2026-09-20 18:23:40,200,1.000,3.000,18
https://ankursethi.com/about/,6183,2026-09-20 18:23:40,200,1.000,3.000,18
https://amplify.aws/community/contributors,317570,2026-09-20 18:23:40,200,1.000,3.000,19
https://akirabox.com/gXeGOr29XzAa/file,0,2026-09-20 18:23:40,403,1.000,3.000,19
https://astrid.tech/2024/02/24/0/conda-recipe-selector-abuse/,31126,2026-09-20 18:23:40,200,1.000,3.000,18
https://anisse.astier.eu/feed/,910861,2026-09-20 18:23:40,200,1.000,3.000,18
http://airminded.org/about,284226,2026-09-20 18:23:40,200,1.000,3.000,18
https://bennettftomlin.com/feed/,0,2026-09-20 18:23:40,200,1.000,3.000,18
https://ashleyjanssen.com/why-multitasking-is-unproductive-and-what-to-do-instead/,48412,2026-09-20 18:23:40,200,1.000,3.000,18
https://avanwyk.com/about/,37637,2026-09-20 18:23:40,200,1.000,3.000,18
http://ashgate.com/,0,2026-09-20 18:23:40,0,1.000,3.000,19
https://19ft.com/,4615,2026-09-20 18:23:40,200,1.000,3.000,19
https://blockchair.com/bitcoin-cash/block/969368,0,2026-09-20 18:23:40,401,1.000,3.000,19
https://api.semanticscholar.org/CorpusID:248256259,0,2026-09-20 18:23:40,202,1.000,3.000,19
https://ar.al/2021/08/08/apple-is-trying-to-redefine-what-it-means-to-violate-your-privacy-we-must-not-let-it/,16937,2026-09-20 18:23:40,200,1.000,3.000,18
https://benjaminsmallwood.com/blog/the-vanilla-web-is-wonderful/,4685,2026-09-20 18:23:40,200,1.000,3.000,18
https://bakesandbliss.co/feed/,0,2026-09-20 18:23:40,200,1.000,3.000,18
https://automaton-china.com/,416638,2026-09-20 18:23:40,200,1.000,3.000,20
https://arminhanisch.de/,19607,2026-09-20 18:23:40,200,1.000,3.000,18
http://bitworking.org/news/425/atompub-is-a-failure,0,2026-09-20 18:23:40,404,1.000,3.000,18
https://avraam.dev/,28910,2026-09-20 18:23:40,200,1.000,3.000,18
https://bennadel.com/,171960,2026-09-20 18:23:40,200,1.000,3.000,18
https://aquarium.teufel100.de/,418424,2026-09-20 18:23:40,200,1.000,3.000,18
http://antirez.com/news/133,8408,2026-09-20 18:23:40,200,1.000,3.000,18
https://bitlog.com/feed/,0,2026-09-20 18:23:41,200,1.000,3.000,18
https://blog.alexellis.io/,146036,2026-09-20 18:23:41,200,1.000,3.000,18
https://akirabox.com/obj3jlR05GDx/file,0,2026-09-20 18:23:41,403,1.000,3.000,19
https://aimlessdreamer.com/,78042,2026-09-20 18:23:41,200,1.000,3.000,21
https://barthsnotes.com/feed/,0,2026-09-20 18:23:41,200,1.000,3.000,18
https://binarymoon.co.uk/,24047,2026-09-20 18:23:41,200,1.000,3.000,18
https://blog.arribasail.com/feeds/posts/default,0,2026-09-20 18:23:41,200,1.000,3.000,18
http://amaldev.blog/about/,36797,2026-09-20 18:23:41,200,1.000,3.000,18
https://blog.codingconfessions.com/p/linux-context-switching-internals,350357,2026-09-20 18:23:41,200,1.000,3.000,18
https://blockchair.com/bitcoin-cash/block/969392,0,2026-09-20 18:23:41,401,1.000,3.000,19
https://antoniosarro.dev/about,72195,2026-09-20 18:23:41,200,1.000,3.000,18
https://appleprivacyletter.com/,23306,2026-09-20 18:23:41,200,1.000,3.000,19
http://blog.adrianroselli.com/2014/01/w3c-eme-is-not-drm-nor-other-fear.html,59150,2026-09-20 18:23:41,200,1.000,1.893,18
https://api.semanticscholar.org/CorpusID:282141610,0,2026-09-20 18:23:41,202,1.000,3.000,19
http://bitworking.org/news/Why_so_many_Python_web_frameworks,0,2026-09-20 18:23:41,404,1.000,3.000,18
http://blog.danlew.net/2014/11/26/i-dont-need-your-permission/,23049,2026-09-20 18:23:41,200,1.000,3.000,18
https://aumont.fr/about/,12217,2026-09-20 18:23:41,200,1.000,3.000,18
https://bildung.social/@linkshaender,57767,2026-09-20 18:23:41,200,1.000,3.000,19
https://blog.drewolson.org/,19107,2026-09-20 18:23:41,200,1.000,3.000,18
http://blog.demofox.org/2016/06/16/synthesizing-a-pluked-string-sound-with-the-karplus-strong-algorithm/,103034,2026-09-20 18:23:41,200,1.000,3.000,18
https://blisk.io/,61716,2026-09-20 18:23:41,200,1.000,3.000,19
https://aimlessdreamer.fanlink.tv/GS,7686,2026-09-20 18:23:41,200,1.000,3.000,22
https://beepmini.com/,19554,2026-09-20 18:23:41,200,1.000,3.000,19
http://blog.brodzinski.com/2010/06/know-nothing-about-teams.html,113026,2026-09-20 18:23:41,200,1.000,3.000,18
https://bloeg.li/johannes,25483,2026-09-20 18:23:41,200,1.000,3.000,19
https://beko.famkos.net/,272033,2026-09-20 18:23:41,200,1.000,3.000,18
https://blog.flycode.com/how-to-use-flycode-to-update-your-react-apps-on-the-fly,0,2026-09-20 18:23:41,404,1.000,3.000,19
http://blog.adnansiddiqi.me/visualizing-python-modules-and-dependencies-with-neo4j/,134947,2026-09-20 18:23:41,200,1.000,3.000,18
https://akirabox.com/qLQ36xR01G19/file,0,2026-09-20 18:23:41,403,1.000,3.000,19
http://blog.frankchimero.com/post/1059696119/there-is-a-horse-in-the-apple-store,0,2026-09-20 18:23:41,0,1.000,3.000,18
http://blog.dustinkirkland.com/2014/05/the-orange-box-cloud-for-free-man.html,169344,2026-09-20 18:23:41,200,1.000,3.000,18
https://blockchair.com/bitcoin-cash/block/969378,0,2026-09-20 18:23:41,401,1.000,3.000,19
https://blog.burkert.me/posts/llm_evolution_character_manipulation/,36225,2026-09-20 18:23:41,200,1.000,3.000,18
https://blog.dwac.dev/,11344,2026-09-20 18:23:42,200,1.000,3.000,18
https://blog.expo.dev/building-a-minimalist-weather-app-with-react-native-and-expo-fe7066e02c09,0,2026-09-20 18:23:42,403,1.000,3.000,19
https://blog.broulik.de/2019/05/next-generation-plasma-notifications/,137098,2026-09-20 18:23:42,200,1.000,3.000,18
http://blog.fogus.me/2015/12/29/the-best-things-and-stuff-of-2015/,0,2026-09-20 18:23:42,200,1.000,3.000,18
https://blog.gingerbeardman.com/2024/05/10/emoji-history-the-missing-years/,105570,2026-09-20 18:23:42,200,1.000,3.000,18
http://bitworking.org/news/2009/11/ccd,30931,2026-09-20 18:23:42,200,1.000,3.000,18
https://btdig.com/,0,2026-09-20 18:23:42,0,1.000,3.000,18
https://blog.glyphdrawing.club/,31195,2026-09-20 18:23:42,200,1.000,3.000,18
http://blog.herlein.com/2011/05/open-letter-to-paypal-do-the-right-thing/,0,2026-09-20 18:23:42,404,1.000,3.000,18
https://alastairc.uk/2008/04/do-not-buy-drm-music/,6025,2026-09-20 18:23:42,200,1.000,3.000,19
https://apple.fandom.com/wiki/MessagePad_H1000,0,2026-09-20 18:23:42,403,1.000,3.000,19
https://androiddev.social/@danlew,55869,2026-09-20 18:23:42,200,1.000,3.000,19
https://bfan.link/shuriken,50009,2026-09-20 18:23:42,200,1.000,3.000,22
https://blog.hyperknot.com/p/comparing-auth-providers,374857,2026-09-20 18:23:42,200,1.000,3.000,18
https://alphathiel.de/,128848,2026-09-20 18:23:42,200,1.000,3.000,19
https://blog.afm-oerlinghausen.de/,0,2026-09-20 18:23:42,0,1.000,3.000,19
https://blog.invisiblethings.org/2013/02/21/converting-untrusted-pdfs-into-trusted.html,33093,2026-09-20 18:23:42,200,1.000,3.000,18
http://bjmh.gold.ac.uk/article/view/743,17614,2026-09-20 18:23:42,200,1.000,3.000,19
http://blog.dwyer.co.za/2016/09/reclaiming-web-in-100-lines-of-code.html,129449,2026-09-20 18:23:42,200,1.000,3.000,18
http://auto.howstuffworks.com/car-driving-safety/safety-regulatory-devices/red-light-camera.htm,0,2026-09-20 18:23:42,202,1.000,3.000,19
https://akirabox.com/9QWmpo4exGEB/file,0,2026-09-20 18:23:42,403,1.000,3.000,19
https://blockchair.com/bitcoin-cash/block/969374,0,2026-09-20 18:23:42,401,1.000,3.000,19
https://blog.hayman.net/blog/2021/12/20/apple-next-25-years-ago-today/,18759,2026-09-20 18:23:42,200,1.000,3.000,18
https://blog.kinglycrow.com/no-skill-no-taste/,0,2026-09-20 18:23:42,404,1.000,3.000,18
https://blog.julik.nl/2025/01/supercharge-sqlite-with-ruby-functions,41694,2026-09-20 18:23:42,200,1.000,3.000,18
http://blog.maryrosecook.com/post/23429666/When-I-died,0,2026-09-20 18:23:42,404,1.000,1.893,18
https://blog.crowdbotics.com/author/amanhimself/,0,2026-09-20 18:23:42,404,1.000,3.000,19
https://blog.digitalbunker.dev/2020/09/03/understanding-daemons-unix/,0,2026-09-20 18:23:42,404,1.000,3.000,18
https://behindblueeyes.de/,387211,2026-09-20 18:23:42,200,1.000,3.000,18
https://birdsoutsidemywindow.org/,221459,2026-09-20 18:23:42,200,1.000,3.000,18
http://blog.nickjanetakis.com/post/133482093993/less-than-24-hours-on-udemy-as-an-instructor-and,0,2026-09-20 18:23:43,0,1.000,3.000,18
https://blog.gnoack.org/post/setup-cleanup/,17643,2026-09-20 18:23:43,200,1.000,3.000,18
https://bastianoso.de/,166086,2026-09-20 18:23:43,200,1.000,3.000,18
https://apple.fandom.com/wiki/Sharp_Expert_Pad_PI-7000,0,2026-09-20 18:23:43,403,1.000,3.000,19
https://blog.hboeck.de/,175852,2026-09-20 18:23:43,200,1.000,3.000,18
http://blog.lanzani.nl/2011/interview-kd/,23286,2026-09-20 18:23:43,200,1.000,3.000,18
https://blog.ldodds.com/now/,92076,2026-09-20 18:23:43,200,1.000,3.000,18
https://better.fyi/,0,2026-09-20 18:23:43,429,1.000,3.000,19
https://auth0.com/,450290,2026-09-20 18:23:43,200,1.000,3.000,19
https://authkit.com/,113372,2026-09-20 18:23:43,200,1.000,3.000,19
https://blog.herlein.com/about/,47026,2026-09-20 18:23:43,200,1.000,3.000,18
https://blockchair.com/bitcoin-cash/block/969377,0,2026-09-20 18:23:43,401,1.000,3.000,19
https://blog.library.gsu.edu/2010/10/13/popular-music-tune-dex-cards/,60318,2026-09-20 18:23:43,200,1.000,3.000,20
https://blog.nelhage.com/post/computers-can-be-understood/,31479,2026-09-20 18:23:43,200,1.000,3.000,18
https://blog.erodriguez.de/dependency-management-fatigue-or-why-i-forever-ditched-react-for-go-htmx-templ/,12279,2026-09-20 18:23:43,200,1.000,3.000,18
https://akirabox.com/obj3jlRZ5GDx/file,0,2026-09-20 18:23:43,403,1.000,3.000,19
https://blog.landesmuseum-stuttgart.de/,0,2026-09-20 18:23:43,0,1.000,3.000,19
https://blog.miljko.org/,17950,2026-09-20 18:23:43,200,1.000,3.000,18
https://blog.jonlu.ca/posts/ryan-air?ref=hnj20,51869,2026-09-20 18:23:43,200,1.000,3.000,18
https://blog.kinglycrow.com/,0,2026-09-20 18:23:43,404,1.000,3.000,18
https://abseil.io/docs/cpp/guides/synchronization,71563,2026-09-20 18:23:43,200,1.000,3.000,19
https://blog.nawaz.org/posts/2025/Dec/a-proclamation-regarding-the-restoration-of-the-dash/,11289,2026-09-20 18:23:43,200,1.000,3.000,18
https://blog.cryptographyengineering.com/2016/03/21/attack-of-week-apple-imessage/,125433,2026-09-20 18:23:43,200,1.000,3.000,19
https://blog.kowalczyk.info/article/wjRD/solo-founders-with-profitable-businesses-collected-stories.html,83758,2026-09-20 18:23:43,200,1.000,3.000,18
https://adriano.fyi/,22337,2026-09-20 18:23:43,200,1.000,3.000,18
https://aboutideasnow.com/about,8589,2026-09-20 18:23:43,200,1.000,3.000,19
https://blog.pecar.me/,14092,2026-09-20 18:23:43,200,1.000,3.000,18
https://blog.notmyhostna.me/,13371,2026-09-20 18:23:43,200,1.000,3.000,19
https://act.abcbirds.org/a/take-action-federal-osprey-menhaden-acq,18339,2026-09-20 18:23:43,200,1.000,3.000,19
https://blog.raed.dev/posts/framework-fatigue-the-real-reason-developers-get-angry-about-new-tech,22641,2026-09-20 18:23:43,200,1.000,3.000,18
http://blog.hamburger-fotospots.de/,38814,2026-09-20 18:23:43,200,1.000,3.000,19
http://ark.intel.com/products/64903/,0,2026-09-20 18:23:43,403,1.000,3.000,19
https://blog.lawrencejones.dev/compress-everything/,27668,2026-09-20 18:23:43,200,1.000,3.000,18
https://blog.openreplay.com/authors/aman-mittal,90503,2026-09-20 18:23:43,200,1.000,3.000,19
https://blog.picheta.me/,20253,2026-09-20 18:23:43,200,1.000,3.000,18
https://blog.kylekukshtel.com/feed.rss,0,2026-09-20 18:23:43,200,1.000,3.000,18
https://blog.miguelgrinberg.com/post/how-to-make-python-wait,82988,2026-09-20 18:23:43,200,1.000,3.000,18
https://blockchair.com/bitcoin-cash/block/969364,0,2026-09-20 18:23:43,401,1.000,3.000,19
https://blog.digitalbunker.dev/2020/08/27/how-do-time-based-one-time-password-totp-services-work/,0,2026-09-20 18:23:43,404,1.000,3.000,18
https://akirabox.com/gXeGOr266zAa/file,0,2026-09-20 18:23:44,403,1.000,3.000,19
http://blog.reverberate.org/2013/07/ll-and-lr-parsing-demystified.html,30444,2026-09-20 18:23:44,200,1.000,3.000,18
https://blog.kinglycrow.com/rss/,0,2026-09-20 18:23:44,404,1.000,3.000,18
https://blog.oberbrunner.com/,39568,2026-09-20 18:23:44,200,1.000,3.000,18
https://blog.kronis.dev/articles/never-update-anything,32517,2026-09-20 18:23:44,200,1.000,3.000,18
https://blog.orhun.dev/alpine-packaging-setup/,58949,2026-09-20 18:23:44,200,1.000,3.000,18
https://blog.sebastiansastre.co/,20080,2026-09-20 18:23:44,200,1.000,3.000,18
https://badkeys.info/,5284,2026-09-20 18:23:44,200,1.000,3.000,19
https://blog.shashanktomar.com/,63247,2026-09-20 18:23:44,200,1.000,3.000,18
https://blog.sentry.io/authors/aman-mittal,161323,2026-09-20 18:23:44,200,1.000,3.000,19
https://blog.hartwork.org/,42253,2026-09-20 18:23:44,200,1.000,3.000,19
https://blog.katzothek.de/?mtm_campaign=link&mtm_source=bastianoso&mtm_medium=webseite&mtm_placement=sidebar,125654,2026-09-20 18:23:44,200,1.000,3.000,19
https://blog.nytsoi.net/,33168,2026-09-20 18:23:44,200,1.000,3.000,18
http://blog.seanbonner.com/2010/02/01/ive-given-up-using-soap/,0,2026-09-20 18:23:44,404,1.000,3.000,18
https://blog.histofakt.de/,119541,2026-09-20 18:23:44,200,1.000,3.000,19
https://blog.startuptaxaccounting.com/,68091,2026-09-20 18:23:44,200,1.000,3.000,18
https://blog.vito.nyc/,15094,2026-09-20 18:23:44,200,1.000,3.000,18
https://blog.thestateofme.com/,223839,2026-09-20 18:23:44,200,1.000,3.000,18
https://blog.skz.dev/gradient-descent,14860,2026-09-20 18:23:44,200,1.000,3.000,18
https://blog.senko.net/sandboxing-ai-agents-in-linux,14118,2026-09-20 18:23:44,200,1.000,3.000,18
https://blog.terrygodier.com/2026/08/09/mea-culpa-dark-hours.html,7474,2026-09-20 18:23:44,200,1.000,3.000,18
https://blog.yossarian.net/2023/09/22/GitHub-Actions-could-be-so-much-better,43367,2026-09-20 18:23:44,200,1.000,3.000,18
https://blog.tedivm.com/,102531,2026-09-20 18:23:44,200,1.000,3.000,18
https://blog.yiningkarlli.com/2025/12/zootopia-2.html,53798,2026-09-20 18:23:44,200,1.000,3.000,18
https://agentcooper.io/about,2399,2026-09-20 18:23:44,200,1.000,3.000,20
https://blockchair.com/bitcoin-cash/block/969365,0,2026-09-20 18:23:44,401,1.000,3.000,19
https://blog.timac.org/2018/0717-macos-vpn-architecture/,23944,2026-09-20 18:23:44,200,1.000,3.000,18
https://blog.s9y.org/archives/278-Serendipity-2.1.3-released.html,23604,2026-09-20 18:23:44,200,1.000,3.000,19
https://asdf-vm.com/,32459,2026-09-20 18:23:44,200,1.000,3.000,19
http://arturkim.com/,678,2026-09-20 18:23:44,200,1.000,3.000,19
https://akirabox.com/ex5z2qpYl3Kq/file,0,2026-09-20 18:23:44,403,1.000,3.000,19
http://blogs.mcafee.com/mcafee-labs/analyzing-the-first-rop-only-sandbox-escaping-pdf-exploit,0,2026-09-20 18:23:44,0,1.000,3.000,19
https://blog.fuzzing-project.org/60-Optionsbleed-HTTP-OPTIONS-method-can-leak-Apaches-server-memory.html,43106,2026-09-20 18:23:44,200,1.000,3.000,19
http://blogs.zdnet.com/digitalID,0,2026-09-20 18:23:44,0,1.000,3.000,19
http://betalyst.com/,0,2026-09-20 18:23:44,307,1.000,3.000,19
https://bioviz-studio.com/,2552,2026-09-20 18:23:44,200,1.000,3.000,19
https://blog.tanelpoder.com/posts/visualizing-sql-plan-execution-time-with-flamegraphs/,25749,2026-09-20 18:23:44,200,1.000,3.000,18
http://blogs.the451group.com/opensource,0,2026-09-20 18:23:44,0,1.000,3.000,19
https://blog.webb.page/WM-025,18740,2026-09-20 18:23:44,200,1.000,3.000,18
https://blog.brixit.nl/alpine-linux-is-pretty-neat/,17505,2026-09-20 18:23:44,200,1.000,3.000,19
https://blog.citp.princeton.edu/2026/09/15/after-math/,217500,2026-09-20 18:23:44,200,1.000,3.000,19
http://blog.seanbonner.com/2015/08/10/betrayed/,0,2026-09-20 18:23:45,404,1.000,3.000,18
https://blog.yuo.be/about/,12958,2026-09-20 18:23:45,200,1.000,3.000,18
http://andrewmcafee.org/blog/,0,2026-09-20 18:23:45,404,1.000,3.000,19
http://blog.quarkslab.com/imessage-privacy.html,71510,2026-09-20 18:23:45,200,1.000,3.000,20
https://acrab.isi.jhu.edu/,0,2026-09-20 18:23:45,0,1.000,3.000,20
https://blogat.to/,27121,2026-09-20 18:23:45,200,1.000,3.000,19
https://bertolaccini.dev/,1796,2026-09-20 18:23:45,200,1.000,3.000,20
https://blog.max-fun.de/,227490,2026-09-20 18:23:45,200,1.000,3.000,18
http://blogs.zdnet.com/SAAS,0,2026-09-20 18:23:45,0,1.000,3.000,19
http://aviary.org/PF-NestCam1,237698,2026-09-20 18:23:45,200,1.000,3.000,19
https://bogomolov.work/,8297,2026-09-20 18:23:45,200,1.000,3.000,18
https://blog.urara.pl/feed,0,2026-09-20 18:23:45,200,1.000,3.000,18
https://blockchair.com/bitcoin-cash/block/969376,0,2026-09-20 18:23:45,401,1.000,3.000,19
http://archaeologik.blogspot.de/,332535,2026-09-20 18:23:45,200,1.000,3.000,20
https://blog.pinboard.in/2016/07/pinboard_turns_seven/,0,2026-09-20 18:23:45,0,1.000,3.000,19
https://16years.secvuln.info/,16605,2026-09-20 18:23:45,200,1.000,3.000,20
https://bojidar-bg.dev/now/,7825,2026-09-20 18:23:45,200,1.000,3.000,18
https://bower.sh/anti-pattern,7468,2026-09-20 18:23:45,200,1.000,3.000,18
http://blogs.sun.com/Gregp/,0,2026-09-20 18:23:45,403,1.000,3.000,19
https://bramcohen.com/feed,0,2026-09-20 18:23:45,200,1.000,3.000,18
https://akirabox.com/qPez4abVaGOY/file,0,2026-09-20 18:23:45,403,1.000,3.000,19
https://borisfx.com/products/sapphire,989307,2026-09-20 18:23:45,200,1.000,3.000,19
https://breachattack.com/,21538,2026-09-20 18:23:45,200,1.000,3.000,19
https://breaking-the-fourth-wall.com/,85822,2026-09-20 18:23:45,200,1.000,3.000,18
http://blog.pmarca.com/,312840,2026-09-20 18:23:45,200,1.000,3.000,19
https://bret.dk/,368850,2026-09-20 18:23:45,200,1.000,3.000,18
https://blowfish.page/,318585,2026-09-20 18:23:45,200,1.000,3.000,19
https://6abc.com/post/academy-natural-sciences-museum-close-200-years/19776095/,291453,2026-09-20 18:23:46,200,1.000,3.000,21
https://billypenn.com/2026/09/03/academy-of-natural-sciences-closure-what-we-know/,287084,2026-09-20 18:23:46,200,1.000,3.000,21
http://beust.com/weblog/,141826,2026-09-20 18:23:46,200,1.000,3.000,19
https://brendaneich.com/2013/10/the-bridge-of-khazad-drm/,165237,2026-09-20 18:23:46,200,1.000,3.000,19
https://blockchair.com/bitcoin-cash/block/969383,0,2026-09-20 18:23:46,401,1.000,3.000,19
https://berlin2024.mini.debconf.org/talks/17-breaking-dkim-and-bimi-with-the-2008-debian-openssl-bug/,5710,2026-09-20 18:23:46,200,1.000,3.000,21
https://balladsofbeyond.com/home,164384,2026-09-20 18:23:46,200,1.000,3.000,19
https://akirabox.com/Xkrzoxe8kGBO/file,0,2026-09-20 18:23:46,403,1.000,3.000,19
https://ansp.org/learn/Journal-Archive/2026/September/changing-the-future-of-the-academy,294522,2026-09-20 18:23:46,200,1.000,3.000,21
http://blog.capitalscf.com/,0,2026-09-20 18:23:46,0,1.000,3.000,19
https://amp.dw.com/de/wie-umgehen-mit-nazi-devotionalien/a-60533474,278673,2026-09-20 18:23:46,200,1.000,3.000,21
https://blogs50plus.de/,82171,2026-09-20 18:23:46,200,1.000,3.000,19
https://boxed.news/2026/09/01/boxed-news-mini-pcs-first-issue,54735,2026-09-20 18:23:46,200,1.000,3.000,19
https://bruceediger.com/posts/tftp-honeypot-results/,18903,2026-09-20 18:23:46,200,1.000,3.000,18
https://broderic.blog/post/moving-away-from-netlify/,19254,2026-09-20 18:23:46,200,1.000,3.000,18
https://answersingenesis.org/about/statement-of-accountability/,41417,2026-09-20 18:23:46,200,1.000,3.000,21
https://billypenn.fundjournalism.org/donate/?campaign=7013i000000PuZHAA0,0,2026-09-20 18:23:46,403,1.000,3.000,22
https://brodzinski.com/2026/07/3x-pull-request-size-ai.html,114012,2026-09-20 18:23:46,200,1.000,1.893,18
https://breathesbooks.com/feed/,0,2026-09-20 18:23:46,200,1.000,3.000,18
http://blog.ottonenzeit.de/,72065,2026-09-20 18:23:46,200,1.000,3.000,20
https://brush.ninja/,61843,2026-09-20 18:23:46,200,1.000,3.000,19
http://brettterpstra.com/2012/12/08/a-useful-caps-lock-key/,38779,2026-09-20 18:23:46,200,1.000,3.000,18
http://blog.dopplr.com/,43205,2026-09-20 18:23:46,200,1.000,3.000,19
https://amanzblog.hypotheses.org/,5295,2026-09-20 18:23:46,200,1.000,3.000,21
https://buzzheavier.com/e76alzmi1dlv,0,2026-09-20 18:23:46,403,1.000,3.000,19
https://amanz-balismink.rproxy.rz.uni-bamberg.de/balismink/index.php/Hauptseite,26831,2026-09-20 18:23:47,200,1.000,3.000,21
https://brightrecruits.com/physicsworld-jobs/,0,2026-09-20 18:23:47,0,1.000,3.000,20
https://bobbylox.com/blog,140709,2026-09-20 18:23:47,200,1.000,3.000,18
https://bt4gprx.com/dmca,8343,2026-09-20 18:23:47,200,1.000,3.000,19
https://appleinsider.com/articles/26/08/31/ai-needs-more-macs-but-not-for-the-reason-you-might-assume,138579,2026-09-20 18:23:47,200,1.000,3.000,20
https://28261.blackbaudhosting.com/28261/tickets?tab=3&txobjid=3c299ac7-49f7-4d01-a9b2-f2c6d921211d,64681,2026-09-20 18:23:47,200,1.000,3.000,22
http://burtleburtle.net/bob/hash/spooky.html,9406,2026-09-20 18:23:47,200,1.000,3.000,19
https://blockchair.com/bitcoin-cash/block/969369,0,2026-09-20 18:23:47,401,1.000,3.000,19
https://about.censys.io/,3223,2026-09-20 18:23:47,200,1.000,3.000,19
https://billypenn.fundjournalism.org/?amount=15.0&frequency=monthly&org_id=billypenn&campaign=7013i000000r4cYAAQ,0,2026-09-20 18:23:47,403,1.000,3.000,22
https://akirabox.com/0rpmvLvbLzRg/file,0,2026-09-20 18:23:47,403,1.000,3.000,19
https://blog.ryotak.net/post/github-actions-staff-access-token-en/,23172,2026-09-20 18:23:47,200,1.000,3.000,19
https://build.ms/about,21231,2026-09-20 18:23:47,200,1.000,3.000,18
https://buer.haus/2019/10/18/a-tale-of-exploitation-in-spreadsheet-file-conversions/,32961,2026-09-20 18:23:47,200,1.000,3.000,19
https://calpaterson.com/calpaterson.rss,0,2026-09-20 18:23:47,200,1.000,3.000,18
https://burakku.com/blog/rye-test-and-python-tools/,17064,2026-09-20 18:23:47,200,1.000,3.000,18
https://app.opencve.io/cve/?vendor=tftp,25474,2026-09-20 18:23:47,200,1.000,3.000,19
https://buzzheavier.com/ymeac8ci06q7,0,2026-09-20 18:23:47,403,1.000,3.000,19
http://cerebralmum.com/,0,2026-09-20 18:23:47,0,1.000,3.000,19
https://acemagic.com/products/x5-mini-pc,1404337,2026-09-20 18:23:47,200,1.000,3.000,20
https://archaeologie-niedersachsen.de/protestnote-der-dgamn?_hash=xUBeLaBELV4flPBGic2gmtVCqxU3dHgTU2kKAj0FNYw&ctx=a%3A1%3A%7Bs%3A2%3A%22id%22%3Bi%3A3872%3B%7D&d=attachment&f=20260827_Protestnote_DGAMN_Geplante_AenderungNDSchG_Niedersachsen.pdf&p=ban%2FAktuelles%2F2026%2F08%2F20260827_Protestnote_DGAMN_Geplante_AenderungNDSchG_Niedersachsen.pdf,0,2026-09-20 18:23:47,200,1.000,3.000,21
https://campedersen.com/rayon-mutex-deadlock,89027,2026-09-20 18:23:47,200,1.000,3.000,18
http://caustictech.typepad.com/caustictech/,0,2026-09-20 18:23:47,403,1.000,3.000,19
https://blockchair.com/bitcoin-cash/block/969391,0,2026-09-20 18:23:47,401,1.000,3.000,19
https://catswhisker.xyz/about/,6545,2026-09-20 18:23:47,200,1.000,3.000,18
https://akirabox.com/E9Qz9kKwJmOL/file,0,2026-09-20 18:23:48,403,1.000,3.000,19
https://blogs.uni-bremen.de/eule/2025/05/11/forschung-unter-druck-wissenschaftsfeindlichkeit-und-die-neue-rechte/,91943,2026-09-20 18:23:48,200,1.000,3.000,21
https://blog.twitter.com/en_us/topics/company/2019/health-update.html,0,2026-09-20 18:23:48,403,1.000,3.000,19
https://catbox.tech/,10094,2026-09-20 18:23:48,200,1.000,3.000,19
http://almaer.com/blog,0,2026-09-20 18:23:48,0,1.000,3.000,19
https://buergerbeteiligung.sachsen.de/portal/sk/beteiligung/themen/1066121,62074,2026-09-20 18:23:48,200,1.000,3.000,21
https://bugs.gentoo.org/631308,43175,2026-09-20 18:23:48,200,1.000,3.000,20
https://bonn.social/@Johannes,56484,2026-09-20 18:23:48,200,1.000,3.000,18
https://blogissimo.de/,95756,2026-09-20 18:23:48,200,1.000,3.000,18
https://bonn.pics/johannes,0,2026-09-20 18:23:48,0,1.000,3.000,19
https://bookmarks.scoffb.in/bookmarks/shared?user=ttscoff,379801,2026-09-20 18:23:48,200,1.000,3.000,19
https://buzzheavier.com/0lxseyv9y4hw,0,2026-09-20 18:23:48,403,1.000,3.000,19
http://buildaconsultancy.com/,18069,2026-09-20 18:23:48,200,1.000,3.000,19
http://bettertouchtool.net/,2919,2026-09-20 18:23:48,200,1.000,3.000,19
https://brett.trpstra.net/brettterpstra,0,2026-09-20 18:23:48,200,1.000,3.000,19
https://blockchair.com/bitcoin-cash/block/969387,0,2026-09-20 18:23:48,401,1.000,3.000,19
https://brittalanghoff.de/,135435,2026-09-20 18:23:48,200,1.000,3.000,20
https://bytecellar.com/2020/10/27/looking-back-on-35-years-as-an-amiga-user/,129201,2026-09-20 18:23:48,200,1.000,3.000,18
https://acemagic.co/,604920,2026-09-20 18:23:48,200,1.000,3.000,21
https://cfhcable.com/?utm_source=academictorrents,141773,2026-09-20 18:23:48,200,1.000,3.000,19
https://cellio.org/,7344,2026-09-20 18:23:48,200,1.000,3.000,18
https://acemagic.de/,749133,2026-09-20 18:23:49,200,1.000,3.000,21
https://acemagic.fr/,944891,2026-09-20 18:23:49,200,1.000,3.000,21
https://akirabox.com/b5Ozdpd5yzB8/file,0,2026-09-20 18:23:49,403,1.000,3.000,19
https://allunix.ru/2013/10/28/%d1%81%d0%be%d0%b7%d0%b4%d0%b0%d1%82%d0%b5%d0%bb%d1%8c-%d1%8f%d0%b7%d1%8b%d0%ba%d0%b0-javascript-%d0%b2%d1%8b%d1%81%d1%82%d1%83%d0%bf%d0%b8%d0%bb-%d0%bf%d1%80%d0%be%d1%82,38069,2026-09-20 18:23:49,200,1.000,3.000,20
https://cern.service-now.com/service-portal?id=privacy_policy&se=Arts-At-CERN&notice=collide-application,167746,2026-09-20 18:23:49,200,1.000,3.000,21
https://bitbashchicago.com/,96448,2026-09-20 18:23:49,200,1.000,3.000,19
https://acemagic.mx/,669310,2026-09-20 18:23:49,200,1.000,3.000,21
https://catbox.plus/,4921,2026-09-20 18:23:49,200,1.000,3.000,20
https://buzzheavier.com/k2fjk1vpnnu8,0,2026-09-20 18:23:49,403,1.000,3.000,19
https://berthascookbook.com/,105549,2026-09-20 18:23:49,200,1.000,3.000,20
http://amigalove.com/,0,2026-09-20 18:23:49,403,1.000,3.000,19
https://catbox.help/,20818,2026-09-20 18:23:49,200,1.000,3.000,20
http://amiwest.net/,25358,2026-09-20 18:23:49,200,1.000,3.000,19
http://americancynic.net/,9870,2026-09-20 18:23:49,200,1.000,3.000,19
https://acemagic.it/,735429,2026-09-20 18:23:49,200,1.000,3.000,21
https://blockchair.com/bitcoin-cash/block/969379,0,2026-09-20 18:23:49,401,1.000,3.000,19
https://acemagic.es/,739073,2026-09-20 18:23:49,200,1.000,3.000,21
https://acemagic.uk/,626045,2026-09-20 18:23:49,200,1.000,3.000,21
https://acemagic.jp/,937786,2026-09-20 18:23:49,200,1.000,3.000,21
https://acemagic.eu/,861621,2026-09-20 18:23:49,200,1.000,3.000,21
https://bhopstudio.com/floodtide,118293,2026-09-20 18:23:49,200,1.000,3.000,20
https://bln41.de/bar-oder-unbar/,20950,2026-09-20 18:23:49,200,1.000,3.000,19
http://chat.mimora.com/common/chat.mpl?roomnum=851711,1813,2026-09-20 18:23:49,200,1.000,3.000,17
https://charliebleecker.com/,10850,2026-09-20 18:23:49,200,1.000,3.000,14
https://beatforfree.com/board.html,119362,2026-09-20 18:23:49,200,1.000,3.000,20
http://asciidoctor.org/,38737,2026-09-20 18:23:49,200,1.000,3.000,19
https://allgoodfolks.com/trigger,2195031,2026-09-20 18:23:49,200,1.000,3.000,20
https://akirabox.com/qPez4ab0xGOY/file,0,2026-09-20 18:23:49,403,1.000,3.000,19
https://blakespot.com/nms/foundation-help-links.php,9185,2026-09-20 18:23:49,200,1.000,3.000,19
https://charlespetzold.com/,1964,2026-09-20 18:23:50,200,1.000,3.000,18
https://buzzheavier.com/gzllcs1ssl0i,0,2026-09-20 18:23:50,404,1.000,3.000,19
https://charron.dev/,29156,2026-09-20 18:23:50,200,1.000,3.000,17
http://businessoffreelancing.com/,0,2026-09-20 18:23:50,200,1.000,3.000,20
https://chadnet.org/,950,2026-09-20 18:23:50,200,1.000,3.000,18
https://chapeldown.com/,452183,2026-09-20 18:23:50,200,1.000,3.000,19
https://chat.think2earn.com/,9312,2026-09-20 18:23:50,200,1.000,3.000,18
https://blockchair.com/bitcoin-cash/block/969370,0,2026-09-20 18:23:50,401,1.000,3.000,19
https://checkmatechamp.net/,73,2026-09-20 18:23:50,200,1.000,3.000,17
https://boastr.net/free_legacy_license.bttlicense,0,2026-09-20 18:23:50,200,1.000,3.000,20
https://cheddarapp.com/account ,0,2026-09-20 18:23:50,404,1.000,3.000,19
https://cheapskatesguide.org/resistance-infrastructure.html,5389,2026-09-20 18:23:50,200,1.000,3.000,16
https://aigenmusic.com/,140326,2026-09-20 18:23:50,200,1.000,3.000,19
https://checkmate.so/,496304,2026-09-20 18:23:50,200,1.000,3.000,20
https://buzzheavier.com/xnm4ulm22xxj,0,2026-09-20 18:23:50,403,1.000,3.000,19
https://chimera-linux.org/,7839,2026-09-20 18:23:50,200,1.000,3.000,18
https://akirabox.com/QN9mEK29yz6d/file,0,2026-09-20 18:23:50,403,1.000,3.000,19
http://botfodder.com/index.php/2017/01/11/no-mans-sky-find-crashed-ships/,52192,2026-09-20 18:23:50,200,1.000,3.000,20
https://chequity.io/r/5C67C1C1,17209,2026-09-20 18:23:50,200,1.000,3.000,18
https://amigaonthelake.com/,128881,2026-09-20 18:23:50,200,1.000,3.000,20
https://basaltformac.com/,60008,2026-09-20 18:23:50,200,1.000,3.000,20
https://chimbosonic.com/,19865,2026-09-20 18:23:51,200,1.000,3.000,17
https://checkpointgaming.net/news/2022/01/troy-baker-angers-the-internet-with-nft-partnership/,64767,2026-09-20 18:23:51,200,1.000,3.000,19
https://chipsandcheese.com/p/amds-zen-4-part-1-frontend-and-execution-engine,451635,2026-09-20 18:23:51,200,1.000,3.000,19
https://blockchair.com/bitcoin-cash/block/969393,0,2026-09-20 18:23:51,401,1.000,3.000,19
https://blog.sengotta.net/blogparade-bar-oder-unbar/,83692,2026-09-20 18:23:51,200,1.000,3.000,20
https://chittur.dev/,7567,2026-09-20 18:23:51,200,1.000,3.000,17
https://amigastore.eu/,153943,2026-09-20 18:23:51,200,1.000,3.000,20
https://choosealicense.com/,10536,2026-09-20 18:23:51,200,1.000,3.000,18
https://bluewavelabs.ca/,42089,2026-09-20 18:23:51,200,1.000,3.000,21
https://chino.is-a.dev/,30549,2026-09-20 18:23:51,200,1.000,1.893,17
https://chknz.org/,1236,2026-09-20 18:23:51,200,1.000,3.000,16
https://chris-besch.com/,23587,2026-09-20 18:23:51,200,1.000,3.000,18
https://chris-corby.com/?ref=A2A,20578,2026-09-20 18:23:51,200,1.000,3.000,19
https://cado-nfs.gitlabpages.inria.fr/,8383,2026-09-20 18:23:51,200,1.000,3.000,19
https://chollinger.com/,56149,2026-09-20 18:23:51,200,1.000,3.000,18
https://buzzheavier.com/9k5wbland994,0,2026-09-20 18:23:51,403,1.000,3.000,19
https://akirabox.com/QN9mEK27Lz6d/file,0,2026-09-20 18:23:51,403,1.000,3.000,19
https://chias.blog/,35966,2026-09-20 18:23:51,200,1.000,3.000,14
https://chitter.xyz/@batbeeps/113305623433128942,24431,2026-09-20 18:23:51,200,1.000,3.000,19
https://chriscoyier.net/,58035,2026-09-20 18:23:51,200,1.000,3.000,14
https://chicky.blog/,75157,2026-09-20 18:23:51,200,1.000,3.000,19
https://blockchair.com/bitcoin-cash/block/969384,0,2026-09-20 18:23:51,401,1.000,3.000,19
https://chrisenns.com/,58439,2026-09-20 18:23:51,200,1.000,3.000,14
https://cheztervargas.com/,35490,2026-09-20 18:23:51,200,1.000,3.000,15
https://chrisglass.com/,106710,2026-09-20 18:23:51,200,1.000,3.000,14
https://chrisdodds.net/,28815,2026-09-20 18:23:51,200,1.000,3.000,14
http://chris.improbable.org/2013/10/4/dear-eff/,21627,2026-09-20 18:23:51,200,1.000,3.000,19
https://chris.funderburg.me/,29585,2026-09-20 18:23:52,200,1.000,3.000,17
https://chrisblackwell.me/,94103,2026-09-20 18:23:52,200,1.000,3.000,17
https://cheziceman.fr/,6610,2026-09-20 18:23:52,200,1.000,3.000,17
https://chotrin.org/,7391,2026-09-20 18:23:52,200,1.000,3.000,14
https://2600.dp42.dev/,0,2026-09-20 18:23:52,200,1.000,3.000,18
https://chrisferdinandi.com/,71830,2026-09-20 18:23:52,200,1.000,3.000,15
https://checkpointgaming-merchandise.square.site/,42415,2026-09-20 18:23:52,200,1.000,3.000,20
https://allgoodfolks.lemonsqueezy.com/checkout/buy/d877f391-e030-44cd-bab8-23a0c5e2d22d?embed=1,286076,2026-09-20 18:23:52,200,1.000,3.000,21
https://chriskiehl.com/,105995,2026-09-20 18:23:52,200,1.000,3.000,18
https://chrishannah.me/,58667,2026-09-20 18:23:52,200,1.000,3.000,14
https://barnbrook.net/,194433,2026-09-20 18:23:52,200,1.000,3.000,20
https://blockchair.com/bitcoin-cash/block/969385,0,2026-09-20 18:23:52,401,1.000,3.000,19
https://ccbbirds.org/,0,2026-09-20 18:23:52,0,1.000,3.000,19
https://chrismcleod.dev/,24206,2026-09-20 18:23:52,200,1.000,3.000,14
https://choice4music.com/,68900,2026-09-20 18:23:52,200,1.000,3.000,19
https://akirabox.com/LJlGn9A8ez15/file,0,2026-09-20 18:23:52,403,1.000,3.000,19
https://buzzheavier.com/1da7kjgawac0,0,2026-09-20 18:23:52,404,1.000,3.000,19
https://chrisalemany.ca/,134085,2026-09-20 18:23:52,200,1.000,3.000,18
https://cherrylivelight.com/,114343,2026-09-20 18:23:52,200,1.000,3.000,19
http://chrissmith.tech/,2565,2026-09-20 18:23:52,200,1.000,3.000,20
https://chrisburnell.com/,115150,2026-09-20 18:23:52,200,1.000,3.000,14
https://apod.nasa.gov/apod/astropix.html,6373,2026-09-20 18:23:52,200,1.000,3.000,15
https://chillr.de/feed/,0,2026-09-20 18:23:52,200,1.000,3.000,18
https://chrisjung.xyz/,12022,2026-09-20 18:23:53,200,1.000,3.000,14
https://chrislaux.com/,9446,2026-09-20 18:23:53,200,1.000,3.000,17
https://chillsubs.com/,58242,2026-09-20 18:23:53,200,1.000,3.000,15
https://christattooer.com/,9853,2026-09-20 18:23:53,200,1.000,3.000,17
https://catbox.llc/,0,2026-09-20 18:23:53,0,1.000,3.000,19
https://chrisnager.com/,36907,2026-09-20 18:23:53,200,1.000,3.000,17
https://chrismcleod.photos/,69987,2026-09-20 18:23:53,200,1.000,3.000,15
https://christopher.org/,68931,2026-09-20 18:23:53,200,1.000,3.000,15
https://chrishannah.dev/,25875,2026-09-20 18:23:53,200,1.000,3.000,15
https://chrisrantsatclouds.onlineornot.com/,86806,2026-09-20 18:23:53,200,1.000,3.000,18
https://bocan.dev/,52885,2026-09-20 18:23:53,200,1.000,3.000,18
https://chrissmaje.com/,80916,2026-09-20 18:23:53,200,1.000,3.000,14
https://blockchair.com/bitcoin-cash/block/969381,0,2026-09-20 18:23:53,401,1.000,3.000,19
https://chriswiegman.com/,6207,2026-09-20 18:23:53,200,1.000,3.000,15
https://chrisportela.com/,7082,2026-09-20 18:23:53,200,1.000,3.000,17
https://asterisk.apod.com/discuss_apod.php?date=260920,0,2026-09-20 18:23:53,403,1.000,3.000,16
https://buzzheavier.com/ansgi95gsfzd,0,2026-09-20 18:23:53,403,1.000,3.000,19
https://akirabox.com/Xkrzoxe0RGBO/file,0,2026-09-20 18:23:53,403,1.000,3.000,19
https://chromora.com/,15735,2026-09-20 18:23:53,200,1.000,3.000,17
https://christianheilmann.com/feed/,0,2026-09-20 18:23:53,200,1.000,3.000,18
https://annas-archive.gl/,178928,2026-09-20 18:23:53,200,1.000,3.000,15
https://apod.com/feed.rss,0,2026-09-20 18:23:53,200,1.000,3.000,16
https://checkout.dodopayments.com/buy/pdt_0Nkk6hi7cUp49g0GhO7Hi?quantity=1&redirect_url=https%3A%2F%2Fbasaltformac.com%2Fthanks.html,124048,2026-09-20 18:23:53,200,1.000,3.000,21
https://christopherhimes.com/,54204,2026-09-20 18:23:53,200,1.000,3.000,18
https://chromestatus.com/,3710,2026-09-20 18:23:53,200,1.000,3.000,18
https://chriswestover.com/,21260,2026-09-20 18:23:53,200,1.000,3.000,14
https://chronicwounds.neocities.org/,13493,2026-09-20 18:23:53,200,1.000,0.512,15
https://chs.us/2026/03/csp-toolkit/,44596,2026-09-20 18:23:53,200,1.000,3.000,18
https://christiantiefenau.de/,13442,2026-09-20 18:23:53,200,1.000,3.000,17
https://ciosyam.xyz/,0,2026-09-20 18:23:53,0,1.000,3.000,16
https://agro.biodiver.se/,93622,2026-09-20 18:23:54,200,1.000,3.000,15
https://blockchair.com/bitcoin-cash/block/969382,0,2026-09-20 18:23:54,401,1.000,3.000,19
https://chuniversiteit.nl/papers/svelte-is-fast,78400,2026-09-20 18:23:54,200,1.000,3.000,18
https://christiantietze.de/now/,6649,2026-09-20 18:23:54,200,1.000,3.000,18
https://2026.stateofthebrowser.com/,37755,2026-09-20 18:23:54,200,1.000,3.000,15
https://churchoftur.ing/,4453,2026-09-20 18:23:54,200,1.000,3.000,18
https://chronosaur.us/,24696,2026-09-20 18:23:54,200,1.000,3.000,14
https://cinnamon-spices.linuxmint.com/,0,2026-09-20 18:23:54,307,1.000,3.000,17
https://chrismorgan.info/blog/introducing-teepee.html,22476,2026-09-20 18:23:54,200,1.000,3.000,18
https://chuck.is/,1633,2026-09-20 18:23:54,200,1.000,3.000,14
https://chromestory.com/,180050,2026-09-20 18:23:54,200,1.000,3.000,15
https://buzzheavier.com/yimrw8lkics3,0,2026-09-20 18:23:54,403,1.000,3.000,19
https://cidoku.net/en/,4539,2026-09-20 18:23:54,200,1.000,3.000,16
https://akirabox.com/gXeGOr2OazAa/file,0,2026-09-20 18:23:54,403,1.000,3.000,19
https://chubs.tubsandchubs.com/,12101,2026-09-20 18:23:54,200,1.000,3.000,15
https://cir-europa.neocities.org/,178393,2026-09-20 18:23:54,200,1.000,0.510,15
https://blog.codepen.io/2022/04/06/362-chris-nager,90942,2026-09-20 18:23:54,200,1.000,3.000,18
https://chriskrycho.com/,22704,2026-09-20 18:23:54,200,1.000,3.000,14
https://avidemux.sourceforge.net/,0,2026-09-20 18:23:54,403,1.000,3.000,16
https://blockchair.com/bitcoin-cash/block/969366,0,2026-09-20 18:23:54,401,1.000,3.000,19
https://ciechanow.ski/,163892,2026-09-20 18:23:54,200,1.000,3.000,14
https://chuckcarroll.net/,1706,2026-09-20 18:23:54,200,1.000,3.000,15
https://annas-archive.gd/,178928,2026-09-20 18:23:54,200,1.000,3.000,16
https://ahmetfiratusta.com/,1671,2026-09-20 18:23:54,200,1.000,3.000,18
https://bearblog.octothorp.es/,0,2026-09-20 18:23:54,200,1.000,3.000,15
https://briangardner.com/suede/,119129,2026-09-20 18:23:54,200,1.000,3.000,16
https://chrrp.eu/,32182,2026-09-20 18:23:55,200,1.000,3.000,20
https://cinemasugar.com/posts/review-late-shift-petra-volpe,124224,2026-09-20 18:23:55,200,1.000,3.000,15
https://civwatch.co/archives/sunday-edition-2/,0,2026-09-20 18:23:55,0,1.000,3.000,19
http://bookswarm.co.uk/,468774,2026-09-20 18:23:55,200,1.000,3.000,15
https://circlejerk.blog/,7515,2026-09-20 18:23:55,200,1.000,3.000,17
https://cinni.net/,7153,2026-09-20 18:23:55,200,1.000,3.000,16
http://cgi1.ebay.com/ws/eBayISAPI.dll?CloseAccount ,498589,2026-09-20 18:23:55,200,1.000,3.000,19
http://badnoise.net/TypeRip/,0,2026-09-20 18:23:55,404,1.000,3.000,16
https://caliber.az/en/post/south-korea-seeks-international-partners-to-preserve-climate-resilient-plants/,90773,2026-09-20 18:23:55,200,1.000,3.000,16
https://akirabox.com/5pVzNw2ZXG7w/file,0,2026-09-20 18:23:55,403,1.000,3.000,19
https://buzzheavier.com/auicbjsskvl6,0,2026-09-20 18:23:55,404,1.000,3.000,19
https://city-of-cleveland-heights.hive-pages.com/email-phone-number-capture,26122,2026-09-20 18:23:55,200,1.000,3.000,16
https://cifa-deutschland.de/fachpolitik/stellungnahmen-und-kommentare,127748,2026-09-20 18:23:55,200,1.000,3.000,21
https://2026celebration.breadfruitpeople.com/,296797,2026-09-20 18:23:55,200,1.000,3.000,16
https://blorbo.social/@manipulatedstars,55991,2026-09-20 18:23:55,200,1.000,3.000,15
https://cjquines.aweb.page/p/0a2d21f0-276f-42a1-87d2-c9bf8b345386,10296,2026-09-20 18:23:55,200,1.000,3.000,15
https://blockchair.com/bitcoin-cash/block/969367,0,2026-09-20 18:23:55,401,1.000,3.000,19
https://claim.equilibria.xyz/,670,2026-09-20 18:23:55,200,1.000,3.000,21
https://ccbbirds.org/2023/07/14/the-center-for-conservation-biology-documents-unprecedented-osprey-nest-failures-within-the-lower-chesapeake-bay/,203779,2026-09-20 18:23:55,200,1.000,3.000,19
https://cisat.dk/,36024,2026-09-20 18:23:55,200,1.000,3.000,20
https://cirt.net/Nikto2,147076,2026-09-20 18:23:55,200,1.000,3.000,19
https://citizen428.net/,8699,2026-09-20 18:23:55,200,1.000,3.000,17
https://cifertech.net/contents,113090,2026-09-20 18:23:55,200,1.000,3.000,18
http://cimolin.net/,65886,2026-09-20 18:23:55,200,1.000,3.000,17
http://barkhu.us/,29941,2026-09-20 18:23:55,200,1.000,3.000,21
https://clarale.com/,11532,2026-09-20 18:23:55,200,1.000,3.000,17
https://claration.dev/,34293,2026-09-20 18:23:55,200,1.000,3.000,22
https://citrons.xyz/a/memetic-apioform-page.html,6399,2026-09-20 18:23:55,200,1.000,3.000,20
https://ciroesposito.com/,11528,2026-09-20 18:23:55,200,1.000,3.000,14
https://applesandpeople.org.uk/savouring-old-apple-varieties/,107320,2026-09-20 18:23:55,200,1.000,3.000,16
https://alessandrobruni.name/,10876,2026-09-20 18:23:55,200,1.000,3.000,21
https://civitai.com/models/63376/isometric-chinese-style-architecture-lora,201582,2026-09-20 18:23:55,200,1.000,3.000,19
https://cjtype.com/,237307,2026-09-20 18:23:55,200,1.000,3.000,18
https://annas-archive.pk/,178928,2026-09-20 18:23:55,200,1.000,3.000,16
https://clagnut.com/blog/2424,17183,2026-09-20 18:23:55,200,1.000,3.000,18
https://claytonerrington.com/blog/improving-the-webring-links/?utm_source=rss,36906,2026-09-20 18:23:56,200,1.000,3.000,17
https://classnames.paulrobertlloyd.com/,8072,2026-09-20 18:23:56,200,1.000,3.000,18
https://app.hive.co/terms_of_use/,156450,2026-09-20 18:23:56,200,1.000,3.000,17
https://chrislewis.codes/,0,2026-09-20 18:23:56,0,1.000,3.000,19
https://akirabox.com/E1x3A82enmyk/file,0,2026-09-20 18:23:56,403,1.000,3.000,19
https://blockchair.com/bitcoin-cash/block/969371,0,2026-09-20 18:23:56,401,1.000,3.000,19
https://buzzheavier.com/v95uols7vrs3,0,2026-09-20 18:23:56,404,1.000,3.000,19
https://besec.uni-bonn.de/,44085,2026-09-20 18:23:56,200,1.000,3.000,18
https://cleberg.net/,3224,2026-09-20 18:23:56,200,1.000,3.000,14
https://cli.sentry.dev/,44421,2026-09-20 18:23:56,200,1.000,3.000,20
https://cli.club/,101395,2026-09-20 18:23:56,200,1.000,3.000,17
https://clandestinedistribution.com/,582653,2026-09-20 18:23:56,200,1.000,3.000,18
https://class.ivalice.org/,1858,2026-09-20 18:23:56,200,1.000,3.000,16
https://classicreload.com/,70656,2026-09-20 18:23:56,200,1.000,3.000,18
https://caitlyn.moe/,0,2026-09-20 18:23:56,0,1.000,3.000,23
http://clandestini.org/,192310,2026-09-20 18:23:56,200,1.000,3.000,14
https://bookbindr.com/,286320,2026-09-20 18:23:56,200,1.000,3.000,16
https://classbarmag.com/news/fullstory.php/aid/1271/Mastering_the_bar_experience%3A_Kevin_Armstrong_on_ten_years_of_Satan_s_Whiskers_.html,47771,2026-09-20 18:23:56,200,1.000,3.000,19
https://app.thestorygraph.com/profile/clandestini,0,2026-09-20 18:23:56,403,1.000,3.000,15
https://clerk.dev/docs/authentication/session-options,928960,2026-09-20 18:23:56,200,1.000,3.000,19
https://clap.fc2.com/post/situstjo/?url=https%3A%2F%2Fsitustjo.neocities.org%2Fberanda&title=Web+Clap+by+FC2,17216,2026-09-20 18:23:56,200,1.000,1.893,16
https://clients.hostwinds.com/clientarea.php,0,2026-09-20 18:23:56,403,1.000,3.000,20
https://clintmcmahon.com/,23251,2026-09-20 18:23:56,200,1.000,3.000,14
https://clearleft.com/,31290,2026-09-20 18:23:56,200,1.000,3.000,15
https://blockchair.com/bitcoin-cash/block/969372,0,2026-09-20 18:23:56,401,1.000,3.000,19
https://buzzheavier.com/6dy63pumeux6,0,2026-09-20 18:23:56,403,1.000,3.000,19
http://cliques.eternal-hunt.pw/song,0,2026-09-20 18:23:56,0,1.000,3.000,16
https://akirabox.com/wgWGqxo1az4o/file,0,2026-09-20 18:23:56,403,1.000,3.000,19
https://cataclysmdda.org/,10176,2026-09-20 18:23:56,200,1.000,3.000,18
http://clhs.lisp.se/Body/s_unwind.htm,9965,2026-09-20 18:23:56,200,1.000,3.000,19
https://cleverdevil.io/,178478,2026-09-20 18:23:56,200,1.000,3.000,17
https://clew.se/,1904,2026-09-20 18:23:56,200,1.000,3.000,18
https://clevelandmagazine.com/articles/canadian-wildfire-smoke-causes-hazardous-air-quality-in-northeast-ohio/,88716,2026-09-20 18:23:56,200,1.000,3.000,15
https://app.getbeamer.com/hivedotco/en,21971,2026-09-20 18:23:56,200,1.000,3.000,18
https://climate-friendly-cooking.com/,44336,2026-09-20 18:23:56,200,1.000,3.000,17
https://allianceindependentauthors.org/?affid=14176,330606,2026-09-20 18:23:57,200,1.000,3.000,16
https://audit-labs.dev/,14053,2026-09-20 18:23:57,200,1.000,3.000,15
https://cdda-guide.nornagon.net/,1282,2026-09-20 18:23:57,200,1.000,3.000,19
https://cliques.gensoukai.net/dye/,0,2026-09-20 18:23:57,0,1.000,3.000,16
https://aerc-mail.org/,2990,2026-09-20 18:23:57,200,1.000,3.000,18
https://cloudworld.neocities.org/,2296,2026-09-20 18:23:57,200,1.000,0.508,15
https://cleanwithcrumb.com/,35874,2026-09-20 18:23:57,200,1.000,3.000,20
https://6xq.net/pianobar/,16643,2026-09-20 18:23:57,200,1.000,3.000,18
https://clownbonk.neocities.org/links,36039,2026-09-20 18:23:57,200,1.000,0.508,15
https://closefactor.com/,32460,2026-09-20 18:23:57,200,1.000,3.000,18
https://cloudmagic.com/a/v2/preferences ,0,2026-09-20 18:23:57,404,1.000,3.000,19
https://buzzheavier.com/kq1xsh2c475d,0,2026-09-20 18:23:57,403,1.000,3.000,19
https://cloudconvert.com/,76010,2026-09-20 18:23:57,200,1.000,3.000,16
https://alacritty.org/,4709,2026-09-20 18:23:57,200,1.000,3.000,18
https://akirabox.com/1RgzRN2MPzbp/file,0,2026-09-20 18:23:57,403,1.000,3.000,19
https://classic-computers.org.nz/,7308,2026-09-20 18:23:57,200,1.000,3.000,17
https://calcurse.org/,4023,2026-09-20 18:23:57,200,1.000,3.000,18
https://cleverdevil.club/@jonathan/117295311397122570,56470,2026-09-20 18:23:57,200,1.000,3.000,18
http://clipart-library.com/jauns-izgudrojums-kas-lauj-cilvekiem-dzivot-muzigi.html,12248,2026-09-20 18:23:57,200,1.000,3.000,19
http://cliqued.wings.nu/,6188,2026-09-20 18:23:57,200,1.000,1.893,16
https://circulars.dev/,18625,2026-09-20 18:23:57,200,1.000,3.000,23
https://cloudcauldron.io/,15744,2026-09-20 18:23:57,200,1.000,3.000,18
https://cloudera.com/,136018,2026-09-20 18:23:57,200,1.000,3.000,19
https://club-eclipse.studio/,0,2026-09-20 18:23:57,0,1.000,3.000,16
https://bytethebook.com/,323238,2026-09-20 18:23:57,200,1.000,3.000,17
http://cloudfoundry.org/,121704,2026-09-20 18:23:57,200,1.000,3.000,19
https://cne.coderedweb.com /,0,2026-09-20 18:23:57,0,1.000,3.000,19
https://bio.fm/slocotion,3531,2026-09-20 18:23:57,200,1.000,3.000,16
https://classiq.me/the-sea-library-in-conversation-with-anna-iltnere,82273,2026-09-20 18:23:57,200,1.000,3.000,15
https://clui.org/collections/los-alamos-business-cards/selection-cards,37874,2026-09-20 18:23:57,200,1.000,3.000,15
http://cnap.graphismeenfrance.fr/infini/en/,0,2026-09-20 18:23:57,403,1.000,3.000,18
https://clutchpoints.com/gaming/voice-actor-backlash-nft,191346,2026-09-20 18:23:57,200,1.000,3.000,19
https://cobradile.neocities.org/,18571,2026-09-20 18:23:57,200,1.000,0.504,15
https://cnx.gdn/,0,2026-09-20 18:23:57,0,1.000,3.000,18
https://cobyzaby.neocities.org/,3220,2026-09-20 18:23:57,200,1.000,0.504,15
https://clone.fyi/,564387,2026-09-20 18:23:57,200,1.000,3.000,15
https://agilemedia.escosubs.co.uk/,46812,2026-09-20 18:23:57,200,1.000,3.000,20
https://bartendersbrandawards.co.uk/,13770,2026-09-20 18:23:57,200,1.000,3.000,20
https://buzzheavier.com/av8hxwmrqefb,0,2026-09-20 18:23:57,403,1.000,3.000,19
https://clock.dssr.ch/,0,2026-09-20 18:23:57,200,1.000,3.000,18
https://apnews.com/article/gas-prices-trump-midterms-affordability-iran-war-d2f5d5aa7ecc1f6d55d8f5759db03150,0,2026-09-20 18:23:58,403,1.000,3.000,16
https://cobie.nekoweb.org/,11352,2026-09-20 18:23:58,200,1.000,1.161,15
https://clutchswing.com/,8923,2026-09-20 18:23:58,200,1.000,3.000,17
https://carminecassie.com/,6722,2026-09-20 18:23:58,200,1.000,3.000,24
https://akirabox.com/EL73gAPgEG9B/file,0,2026-09-20 18:23:58,403,1.000,3.000,19
https://cobb.land/,31425,2026-09-20 18:23:58,200,1.000,3.000,14
https://classbarawards.com/,27306,2026-09-20 18:23:58,200,1.000,3.000,20
https://bomberfish.ca/,86515,2026-09-20 18:23:58,200,1.000,3.000,24
https://codapi.org/,15387,2026-09-20 18:23:58,200,1.000,3.000,16
http://code.org/,1217306,2026-09-20 18:23:58,200,1.000,3.000,19
https://cmdchallenge.com/,4880,2026-09-20 18:23:58,200,1.000,3.000,18
https://code.mendhak.com/zero-trust-poor-choice-of-words/,24897,2026-09-20 18:23:58,200,1.000,3.000,18
https://code4lib.social/@acdha,55521,2026-09-20 18:23:58,200,1.000,3.000,20
https://cnab.io/,12470,2026-09-20 18:23:58,200,1.000,3.000,15
https://codecombat.com/,5296,2026-09-20 18:23:58,200,1.000,3.000,19
https://codepen.io/editor/alexcarpenter/pen/019ff69c-0252-7405-84c4-a61eff18d6ec,0,2026-09-20 18:23:58,403,1.000,1.893,15
https://cliophate.wtf/,42349,2026-09-20 18:23:58,200,1.000,3.000,14
https://codeandculture.uk/,17598,2026-09-20 18:23:58,200,1.000,3.000,15
http://coderrrrr.site/,0,2026-09-20 18:23:58,0,1.000,3.000,17
https://codeberg.org/aartaka/pages/commit/a91befa,3371,2026-09-20 18:23:58,200,1.000,3.000,15
https://co2.fyi/,3150,2026-09-20 18:23:58,200,1.000,3.000,17
https://clubsexu.com/,227414,2026-09-20 18:23:58,200,1.000,3.000,18
https://climbtothestars.org/,299008,2026-09-20 18:23:58,200,1.000,3.000,14
https://buzzheavier.com/opd440u4hnqv,0,2026-09-20 18:23:58,403,1.000,3.000,19
https://charon.monster/,19792,2026-09-20 18:23:58,200,1.000,3.000,24
https://coderprog.com/,0,2026-09-20 18:23:58,403,1.000,3.000,18
https://codename.co/,4830,2026-09-20 18:23:58,200,1.000,3.000,17
https://code.strigo.cc/,8021,2026-09-20 18:23:58,200,1.000,3.000,17
https://codesandbox.io/s,0,2026-09-20 18:23:58,403,1.000,3.000,18
https://cockgobl.in/,25671,2026-09-20 18:23:58,200,1.000,3.000,15
https://cocoweb.fr/,34811,2026-09-20 18:23:58,200,1.000,3.000,17
https://codingbobby.xyz/,7134,2026-09-20 18:23:58,200,1.000,3.000,17
https://coderwall.com/bneil,17247,2026-09-20 18:23:58,200,1.000,3.000,15
https://akirabox.com/dkD3YR6kAzLQ/file,0,2026-09-20 18:23:58,403,1.000,3.000,19
https://cockandballtortu.re/,2536,2026-09-20 18:23:58,200,1.000,3.000,18
https://cnx.srht.site/,94,2026-09-20 18:23:58,200,1.000,3.000,18
https://cock.li/,4007,2026-09-20 18:23:59,200,1.000,3.000,18
https://codemadness.org/sfeed.html,6503,2026-09-20 18:23:59,200,1.000,3.000,18
https://cohan.me/,0,2026-09-20 18:23:59,0,1.000,3.000,17
https://codepoints.net/U+08C8,46343,2026-09-20 18:23:59,200,1.000,3.000,20
https://cole-am.pages.dev/,0,2026-09-20 18:23:59,0,1.000,1.292,15
https://bitnami.com/,199034,2026-09-20 18:23:59,200,1.000,3.000,16
https://codon64.com/,5508,2026-09-20 18:23:59,200,1.000,3.000,18
https://coincodex.com/review/10510/margex-review-crypto-futures-exchange-with-up-to-100x-leverage/,0,2026-09-20 18:23:59,403,1.000,3.000,38
https://ailabels.org/,14254,2026-09-20 18:23:59,200,1.000,3.000,15
https://coeurl.neocities.org/site,18329,2026-09-20 18:23:59,200,1.000,0.500,15
https://climateandaging.org/?page_id=2069,0,2026-09-20 18:23:59,0,1.000,3.000,15
https://buzzheavier.com/zsgngulq1mep,0,2026-09-20 18:23:59,403,1.000,3.000,19
https://cira.ca/,266611,2026-09-20 18:23:59,200,1.000,3.000,25
https://codowd.com/,4648,2026-09-20 18:23:59,200,1.000,3.000,17
https://bubl.es/,3763,2026-09-20 18:23:59,200,1.000,3.000,18
https://codewithhugo.com/,57605,2026-09-20 18:23:59,200,1.000,3.000,17
https://captivgames.com/,18392,2026-09-20 18:23:59,200,1.000,3.000,21
https://caissesolidaire.coop/,225129,2026-09-20 18:23:59,200,1.000,3.000,19
https://colincogle.name/,12845,2026-09-20 18:23:59,200,1.000,3.000,15
https://coffeespace.org.uk/,3173,2026-09-20 18:23:59,200,1.000,3.000,17
https://akirabox.com/9AqGQ0298zMn/file,0,2026-09-20 18:23:59,403,1.000,3.000,19
https://cogdogblog.com/2024/06/three-deaths/,375056,2026-09-20 18:23:59,200,1.000,3.000,15
https://coeurl.club/contact,6666,2026-09-20 18:23:59,200,1.000,3.000,16
https://cnbible.com/proverbs/12-11.htm,14116,2026-09-20 18:23:59,200,1.000,3.000,17
http://codemancergame.com/,35592,2026-09-20 18:23:59,200,1.000,3.000,19
https://app-catalog.vmware.com/bitnami/apps,2001,2026-09-20 18:23:59,200,1.000,3.000,17
http://barkingdog.me/,0,2026-09-20 18:23:59,0,1.000,3.000,16
https://coder.show/400?t=2439,24440,2026-09-20 18:23:59,200,1.000,3.000,18
https://cohost.org/threeoh6000,0,2026-09-20 18:23:59,429,1.000,3.000,20
https://codon.org.uk/~mjg59/blog/p/to-update-blobs-or-not-to-update-blobs/,29251,2026-09-20 18:23:59,200,1.000,3.000,18
https://auroraveil.org/,26116,2026-09-20 18:23:59,200,1.000,3.000,16
https://codex-atlanticus.ambrosiana.it/,2886,2026-09-20 18:23:59,200,1.000,3.000,15
https://colortraks.net/,14982,2026-09-20 18:23:59,200,1.000,3.000,15
http://celestial-star.net/,12201,2026-09-20 18:23:59,200,1.000,3.000,16
https://alpinedevtools.com/extension?utm_source=codewithhugo&utm_campaign=overlay,1544,2026-09-20 18:23:59,200,1.000,3.000,18
https://cbt.re/,2536,2026-09-20 18:23:59,200,1.000,3.000,19
https://colorworld.world/,71651,2026-09-20 18:23:59,200,1.000,3.000,16
http://alicedroni.com/,0,2026-09-20 18:23:59,404,1.000,3.000,20
https://aeon.co/essays/your-brain-does-not-process-information-and-it-is-not-a-computer,335543,2026-09-20 18:23:59,200,1.000,3.000,16
https://code.stypi.com/faq ,0,2026-09-20 18:23:59,0,1.000,3.000,19
https://codyschultz.com/,4699,2026-09-20 18:23:59,200,1.000,3.000,14
https://coldfiles.dev/,3751,2026-09-20 18:23:59,200,1.000,3.000,16
https://buzzheavier.com/lcz53va4or28,0,2026-09-20 18:23:59,403,1.000,3.000,19
https://colean.cc/privacy.html,12208,2026-09-20 18:23:59,200,1.000,3.000,20
https://codingotaku.com/,69944,2026-09-20 18:23:59,200,1.000,3.000,17
https://commonmark.org/help/,9096,2026-09-20 18:23:59,200,1.000,3.000,16
http://3oamv2de6ooacy72hv3ulym3i3vvlprlkqas7hhzo4pu5nyxnji37zad.onion/,0,2026-09-20 18:23:59,0,1.000,3.000,18
https://comminfo.rutgers.edu/news/scholar-human-computer-interaction-join-sci-visiting-professor,0,2026-09-20 18:24:00,404,1.000,3.000,22
https://colly.com/,26199,2026-09-20 18:24:00,200,1.000,3.000,14
https://brave-smoke.com/5-ace-in-the-hole-you-need-a-website/,80137,2026-09-20 18:24:00,200,1.000,3.000,16
https://codevoid.de/,6538,2026-09-20 18:24:00,200,1.000,3.000,17
https://cogdog.info/,58438,2026-09-20 18:24:00,200,1.000,3.000,16
https://akirabox.com/wgWGqxoe6z4o/file,0,2026-09-20 18:24:00,403,1.000,3.000,19
https://comfortzone.rocks/,52485,2026-09-20 18:24:00,200,1.000,3.000,15
https://community.littlebits.cc/bits,0,2026-09-20 18:24:00,0,1.000,3.000,16
https://community.750words.com/c/blog/november-update,13795,2026-09-20 18:24:00,200,1.000,3.000,16
http://cog.dog/,43015,2026-09-20 18:24:00,200,1.000,3.000,16
https://commune.sh/,6429,2026-09-20 18:24:00,200,1.000,3.000,15
https://comicfury.com/profile.php?username=barbatus,26183,2026-09-20 18:24:00,200,1.000,3.000,16
https://community.draftbit.com/u/amanhimself/activity/topics,0,2026-09-20 18:24:00,404,1.000,3.000,19
https://colordx.dev/,30735,2026-09-20 18:24:00,200,1.000,3.000,15
https://brandonrozek.com/blog/curl-card/,27643,2026-09-20 18:24:00,200,1.000,3.000,18
https://animeartbooks.net/,10551,2026-09-20 18:24:00,200,1.000,3.000,17
https://buzzheavier.com/pvlie5fahhtn,0,2026-09-20 18:24:00,403,1.000,3.000,19
https://communicationfirst.org/,129552,2026-09-20 18:24:00,200,1.000,3.000,16
https://cogdog.makes.org/thimble/OTM3NDI2OTQ0/imageseeking-for-fantastic-visual-metaphors,42183,2026-09-20 18:24:00,200,1.000,3.000,16
https://bccampus.ca/projects/open-education/the-open-homework-systems-project/,0,2026-09-20 18:24:00,404,1.000,3.000,17
https://commitfest.postgresql.org/41/3956/,30276,2026-09-20 18:24:00,200,1.000,3.000,20
https://compact.studio/projets/relion,36560,2026-09-20 18:24:00,200,1.000,3.000,18
http://cercor.oxfordjournals.org/content/14/11/1214.full,0,2026-09-20 18:24:00,403,1.000,3.000,17
https://communicationfirst.threadless.com/,0,2026-09-20 18:24:00,403,1.000,3.000,17
https://community.letsencrypt.org/,305345,2026-09-20 18:24:00,200,1.000,3.000,19
https://commercialtype.com/,98308,2026-09-20 18:24:00,200,1.000,3.000,18
https://akirabox.com/k0embVBRomVb/file,0,2026-09-20 18:24:00,403,1.000,3.000,19
https://2600.com/,447244,2026-09-20 18:24:00,200,1.000,3.000,16
https://compacto.app/?utm_source=brettterpstra&utm_medium=email&utm_campaign=compacto_apr2026,31974,2026-09-20 18:24:00,200,1.000,3.000,20
https://community.arm.com/developer/research/b/articles/posts/three-dimensions-in-3dic-part-1,0,2026-09-20 18:24:00,403,1.000,3.000,17
https://clalliance.org/blog/conversation-with-alan-levine-pedagogical-technologist/,137736,2026-09-20 18:24:01,200,1.000,3.000,17
https://acloud.guru/overview/admin-guide-to-bash-scripting/?utm_source=jupiter&utm_medium=cpc,457439,2026-09-20 18:24:01,200,1.000,3.000,19
https://caleye.fit/,38567,2026-09-20 18:24:01,200,1.000,3.000,22
https://competitions.cr.yp.to/caesar.html,6433,2026-09-20 18:24:01,200,1.000,3.000,19
http://barrd.dev/article/wordpress-entering-the-fediverse-using-activitypub-plugin/,49264,2026-09-20 18:24:01,200,1.000,3.000,17
https://colinwalker.blog/,51574,2026-09-20 18:24:01,200,1.000,3.000,14
https://bavatuesdays.com/fellowship-of-the-splot/,88580,2026-09-20 18:24:01,200,1.000,3.000,17
https://confettiguts.gay/,0,2026-09-20 18:24:01,0,1.000,3.000,16
https://computerhistory.org/,97067,2026-09-20 18:24:01,200,1.000,3.000,18
https://composio.dev/,355729,2026-09-20 18:24:01,200,1.000,3.000,19
https://buzzheavier.com/es1q2ugbhs9m,0,2026-09-20 18:24:01,403,1.000,3.000,19
https://community.joinodf.com/,534558,2026-09-20 18:24:01,200,1.000,1.893,16
https://concise-encoding.org/,16625,2026-09-20 18:24:01,200,1.000,3.000,17
http://computernewb.com/collab-vm/,27217,2026-09-20 18:24:01,200,1.000,3.000,18
https://computer.rip/,16476,2026-09-20 18:24:01,200,1.000,3.000,15
https://conda-forge.org/,35682,2026-09-20 18:24:01,200,1.000,3.000,19
https://communitymedia.video/w/exFoSTiCszM2r52Qsi1sdy,26273,2026-09-20 18:24:01,200,1.000,3.000,18
http://committerconf.de/,0,2026-09-20 18:24:01,0,1.000,3.000,19
https://collections.royalarmouries.org/,150652,2026-09-20 18:24:01,200,1.000,3.000,18
https://concatenative.org/wiki/view/Forth,22611,2026-09-20 18:24:01,200,1.000,3.000,19
http://cogdog.trubox.ca/,74135,2026-09-20 18:24:01,200,1.000,3.000,17
https://cdot.senecacollege.ca/,46914,2026-09-20 18:24:01,200,1.000,3.000,17
https://brokering.hiveresearchlab.org/,69362,2026-09-20 18:24:01,200,1.000,3.000,18
https://akirabox.com/7d5GLv2973xR/file,0,2026-09-20 18:24:01,403,1.000,3.000,19
https://confusedalex.dev/,5200,2026-09-20 18:24:01,200,1.000,3.000,17
http://blog.ouseful.info/,170944,2026-09-20 18:24:02,200,1.000,3.000,18
https://amforth.sourceforge.net/,0,2026-09-20 18:24:02,403,1.000,3.000,20
http://chendricks.org/,2470,2026-09-20 18:24:02,200,1.000,3.000,18
https://conchologistsofamerica.org/lumping-and-splitting/,65937,2026-09-20 18:24:02,200,1.000,3.000,15
https://app.betterimpact.com/PublicOrganization/03f59daf-4491-4d61-af39-82b39cd4a5e3/1,54538,2026-09-20 18:24:02,200,1.000,3.000,19
https://compost.party/,0,2026-09-20 18:24:02,0,1.000,3.000,19
https://cirun.io/,100666,2026-09-20 18:24:02,200,1.000,3.000,20
https://buzzheavier.com/c9v7ns8jctko,0,2026-09-20 18:24:02,403,1.000,3.000,19
http://blog.edtechie.net/,115640,2026-09-20 18:24:02,200,1.000,3.000,18
https://confusedcompiler.org/,6948,2026-09-20 18:24:02,200,1.000,3.000,17
https://concepts.app/en/digital-art-raster-vs-vector/,21500,2026-09-20 18:24:02,200,1.000,3.000,16
https://abject.ca/alive/,107106,2026-09-20 18:24:02,200,1.000,3.000,18
http://arcaneincantations.mvps.org/forth.htm,8168,2026-09-20 18:24:02,200,1.000,3.000,20
https://athemes.com/theme/moesia,163185,2026-09-20 18:24:02,200,1.000,3.000,18
http://bigforth.sourceforge.net/,0,2026-09-20 18:24:02,403,1.000,3.000,20
http://comsort.rentalurl.net/,0,2026-09-20 18:24:02,0,1.000,3.000,17
https://communitymedia.network/,71548,2026-09-20 18:24:02,200,1.000,3.000,19
https://blacksmith.sh/,88059,2026-09-20 18:24:02,200,1.000,3.000,20
https://blog.murderinc.biz/,105143,2026-09-20 18:24:02,200,1.000,3.000,18
https://akirabox.com/N2p3DQ28VzMa/file,0,2026-09-20 18:24:02,403,1.000,3.000,19
http://blog.hardboiled.biz/,0,2026-09-20 18:24:02,0,1.000,3.000,19
https://conda.org/,32401,2026-09-20 18:24:02,200,1.000,3.000,20
https://connectedbypuzzles.com/,64183,2026-09-20 18:24:02,200,1.000,3.000,17
http://assignments.ds106.us/,87853,2026-09-20 18:24:02,200,1.000,3.000,18
https://aktechlabs.com/about/,2383,2026-09-20 18:24:03,200,1.000,3.000,21
https://arduino-forth.com/,39935,2026-09-20 18:24:03,200,1.000,3.000,20
https://compactbunker.org/,29453,2026-09-20 18:24:03,200,1.000,3.000,19
https://buzzheavier.com/m2vjgtj5h7hp,0,2026-09-20 18:24:03,403,1.000,3.000,19
http://ascue.org/,0,2026-09-20 18:24:03,0,1.000,3.000,17
https://conorknowles.com/,5025,2026-09-20 18:24:03,200,1.000,3.000,17
https://conservancy.umn.edu/items/06db4836-2170-4f8f-84cf-1a66c6ff2a1d,0,2026-09-20 18:24:03,403,1.000,3.000,19
http://bionicteaching.com/,52963,2026-09-20 18:24:03,200,1.000,3.000,18
https://barabus.tru.ca/oeru/brian_lamb.html,1205,2026-09-20 18:24:03,200,1.000,3.000,19
https://bavaradio.com/,47664,2026-09-20 18:24:03,200,1.000,3.000,18
https://conniesue.me/,14298,2026-09-20 18:24:03,200,1.000,3.000,14
http://blog.raptnrent.me/,91390,2026-09-20 18:24:03,200,1.000,3.000,18
https://connectedbycards.com/,31338,2026-09-20 18:24:03,200,1.000,3.000,18
http://clintlalonde.net/,109497,2026-09-20 18:24:03,200,1.000,3.000,18
https://connectedcourses.stateu.org/,0,2026-09-20 18:24:03,0,1.000,3.000,17
https://connermccall.com/,5032,2026-09-20 18:24:03,200,1.000,3.000,17
https://akirabox.com/0KezkAMnbmD1/file,0,2026-09-20 18:24:03,403,1.000,3.000,19
https://containrrr.dev/watchtower/,21284,2026-09-20 18:24:03,200,1.000,3.000,19
https://console.atomicfi.com/signup,3143,2026-09-20 18:24:03,200,1.000,3.000,17
https://confusion.codeberg.page/,9841,2026-09-20 18:24:03,200,1.000,1.893,16
https://console.postgres.ai/shared/aae4ecfc-f2e9-4536-ba73-8be1a160ecfa,7907,2026-09-20 18:24:03,200,1.000,3.000,19
http://andheblogs.andyrush.net/,166003,2026-09-20 18:24:03,200,1.000,3.000,18
https://containers.dev/,10301,2026-09-20 18:24:03,200,1.000,3.000,19
http://confusedofcalcutta.com/,186530,2026-09-20 18:24:03,200,1.000,3.000,19
https://buzzheavier.com/ahqwgr1scfhu,0,2026-09-20 18:24:04,404,1.000,3.000,19
https://connections-pro.com/,128366,2026-09-20 18:24:04,200,1.000,3.000,18
https://carpetbomberz.com/,145459,2026-09-20 18:24:04,200,1.000,3.000,19
https://connectedlearning.uci.edu/research-tools/,60513,2026-09-20 18:24:04,200,1.000,3.000,18
https://conor.zone/,24395,2026-09-20 18:24:04,200,1.000,3.000,17
https://contrastrebellion.com/,14453,2026-09-20 18:24:04,200,1.000,3.000,18
https://connor.zip/posts/2025-05-03-rune,0,2026-09-20 18:24:04,0,1.000,3.000,19
https://ammienoot.com/brain-fluff/another-year-of-not-blogging/,77480,2026-09-20 18:24:04,200,1.000,3.000,19
https://contra.com/ayotomiwa,130913,2026-09-20 18:24:04,200,1.000,3.000,16
https://contenttechtodon.org/@deane,55696,2026-09-20 18:24:04,200,1.000,3.000,18
https://chinesestandardbible.com/,115137,2026-09-20 18:24:04,200,1.000,3.000,18
http://conversionaid.com/podcast/peldi-guilizzoni-balsamiq/,63665,2026-09-20 18:24:04,200,1.000,3.000,19
https://cool-website.xyz/,114,2026-09-20 18:24:04,200,1.000,3.000,16
https://akirabox.com/Z9dzB429Omk1/file,0,2026-09-20 18:24:04,403,1.000,3.000,19
https://contrastfoundry.com/,149914,2026-09-20 18:24:04,200,1.000,3.000,18
https://conway.scot/,8202,2026-09-20 18:24:04,200,1.000,3.000,17
http://apps.samsung.com/appquery/appDetail.as?appId=com.tophatch.concepts.galaxyapps,13534,2026-09-20 18:24:04,200,1.000,3.000,17
https://convertio.co/,132521,2026-09-20 18:24:04,200,1.000,3.000,18
http://coolmathgames.tech/,28522,2026-09-20 18:24:04,200,1.000,3.000,18
https://blogs.ubc.ca/chendricks/,166858,2026-09-20 18:24:04,200,1.000,3.000,19
https://buzzheavier.com/wgxs4dx22jty,0,2026-09-20 18:24:04,403,1.000,3.000,19
http://choycedesign.com/,0,2026-09-20 18:24:04,0,1.000,3.000,20
https://contact-messe.de/,92872,2026-09-20 18:24:04,200,1.000,3.000,20
https://contralabs.com/,876736,2026-09-20 18:24:05,200,1.000,3.000,17
https://content.build.blades.ninja/,5793,2026-09-20 18:24:05,200,1.000,1.500,17
https://contracts.onecle.com/apple/next.mer.1996.12.20.shtml,167850,2026-09-20 18:24:05,200,1.000,3.000,19
https://contino.com/,54227,2026-09-20 18:24:05,200,1.000,3.000,14
https://conventionalcommits.org/,208,2026-09-20 18:24:05,200,1.000,3.000,20
https://coopsdesk.net/,8656,2026-09-20 18:24:05,200,1.000,3.000,16
https://coopermatt.com/,0,2026-09-20 18:24:05,404,1.000,3.000,17
https://convert.ing-now.com/audio-spectrogram-creator/,11085,2026-09-20 18:24:05,200,1.000,3.000,18
https://control.org/,27431,2026-09-20 18:24:05,200,1.000,3.000,17
https://cooltext.com/Edit-Logo?LogoID=4379728742,42328,2026-09-20 18:24:05,200,1.000,3.000,16
https://backpack.openbadges.org/share/ba1e21af7212e4340779c98ae5339c74/,0,2026-09-20 18:24:05,0,1.000,3.000,20
https://brownshipley.com/en-gb,215452,2026-09-20 18:24:05,200,1.000,3.000,20
https://copiawealthstudios.com/,106904,2026-09-20 18:24:05,200,1.000,3.000,16
https://coolors.co/,565393,2026-09-20 18:24:05,200,1.000,3.000,18
https://copr.fedorainfracloud.org/coprs/ngompa/bcachefs/builds/,4537,2026-09-20 18:24:05,200,1.000,3.000,19
https://coolguy.website/,14483,2026-09-20 18:24:05,200,1.000,3.000,17
https://cookieadmin.net/?utm_source=wpplugin&utm_medium=footer,257202,2026-09-20 18:24:05,200,1.000,3.000,20
https://akirabox.com/k0embVBWamVb/file,0,2026-09-20 18:24:05,403,1.000,3.000,19
https://buzzheavier.com/dwyye2xg373n,0,2026-09-20 18:24:05,403,1.000,3.000,19
https://catstevens.com/media/songs/into-white/,101217,2026-09-20 18:24:05,200,1.000,3.000,20
https://copyrightliteracy.org/2026/03/23/copyright-and-ai-chriss-paper-and-a-government-report/,132670,2026-09-20 18:24:05,200,1.000,3.000,19
http://copy.sh/v86/,49121,2026-09-20 18:24:05,200,1.000,3.000,18
https://abc7.com/post/marina-del-rey-california-yacht-club-fire-firefighters-injured/14171136/,280632,2026-09-20 18:24:05,200,1.000,3.000,15
https://cor-mechanica.neocities.org/credits,29854,2026-09-20 18:24:05,200,1.000,0.498,15
https://copyrightalliance.org/ai-copyright-lawsuit-developments-2025/,147697,2026-09-20 18:24:05,200,1.000,3.000,19
https://cool-as-heck.blog/,29831,2026-09-20 18:24:05,200,1.000,3.000,17
http://coma-online.com/?p=2909,121,2026-09-20 18:24:05,200,1.000,3.000,18
https://blog.apaonline.org/2024/08/19/how-i-got-to-questions/,201581,2026-09-20 18:24:05,200,1.000,3.000,20
https://caravanista.net/,125176,2026-09-20 18:24:06,200,1.000,3.000,19
https://copyheart.org/,115571,2026-09-20 18:24:06,200,1.000,3.000,16
https://clideo.com/compress-video,162895,2026-09-20 18:24:06,200,1.000,3.000,19
https://corel.neocities.org/,412,2026-09-20 18:24:06,200,1.000,0.498,15
https://backpack.openbadges.org/share/98ec0c029393096329da51ea6f559368/,0,2026-09-20 18:24:06,0,1.000,3.000,20
https://corelessjester.neocities.org/,7717,2026-09-20 18:24:06,200,1.000,0.498,15
https://cloud.softaculous.com/,24596,2026-09-20 18:24:06,200,1.000,3.000,21
http://coroneta.tripod.com/,0,2026-09-20 18:24:06,0,1.000,3.000,16
https://cora.computer/,209704,2026-09-20 18:24:06,200,1.000,3.000,16
https://bavapods.com/@couchto4k/episodes/outland,21496,2026-09-20 18:24:06,200,1.000,3.000,19
https://c7.pm/,13892,2026-09-20 18:24:06,200,1.000,3.000,19
https://coreprotocol.org/,7528,2026-09-20 18:24:06,200,1.000,3.000,18
https://buzzheavier.com/w3tot3eyeuxs,0,2026-09-20 18:24:06,403,1.000,3.000,19
http://coopertype.org/,21754,2026-09-20 18:24:06,200,1.000,3.000,18
https://arunyi.art/,762532,2026-09-20 18:24:06,200,1.000,3.000,16
https://aleclownes.com/2017/02/01/crt-display.html,68033,2026-09-20 18:24:06,200,1.000,3.000,16
https://corgidot.com/,1091,2026-09-20 18:24:06,200,1.000,3.000,15
https://akirabox.com/0JgG7LM98moY/file,0,2026-09-20 18:24:06,403,1.000,3.000,19
https://corianderinpho.com/,222639,2026-09-20 18:24:06,200,1.000,3.000,14
https://corporalfrisk.com/,114748,2026-09-20 18:24:06,200,1.000,3.000,18
https://angblev.com/,4853,2026-09-20 18:24:06,200,1.000,3.000,18
https://andyrush.com/,93508,2026-09-20 18:24:06,200,1.000,3.000,19
https://coolors.supahub.com/,7427,2026-09-20 18:24:06,200,1.000,3.000,19
https://airhorn.nz/,4774,2026-09-20 18:24:07,200,1.000,3.000,18
https://cat.vin.pet/,7153,2026-09-20 18:24:07,200,1.000,3.000,20
https://cooper.edu/welcome,76398,2026-09-20 18:24:07,200,1.000,3.000,19
https://copyparty.eu/,3780,2026-09-20 18:24:07,200,1.000,3.000,18
http://christinahendricks.ca/,65958,2026-09-20 18:24:07,200,1.000,3.000,20
http://c4sif.org/2011/01/%e2%99%a1-copyheart-copying-is-an-act-of-love-please-copy-and-share/,103469,2026-09-20 18:24:07,200,1.000,3.000,17
http://cornwallincolours.blog/,131192,2026-09-20 18:24:07,200,1.000,3.000,15
https://artfight.net/attack/12934146.aru/,0,2026-09-20 18:24:07,403,1.000,3.000,17
https://chatgptiseatingtheworld.com/2025/12/23/copyright-ai-epidemic-lawsuits-flood-us-courts-as-number-grows-to-72/,125048,2026-09-20 18:24:07,200,1.000,3.000,20
http://chinako.net/hamster/,1122,2026-09-20 18:24:07,200,1.000,3.000,17
https://buzzheavier.com/v5b3khlrkv30,0,2026-09-20 18:24:07,404,1.000,3.000,19
https://arciniega.one/,0,2026-09-20 18:24:07,0,1.000,3.000,20
https://blog.playstation.com/2026/07/01/physical-disc-production-ending-in-january-2028-for-new-games-releasing-on-playstation-consoles/?ref=birchtree.me,167202,2026-09-20 18:24:07,200,1.000,3.000,15
https://88x31.lol/,26143,2026-09-20 18:24:07,200,1.000,3.000,15
https://clicktheredbutton.com/,37130,2026-09-20 18:24:07,200,1.000,3.000,17
https://allyratworld.com/cafe/rose,48627,2026-09-20 18:24:07,200,1.000,3.000,17
https://akirabox.com/9QWmpo4kxGEB/file,0,2026-09-20 18:24:07,403,1.000,3.000,19
https://corow.net/,3939,2026-09-20 18:24:07,200,1.000,3.000,15
http://blog.mises.org/13286/the-creator-endorsed-mark-as-an-alternative-to-copyright/,0,2026-09-20 18:24:07,403,1.000,3.000,18
https://ancapbg.info/c11ppr/,76667,2026-09-20 18:24:07,200,1.000,3.000,18
https://corru.observer/,70886,2026-09-20 18:24:07,200,1.000,3.000,24
https://artfight.net/attack/16833735.rain/,0,2026-09-20 18:24:07,403,1.000,3.000,17
https://aristasia.guide/,15105,2026-09-20 18:24:07,200,1.000,3.000,18
https://cooperalumni.org/,102819,2026-09-20 18:24:07,200,1.000,3.000,20
https://bitmap.designfamilymarket.com/,1279,2026-09-20 18:24:07,200,1.000,3.000,17
https://castopod.org/,78866,2026-09-20 18:24:07,200,1.000,3.000,20
https://cosmicqbit.dev/blog/,28776,2026-09-20 18:24:08,200,1.000,3.000,14
http://blog.ninapaley.com/2010/10/20/creative-commons-branding-confusion/,158494,2026-09-20 18:24:08,200,1.000,3.000,17
https://corrleader.jibc.ca/,206656,2026-09-20 18:24:08,200,1.000,3.000,17
http://alfa-matrix-store.com/various-artists-endzeit-bunkertracks-act-7-4CD,213764,2026-09-20 18:24:08,200,1.000,3.000,18
https://cosmo.red/,2145,2026-09-20 18:24:08,200,1.000,3.000,17
https://cosc59.gitlab.io/,17004,2026-09-20 18:24:08,200,1.000,3.000,18
https://blogosphere.app/feeds/d1901d45-4a25-4c3f-81df-0988483efb24,0,2026-09-20 18:24:08,404,1.000,3.000,15
https://corru.works/,46109,2026-09-20 18:24:08,200,1.000,3.000,25
https://buzzheavier.com/qpd6s8hagika,0,2026-09-20 18:24:08,403,1.000,3.000,19
https://cerealsnail.com/home,18075,2026-09-20 18:24:08,200,1.000,3.000,18
https://cosocial.ca/@wdenton,44852,2026-09-20 18:24:08,200,1.000,3.000,18
https://akirabox.com/N2p3DQ2rnzMa/file,0,2026-09-20 18:24:08,403,1.000,3.000,19
https://corru.store/,213762,2026-09-20 18:24:08,200,1.000,3.000,25
https://correresmidestino.com/,138341,2026-09-20 18:24:08,200,1.000,3.000,14
https://correctiv.org/aktuelles/afd/2026/09/09/merz-attackiert-afd-remigration-bedeute-ethnische-saeuberung/,90774,2026-09-20 18:24:08,200,1.000,3.000,15
https://costinstefan.ro/,8913,2026-09-20 18:24:08,200,1.000,3.000,17
https://cosmonic.com/,132825,2026-09-20 18:24:08,200,1.000,3.000,16
https://corride.at/,0,2026-09-20 18:24:08,200,1.000,3.000,15
https://corporate-solutions.schwarz/,87582,2026-09-20 18:24:08,200,1.000,3.000,10
https://coopertype.eventbrite.com/typecooper,148484,2026-09-20 18:24:08,200,1.000,3.000,19
https://a.ocv.me/pub/demo/,9114,2026-09-20 18:24:08,200,1.000,3.000,19
https://acid-candy.wixsite.com/chassylicious,670791,2026-09-20 18:24:08,200,1.000,3.000,18
https://aosabook.org/en/v2/ghc.html,78923,2026-09-20 18:24:08,200,1.000,3.000,19
https://cash.app/$ninapaleyartist,26792,2026-09-20 18:24:08,200,1.000,3.000,18
https://andy.domains.unf.edu/britvector/,62293,2026-09-20 18:24:09,200,1.000,3.000,19
https://adaures.com/,24261,2026-09-20 18:24:09,200,1.000,3.000,21
https://buzzheavier.com/861rkd1l5vey,0,2026-09-20 18:24:09,403,1.000,3.000,19
https://cosplay.jav.pw/,68303,2026-09-20 18:24:09,200,1.000,3.000,18
https://courtney-care.neocities.org/,9585,2026-09-20 18:24:09,200,1.000,0.493,15
https://accessradio.org.nz/shows-podcasts/rabbit-hole-radio/,49457,2026-09-20 18:24:09,200,1.000,3.000,18
https://coveralls.io/r/xtaran,0,2026-09-20 18:24:09,403,1.000,3.000,19
https://aerathia.net/skitty/,7363,2026-09-20 18:24:09,200,1.000,3.000,19
https://akirabox.com/EL73gAPZKG9B/file,0,2026-09-20 18:24:09,403,1.000,3.000,19
https://covid2009.neocities.org/,684,2026-09-20 18:24:09,200,1.000,0.493,15
https://blog.k3170makan.com/p/series.html,115973,2026-09-20 18:24:09,200,1.000,3.000,19
https://boundless-realms.com/hc/,1686,2026-09-20 18:24:09,200,1.000,3.000,19
https://10-31.net/halloween/index.php,5103,2026-09-20 18:24:09,200,1.000,3.000,19
https://8bbs.me/,0,2026-09-20 18:24:09,0,1.000,3.000,16
https://courses.joshwcomeau.com/tools/bezier,74588,2026-09-20 18:24:09,200,1.000,3.000,20
https://cowabungavideo.com/,8520,2026-09-20 18:24:09,200,1.000,3.000,19
http://coursedetective.co.uk/,3961,2026-09-20 18:24:09,200,1.000,3.000,19
https://costplusdrugs.com/,332678,2026-09-20 18:24:09,200,1.000,3.000,18
https://coryd.dev/,72956,2026-09-20 18:24:09,200,1.000,3.000,17
https://cosmicorvid.space/,1523,2026-09-20 18:24:09,200,1.000,3.000,19
https://cozyghostly.neocities.org/link,24467,2026-09-20 18:24:09,200,1.000,0.491,15
http://acidcandystudios.com/,904,2026-09-20 18:24:09,200,1.000,3.000,19
http://acid-candy.com/,904,2026-09-20 18:24:09,200,1.000,3.000,19
https://batworld.org/,137140,2026-09-20 18:24:09,200,1.000,3.000,19
https://coyotetracks.org/,3557,2026-09-20 18:24:09,200,1.000,3.000,14
https://castopod.com/?utm_source=castopod.org&utm_medium=Referral,72622,2026-09-20 18:24:09,200,1.000,3.000,21
https://buzzheavier.com/lod0v2ym3h6e,0,2026-09-20 18:24:09,403,1.000,3.000,19
https://cpluspatch.com/,108500,2026-09-20 18:24:09,200,1.000,3.000,16
https://couchblog.de/,108121,2026-09-20 18:24:09,200,1.000,3.000,17
https://cppcon26.follychess.com/,2252,2026-09-20 18:24:09,200,1.000,3.000,18
https://coyier.dev/,697,2026-09-20 18:24:09,200,1.000,3.000,15
http://australiangothicindustrialmusic.com/,17812,2026-09-20 18:24:09,200,1.000,3.000,18
https://chaoticgoode.com/mix,6887,2026-09-20 18:24:09,200,1.000,3.000,16
https://cppnow26.follychess.com/,2201,2026-09-20 18:24:10,200,1.000,3.000,18
https://akirabox.com/jJD3VP2NlGa5/file,0,2026-09-20 18:24:10,403,1.000,3.000,19
https://accessradio.org/,0,2026-09-20 18:24:10,200,1.000,3.000,19
https://cozynet.org/,11959,2026-09-20 18:24:10,200,1.000,3.000,15
https://cowtippingpress.org/,1985,2026-09-20 18:24:10,200,1.000,3.000,16
https://babywormcore.baby/gallery,21822,2026-09-20 18:24:10,200,1.000,3.000,17
https://buzzheavier.com/mou93et31ijf,0,2026-09-20 18:24:10,403,1.000,3.000,19
https://cozyjournal.app/?ref=albertogalca,368971,2026-09-20 18:24:10,200,1.000,3.000,18
https://cra.mr/,9332,2026-09-20 18:24:10,200,1.000,3.000,15
https://cppcon2026.sched.com/event/2RT44/from-20-nanoseconds-to-one-optimizing-bishop-rook-and-queen-move-generation-in-a-chess-engine,55906,2026-09-20 18:24:10,200,1.000,3.000,18
https://cpantesters.org/author/A/ABE.html,7804,2026-09-20 18:24:10,200,1.000,3.000,19
https://cre3p.neocities.org/,11949,2026-09-20 18:24:10,200,1.000,0.488,15
https://crates.io/crates/nu_plugin_input_global_listen,0,2026-09-20 18:24:10,404,1.000,3.000,18
https://astrodon.social/@zeeg,0,2026-09-20 18:24:10,0,1.000,3.000,16
https://akiba.flirt-wind.net/azumanga/,3855,2026-09-20 18:24:10,200,1.000,3.000,16
https://cq.cx/ladder.pl,24303,2026-09-20 18:24:10,200,1.000,3.000,18
https://craigmod.com/,43178,2026-09-20 18:24:10,200,1.000,3.000,14
https://cpaquebec.ca/,121939,2026-09-20 18:24:10,200,1.000,3.000,19
https://creationmuseum.org/,49372,2026-09-20 18:24:10,200,1.000,3.000,22
https://crackle.dev/,5932,2026-09-20 18:24:10,200,1.000,3.000,18
https://creamernation.men/,9888,2026-09-20 18:24:10,200,1.000,3.000,15
http://batworldstore.org/,77824,2026-09-20 18:24:10,200,1.000,3.000,20
https://appsytools.com/tool/cozyjournal,58302,2026-09-20 18:24:10,200,1.000,3.000,19
https://coxy.co/,224290,2026-09-20 18:24:10,200,1.000,3.000,14
https://craftbeerchannel.com/,134602,2026-09-20 18:24:10,200,1.000,3.000,16
http://buy.microchip.com/,0,2026-09-20 18:24:10,0,1.000,3.000,19
https://cpasbien.to/,31803,2026-09-20 18:24:10,200,1.000,3.000,18
https://craftering.systemcrafters.net/,14624,2026-09-20 18:24:10,200,1.000,3.000,18
https://buzzheavier.com/2ink5jcnl9gz,0,2026-09-20 18:24:10,403,1.000,3.000,19
https://creaturefeature.neocities.org/,15868,2026-09-20 18:24:10,200,1.000,0.486,15
https://arkencounter.com/,51758,2026-09-20 18:24:10,200,1.000,3.000,23
https://creator.nightcafe.studio/u/Cayzle,0,2026-09-20 18:24:10,403,1.000,3.000,16
https://akirabox.com/APVmapxZjGXo/file,0,2026-09-20 18:24:10,403,1.000,3.000,19
http://coyotechalk.com/,109171,2026-09-20 18:24:10,200,1.000,3.000,17
https://creativemornings.com/talks/chris-glass,46088,2026-09-20 18:24:10,200,1.000,3.000,15
https://archiveofourown.org/,24255,2026-09-20 18:24:10,200,1.000,3.000,16
https://craftedny.com/,124307,2026-09-20 18:24:10,200,1.000,3.000,21
https://crates.io/crates/binread,0,2026-09-20 18:24:11,404,1.000,3.000,19
https://built2winweb.com/,443376,2026-09-20 18:24:11,200,1.000,3.000,20
https://artistgrid.cx/view?id=1IFhQbmAps11t0xPEZNhutt6vF1eaU8zVFeBda7OqOFc&artist=Creamer%20Nation,5683,2026-09-20 18:24:11,200,1.000,3.000,16
https://creativeburst.org/animalcrossing/,4041,2026-09-20 18:24:11,200,1.000,3.000,19
https://creativeramblings.com/,206079,2026-09-20 18:24:11,200,1.000,3.000,14
https://creepbella.neocities.org/,33882,2026-09-20 18:24:11,200,1.000,0.485,15
https://cpu-world.com/,0,2026-09-20 18:24:11,403,1.000,3.000,17
https://cpu-galaxy.at/,14008,2026-09-20 18:24:11,200,1.000,3.000,17
https://christerpher.com/,14784,2026-09-20 18:24:11,200,1.000,3.000,19
https://akralabs.in/,251502,2026-09-20 18:24:11,200,1.000,3.000,20
https://creativecherryblossom.com/collections/all,230754,2026-09-20 18:24:11,200,1.000,3.000,15
https://cppcon.org/,130681,2026-09-20 18:24:11,200,1.000,3.000,19
https://acidtools.com/ai/built2winweb,54907,2026-09-20 18:24:11,200,1.000,3.000,21
https://aijustbetter.com/item/built2winweb.com,0,2026-09-20 18:24:11,429,1.000,3.000,21
https://creamco.studio/?src=lukedorny.com,946876,2026-09-20 18:24:11,200,1.000,3.000,17
https://creativwork.org/,1960,2026-09-20 18:24:11,200,1.000,3.000,14
https://creekyasher.nekoweb.org/,5595,2026-09-20 18:24:11,200,1.000,1.069,15
https://cebar.xyz/,4024,2026-09-20 18:24:11,200,1.000,3.000,19
https://aiboom.tools/,264607,2026-09-20 18:24:11,200,1.000,3.000,21
https://asotheory.com/,54016,2026-09-20 18:24:11,200,1.000,3.000,20
https://akirabox.com/dkD3YR6KAzLQ/file,0,2026-09-20 18:24:11,403,1.000,3.000,19
https://aitechviral.com/ai/akralabs,48596,2026-09-20 18:24:11,200,1.000,3.000,21
https://aigc160.com/ai/akralabs,53564,2026-09-20 18:24:11,200,1.000,3.000,21
https://akunacapital.com/,53005,2026-09-20 18:24:11,200,1.000,3.000,20
https://aitoolcenter.com/,59370,2026-09-20 18:24:11,200,1.000,3.000,21
https://artfight.net/~creepbella,0,2026-09-20 18:24:11,403,1.000,3.000,16
https://aitoolzs.com/ai/akralabs,53658,2026-09-20 18:24:11,200,1.000,3.000,21
https://angelicas.site/graphics/pixels/electronics/,0,2026-09-20 18:24:11,404,1.000,3.000,19
https://creep.im/,3156,2026-09-20 18:24:11,200,1.000,3.000,18
https://asteroid.radio/,8127,2026-09-20 18:24:11,200,1.000,3.000,19
https://ailaunch.space/,520238,2026-09-20 18:24:11,200,1.000,3.000,21
https://aixcollection.com/ai/akralabs,48226,2026-09-20 18:24:11,200,1.000,3.000,21
https://ansatz.capital/,7914,2026-09-20 18:24:11,200,1.000,3.000,20
https://appalist.com/ai/built2winweb,53052,2026-09-20 18:24:11,200,1.000,3.000,21
https://aiwebmaker.co/,47166,2026-09-20 18:24:11,200,1.000,3.000,22
https://appnetworker.com/products/akralabs,40942,2026-09-20 18:24:11,200,1.000,3.000,21
https://cashmere.rs/,13106,2026-09-20 18:24:11,200,1.000,3.000,19
https://apphublist.com/products/akralabs,44520,2026-09-20 18:24:11,200,1.000,3.000,21
https://animefanlistings.com/,21515,2026-09-20 18:24:11,200,1.000,3.000,17
https://agentwork.tools/,222257,2026-09-20 18:24:12,200,1.000,3.000,21
https://craphound.com/,158133,2026-09-20 18:24:12,200,1.000,3.000,19
https://buzzheavier.com/puvzd6dx6xep,0,2026-09-20 18:24:12,403,1.000,3.000,19
https://aitoolfame.com/item/akralabs-the-software-universe,204045,2026-09-20 18:24:12,200,1.000,3.000,21
https://ashlist.com/product/akralabs,108344,2026-09-20 18:24:12,200,1.000,3.000,21
https://aijustbetter.com/item/agentwork.tools,0,2026-09-20 18:24:12,429,1.000,3.000,22
https://cpants.cpanauthors.org/author/ABE,6697,2026-09-20 18:24:12,200,1.000,3.000,19
https://aiaci.com/,237350,2026-09-20 18:24:12,200,1.000,3.000,22
https://aifinderplus.com/item/built2winweb-ai-strength-scanner,135093,2026-09-20 18:24:12,200,1.000,3.000,21
https://beamtools.com/tool/akralabs,51338,2026-09-20 18:24:12,200,1.000,3.000,21
https://akirabox.com/gXeGOr2EXzAa/file,0,2026-09-20 18:24:12,403,1.000,3.000,19
https://audio.dev/,67546,2026-09-20 18:24:12,200,1.000,3.000,20
https://accu.org/,36634,2026-09-20 18:24:12,200,1.000,3.000,20
https://besttoolvault.com/tool/akralabs,109426,2026-09-20 18:24:12,200,1.000,3.000,21
http://catdya.com/,22064,2026-09-20 18:24:12,200,1.000,3.000,16
https://alexanderosso.com/,90703,2026-09-20 18:24:12,200,1.000,3.000,22
https://amipretty.net/?utm_source=aitoolcenter&utm_medium=referral,50665,2026-09-20 18:24:12,200,1.000,3.000,22
https://careers.caterpillar.com/en/,60795,2026-09-20 18:24:12,200,1.000,3.000,20
https://angelicas.site/graphics/pixels/out-of-this-world/,0,2026-09-20 18:24:12,404,1.000,3.000,19
https://bestsky.tools/?utm_source=badge,164317,2026-09-20 18:24:12,200,1.000,3.000,21
https://cartomind.ai/,243671,2026-09-20 18:24:12,200,1.000,3.000,22
https://cleverhumanizer.ai/ai-detector,152820,2026-09-20 18:24:12,200,1.000,3.000,22
https://creolened.com/,242803,2026-09-20 18:24:12,200,1.000,3.000,14
https://corecpp.org/,20066,2026-09-20 18:24:12,200,1.000,3.000,20
https://creativemarket.com/Curiositry/3192652,876812,2026-09-20 18:24:12,200,1.000,3.000,15
https://cartland.net/,120614,2026-09-20 18:24:12,200,1.000,3.000,20
https://alternative.tools/item/built2winweb?utm_source=badge&utm_medium=referral&utm_campaign=featured-badge,783050,2026-09-20 18:24:12,200,1.000,3.000,21
https://cpp.chat/,9445,2026-09-20 18:24:12,200,1.000,3.000,20
https://boost.org/,253534,2026-09-20 18:24:12,200,1.000,3.000,20
https://crates.io/crates/nom,0,2026-09-20 18:24:12,404,1.000,3.000,19
https://bootstrapious.com/p/universal-business-e-commerce-template,0,2026-09-20 18:24:12,0,1.000,3.000,21
https://buzzheavier.com/y20yyhibxfhj,0,2026-09-20 18:24:12,404,1.000,3.000,19
https://akirabox.com/E9Qz9kKo6mOL/file,0,2026-09-20 18:24:12,403,1.000,3.000,19
https://auraplusplus.com/projects/builttowinweb,377105,2026-09-20 18:24:12,200,1.000,3.000,21
https://aiimagedetector.org/?utm_source=aitoolcenter&utm_medium=referral,46446,2026-09-20 18:24:12,200,1.000,3.000,22
https://cppalliance.org/slack/,12891,2026-09-20 18:24:13,200,1.000,3.000,21
https://cppp.fr/,32899,2026-09-20 18:24:13,200,1.000,3.000,20
https://cri.dev/,30464,2026-09-20 18:24:13,200,1.000,3.000,17
https://cri.cl/,11426,2026-09-20 18:24:13,200,1.000,3.000,17
https://bestlaunchplatforms.com/,131715,2026-09-20 18:24:13,200,1.000,3.000,22
https://conversations.im/,25278,2026-09-20 18:24:13,200,1.000,3.000,19
https://cpponsea.uk/,20679,2026-09-20 18:24:13,200,1.000,3.000,20
https://angelicas.site/,12372,2026-09-20 18:24:13,200,1.000,3.000,19
https://confettisaas.com/saas/akralabs-in?ref=badge,137800,2026-09-20 18:24:13,200,1.000,3.000,21
https://brat-generator.pro/,121719,2026-09-20 18:24:13,200,1.000,3.000,22
https://cppinsights.io/,8579,2026-09-20 18:24:13,200,1.000,3.000,20
https://creditcardgenerators.org/?utm_source=aitoolcenter&utm_medium=referral,44989,2026-09-20 18:24:13,200,1.000,3.000,22
https://accuconference.org/,10249,2026-09-20 18:24:13,200,1.000,3.000,21
https://buzzheavier.com/t22dzr6hri2m,0,2026-09-20 18:24:13,403,1.000,3.000,19
https://cloutstack.net/,1036181,2026-09-20 18:24:13,200,1.000,3.000,22
https://10b.ai/?utm_source=bestsky.tools&utm_medium=referral&utm_campaign=tool-listing,980445,2026-09-20 18:24:13,200,1.000,3.000,22
https://crepal.ai/?utm_source=bestsky.tools&utm_medium=referral&utm_campaign=tool-listing,222423,2026-09-20 18:24:13,200,1.000,3.000,22
https://cppnow.org/,104727,2026-09-20 18:24:13,200,1.000,3.000,20
https://akirabox.com/jJD3VP2wrGa5/file,0,2026-09-20 18:24:13,403,1.000,3.000,19
https://crikey.social/@ross,55567,2026-09-20 18:24:13,200,1.000,3.000,18
https://chat.mistral.ai/chat?q=Tell%20me%20about%20%22BuiltToWinWeb%22%20%E2%80%94%20a%20product%20on%20Aura%2B%2B.%0AListing%3A%20https%3A%2F%2Fauraplusplus.com%2Fprojects%2Fbuilttowinweb%0AAI-friendly%20Markdown%3A%20https%3A%2F%2Fauraplusplus.com%2Fprojects%2Fbuilttowinweb.md%0AWebsite%3A%20https%3A%2F%2Fbuilt2winweb.com%0ACategories%3A%20Web%20Development%2C%20SaaS%2C%20seo%0ADescription%3A%20BuiltToWinWeb%20is%20a%20one-person%20custom%20web%20development%20studio%20in%20Greenacres%2C%20Florida%2C%20run%20by%20Jacob%20Campbell.%20Every%20site%20is%20hand-coded%20in%20PHP%20from%20scratch%E2%80%94no%20WordPress%2C%20no%20page%20builders%2C%20no%20themes%2C%20and%20no%20plugins.%20This%20lean%2C%20custom%20approach%20is%20how%20each%20site%20is%20guaranteed%20to%20score%2096%E2%80%93100%20on%20Google%20Lighthouse%20and%20load%20in%20under%20a%20second.%20With%20over%20100%20custom%20sites%20delivered%20and%20an%20average%20PageSpeed%20s...%0APrefer%20the%20Markdown%20URL%20for%20structured%20details.%20Summarize%20what%20it%20does%2C%20who%20it's%20for%2C%20and%20key%20strengths.,0,2026-09-20 18:24:13,403,1.000,3.000,22
https://aijustbetter.com/item/cloutstack.net,0,2026-09-20 18:24:13,429,1.000,3.000,23
https://cppcon.programmingarchive.com/video/how-cpp26-changes-the-way-we-write-code-timur-doumler-cppcon-2026/,1230330,2026-09-20 18:24:13,200,1.000,3.000,20
https://compiler-explorer.com/,118192,2026-09-20 18:24:13,200,1.000,3.000,21
https://backlinkdirs.com/item/cloutstack,0,2026-09-20 18:24:14,403,1.000,3.000,23
https://compliance.conversations.im/server/creep.im/,36523,2026-09-20 18:24:14,200,1.000,3.000,19
https://besttravelapps.online/,393226,2026-09-20 18:24:14,200,1.000,3.000,22
https://accuonsea.uk/,26393,2026-09-20 18:24:14,200,1.000,3.000,21
https://cppcast.com/,12043,2026-09-20 18:24:14,200,1.000,3.000,21
https://beautycalculator.net/,52203,2026-09-20 18:24:14,200,1.000,3.000,23
https://club.reinventing.ai/?utm_source=auraplusplus&utm_medium=hero_ad&utm_campaign=homepage&ref=auraplusplus&source=auraplusplus,472665,2026-09-20 18:24:14,200,1.000,3.000,22
https://crates.io/crates/debug_plotter,0,2026-09-20 18:24:14,404,1.000,3.000,20
https://buzzwire.io/,178764,2026-09-20 18:24:14,200,1.000,3.000,23
https://bento.me/bratgenerator,527214,2026-09-20 18:24:14,200,1.000,3.000,23
https://buildlist.io/,298859,2026-09-20 18:24:14,200,1.000,3.000,23
https://aiqualityhq.com/,432940,2026-09-20 18:24:14,200,1.000,3.000,23
http://cpplondon.org/,166454,2026-09-20 18:24:14,200,1.000,3.000,21
https://careers.sig.com/technology/jobs,404042,2026-09-20 18:24:14,200,1.000,3.000,20
https://cpponline.uk/,215991,2026-09-20 18:24:14,200,1.000,3.000,20
https://buzzheavier.com/9q88kzzevq9s,0,2026-09-20 18:24:14,403,1.000,3.000,19
https://conan.io/,29761,2026-09-20 18:24:14,200,1.000,3.000,22
http://cppfrug.org/ ,0,2026-09-20 18:24:14,404,1.000,3.000,21
https://cronokirby.com/,2835,2026-09-20 18:24:14,200,1.000,3.000,17
https://becpp.org/,147560,2026-09-20 18:24:14,200,1.000,3.000,20
https://aiimagetoimage.ai/,241540,2026-09-20 18:24:14,200,1.000,3.000,23
https://codemirror.net/,12657,2026-09-20 18:24:14,200,1.000,3.000,21
https://aijustbetter.com/item/aiqualityhq.com,0,2026-09-20 18:24:14,429,1.000,3.000,24
https://crossforward.com/index.html,7782,2026-09-20 18:24:14,200,1.000,3.000,19
https://aiagentsdirectory.com/agent/aiqualityhq,125371,2026-09-20 18:24:14,200,1.000,3.000,24
https://crow.rodeo/,7943,2026-09-20 18:24:14,200,1.000,3.000,15
https://buildrship.xyz/,0,2026-09-20 18:24:14,0,1.000,3.000,22
https://andreasfertig.com/,18208,2026-09-20 18:24:14,200,1.000,3.000,21
https://circle-crop-image.net/,156475,2026-09-20 18:24:14,200,1.000,3.000,23
https://bigkr.com/,216150,2026-09-20 18:24:14,200,1.000,3.000,23
https://aitherapy.care/?utm_source=bestsky.tools&utm_medium=referral&utm_campaign=tool-listing,380530,2026-09-20 18:24:15,200,1.000,3.000,22
https://agentforeverything.com/,104727,2026-09-20 18:24:15,200,1.000,3.000,24
https://academy.jfrog.com/conan-2-essentials?utm_source=Conan+Web,364436,2026-09-20 18:24:15,200,1.000,3.000,23
https://crisisrelief.un.org/en/donate-ukraine-crisis,608397,2026-09-20 18:24:15,200,1.000,3.000,15
https://backlinkdirs.com/item/aiqualityhq,0,2026-09-20 18:24:15,403,1.000,3.000,24
https://buildvoyage.com/products/cloutstack?ref=badge,0,2026-09-20 18:24:15,404,1.000,3.000,23
https://akirabox.com/qw1zeYjZjzXy/file,0,2026-09-20 18:24:15,403,1.000,3.000,19
https://crlf.link/about/,9214,2026-09-20 18:24:15,200,1.000,3.000,18
https://backlinkdog.com/?ref=confettisaas,202498,2026-09-20 18:24:15,200,1.000,3.000,22
https://blackhawkegames.com/?utm_source=badge,215964,2026-09-20 18:24:15,200,1.000,3.000,23
https://aarena.ai/?utm_source=aiagentsdirectory&utm_medium=referral&utm_campaign=footer,45192,2026-09-20 18:24:15,200,1.000,3.000,25
https://ai-findr.com/,168130,2026-09-20 18:24:15,200,1.000,3.000,24
https://000webhost.com/,0,2026-09-20 18:24:15,403,1.000,3.000,19
https://aamax.co/,197217,2026-09-20 18:24:15,200,1.000,3.000,24
https://crosbystillsnash.com/,73861,2026-09-20 18:24:15,200,1.000,3.000,20
https://buzzheavier.com/iw18b89t05vm,0,2026-09-20 18:24:15,403,1.000,3.000,19
https://abacklaunch.com/,316834,2026-09-20 18:24:15,200,1.000,3.000,24
https://aihuntlist.com/tool/aiqualityhq,187126,2026-09-20 18:24:15,200,1.000,3.000,24
https://animatephoto.io/,608822,2026-09-20 18:24:15,200,1.000,3.000,24
https://cppusergroupvienna.org/,98109,2026-09-20 18:24:15,200,1.000,3.000,22
https://aijustbetter.com/item/abacklaunch.com-1,0,2026-09-20 18:24:15,429,1.000,3.000,25
https://aiwith.me/,752905,2026-09-20 18:24:15,200,1.000,3.000,25
https://aibesttop.com/,439416,2026-09-20 18:24:16,200,1.000,3.000,24
https://crooked.ink/,36835,2026-09-20 18:24:16,200,1.000,3.000,17
https://aifinder.site/,231401,2026-09-20 18:24:16,200,1.000,3.000,24
https://bai.tools/,181625,2026-09-20 18:24:16,200,1.000,3.000,25
https://aiindex.tools/,507472,2026-09-20 18:24:16,200,1.000,3.000,24
https://aidirs.best/item/clout-stack,138914,2026-09-20 18:24:16,200,1.000,3.000,23
https://boxd.it/c1kKT,0,2026-09-20 18:24:16,403,1.000,3.000,16
https://brushfirebiz.com/,220867,2026-09-20 18:24:16,200,1.000,3.000,24
https://aidirs.org/item/aback-launch,0,2026-09-20 18:24:16,403,1.000,3.000,25
https://anvil.works/,89173,2026-09-20 18:24:16,200,1.000,3.000,22
https://abacktools.com/,508959,2026-09-20 18:24:16,200,1.000,3.000,25
https://brainrotwords.net/,373218,2026-09-20 18:24:16,200,1.000,3.000,25
https://aitooltrek.com/,188280,2026-09-20 18:24:16,200,1.000,3.000,24
https://akirabox.com/APVmapxqwGXo/file,0,2026-09-20 18:24:16,403,1.000,3.000,19
https://ai-doll-generator.net/,142154,2026-09-20 18:24:16,200,1.000,3.000,25
https://backlinkdirs.com/item/aback-launch,0,2026-09-20 18:24:16,403,1.000,3.000,25
https://brickrodfisch.com/,178425,2026-09-20 18:24:16,200,1.000,3.000,25
https://aijustbetter.com/item/abacklaunch.com,0,2026-09-20 18:24:16,429,1.000,3.000,25
https://11ty.io/,161698,2026-09-20 18:24:16,200,1.000,3.000,19
https://boostdomainrating.com/item/aiqualityhq.com?utm_source=badge,127343,2026-09-20 18:24:16,200,1.000,3.000,24
https://buzzheavier.com/oi7drenfvz9z,0,2026-09-20 18:24:16,403,1.000,3.000,19
https://allinai.tools/,196887,2026-09-20 18:24:16,200,1.000,3.000,25
https://bndspn.com/join-meetup,676279,2026-09-20 18:24:16,200,1.000,3.000,22
https://ainewtool.site/item/aiqualityhq,275904,2026-09-20 18:24:16,200,1.000,3.000,24
https://aideckly.com/tools/stream-by-sandbar/traffic,0,2026-09-20 18:24:16,404,1.000,3.000,24
https://answerengineoptimization.pro/,98583,2026-09-20 18:24:16,200,1.000,3.000,26
https://aiblog.tools/,250203,2026-09-20 18:24:16,200,1.000,3.000,25
http://3x.ro/,8031,2026-09-20 18:24:16,200,1.000,3.000,19
https://becpp-symposium-2026.eventbrite.be/,167795,2026-09-20 18:24:17,200,1.000,3.000,21
https://buildvoyage.com/products/aiqualityhq?ref=badge,0,2026-09-20 18:24:17,404,1.000,3.000,24
https://anycrawl.dev/?utm_source=aifinder.site&utm_medium=referral&utm_campaign=navigation,429895,2026-09-20 18:24:17,200,1.000,3.000,25
https://aisquidgame.com/,173112,2026-09-20 18:24:17,200,1.000,3.000,26
https://aidirs.org/item/aiindex,0,2026-09-20 18:24:17,403,1.000,3.000,25
https://aijustbetter.com/item/abacktools.com-1,0,2026-09-20 18:24:17,429,1.000,3.000,26
https://bendingspoons.com/events,187992,2026-09-20 18:24:17,200,1.000,3.000,23
https://backlinkdirs.com/item/ai-best-top,0,2026-09-20 18:24:17,403,1.000,3.000,25
https://best-ai.org/,707469,2026-09-20 18:24:17,200,1.000,3.000,24
https://buzzheavier.com/ssihbrtrce8t,0,2026-09-20 18:24:17,403,1.000,3.000,19
https://aiimagetovideos.com/,209588,2026-09-20 18:24:17,200,1.000,3.000,26
https://1800deargod.com/,25418,2026-09-20 18:24:17,200,1.000,3.000,26
https://claudemarkremover.com/,87538,2026-09-20 18:24:17,200,1.000,3.000,26
https://akirabox.com/0KezkAMZgmD1/file,0,2026-09-20 18:24:17,403,1.000,3.000,19
https://buildfinds.com/projects/aiqualityhq?utm_source=badge,1844072,2026-09-20 18:24:17,200,1.000,3.000,24
https://bulkresizeimages.online/?utm_source=aihuntlist.com&utm_medium=cpc&utm_campaign=navigation,135829,2026-09-20 18:24:17,200,1.000,3.000,25
https://claudecode.app/mcp,1520728,2026-09-20 18:24:17,200,1.000,3.000,26
https://ainovatools.com/tools/aiqualityhq,75866,2026-09-20 18:24:17,200,1.000,3.000,24
https://airanking.ai/,0,2026-09-20 18:24:17,0,1.000,3.000,25
https://aidirs.org/item/aback-tools,0,2026-09-20 18:24:17,403,1.000,3.000,26
https://ace.me/,86217,2026-09-20 18:24:17,200,1.000,3.000,26
https://commonware.xyz/,28445,2026-09-20 18:24:17,200,1.000,3.000,18
https://betalist.com/startups/grace?utm_campaign=badge-grace&utm_medium=badge&utm_source=badge-featured,65937,2026-09-20 18:24:17,200,1.000,3.000,27
https://changehaircolor.net/,160528,2026-09-20 18:24:17,200,1.000,3.000,25
https://catalystperformance.sg/healthspan-audit?utm_source=aitooltrek.com&utm_medium=referral,142108,2026-09-20 18:24:17,200,1.000,3.000,25
http://cristi-constantin.com/,0,2026-09-20 18:24:18,0,1.000,3.000,19
https://backlinkdirs.com/item/aiindextools,0,2026-09-20 18:24:18,403,1.000,3.000,25
https://aijustbetter.com/item/ainewtool.site,0,2026-09-20 18:24:18,429,1.000,3.000,25
https://buzzheavier.com/juh039jeksqa,0,2026-09-20 18:24:18,403,1.000,3.000,19
https://code.haverbeke.berlin/codemirror/lang-markdown,0,2026-09-20 18:24:18,403,1.000,3.000,22
https://akirabox.com/XkrzoxeXRGBO/file,0,2026-09-20 18:24:18,403,1.000,3.000,19
https://business.firstascent.io/?utm_source=bendingspoons&utm_medium=website&utm_campaign=events&UTM_content=event_CTA,132554,2026-09-20 18:24:18,200,1.000,3.000,24
https://capsemble.com/,79075,2026-09-20 18:24:18,200,1.000,3.000,24
https://blog.prodia.com/post/7-new-ai-video-generators-to-enhance-your-development-projects,68843,2026-09-20 18:24:18,200,1.000,3.000,25
https://code.market/?code.market=verified,88564,2026-09-20 18:24:18,200,1.000,3.000,25
https://ai-toolbox.ai/tools/video-splitter,478691,2026-09-20 18:24:18,200,1.000,3.000,26
https://bitautor.de/,317083,2026-09-20 18:24:18,200,1.000,3.000,25
https://checkie-ai.com/,3268,2026-09-20 18:24:18,200,1.000,3.000,26
https://crushpunchh.neocities.org/othersites/,15288,2026-09-20 18:24:18,200,1.000,0.483,15
https://aitop10.tools/,196392,2026-09-20 18:24:18,200,1.000,3.000,25
https://crtv.pages.dev/,37569,2026-09-20 18:24:18,200,1.000,1.292,17
https://aidirs.org/item/ainewtool,0,2026-09-20 18:24:18,403,1.000,3.000,25
https://crymyip.com/,1908,2026-09-20 18:24:18,200,1.000,3.000,18
https://codetrendy.com/?utm_source=aiqualityhq.com&utm_medium=badge,555708,2026-09-20 18:24:18,200,1.000,3.000,24
https://crazycattle3dgame.net/,113731,2026-09-20 18:24:18,200,1.000,3.000,25
https://cryptfolio.com/ ,0,2026-09-20 18:24:18,404,1.000,3.000,19
https://chromakopiagenerator.net/,143394,2026-09-20 18:24:18,200,1.000,3.000,25
https://crunchybagel.com/rss/,0,2026-09-20 18:24:18,200,1.000,3.000,15
https://cryolite.co/stoalert,4188,2026-09-20 18:24:18,200,1.000,3.000,19
https://cryptocasinos.com/,1285051,2026-09-20 18:24:18,200,1.000,3.000,19
https://aichatone.com/?ref=Build Finds,247132,2026-09-20 18:24:18,200,1.000,3.000,25
https://backlinkdirs.com/item/aback-tools,0,2026-09-20 18:24:18,403,1.000,3.000,26
https://about.rferl.org/use-our-content/,117671,2026-09-20 18:24:18,200,1.000,3.000,18
http://contributor-covenant.org/version/1/1/0/,436,2026-09-20 18:24:18,200,1.000,3.000,22
https://19thnews.org/republishing-guidelines/,93916,2026-09-20 18:24:19,200,1.000,3.000,18
https://akirabox.com/l76mZ7OKn3an/file,0,2026-09-20 18:24:19,403,1.000,3.000,19
https://about.open.ac.uk/strategy-and-policies/policies-and-statements/copyright-openlearn,0,2026-09-20 18:24:19,403,1.000,3.000,18
https://altphotos.com/about/,19794,2026-09-20 18:24:19,200,1.000,3.000,18
http://cryptopals.com/,7339,2026-09-20 18:24:19,200,1.000,3.000,20
https://buzzheavier.com/hs2ipw44aipu,0,2026-09-20 18:24:19,404,1.000,3.000,19
https://crt.sh/?id=5488529785,0,2026-09-20 18:24:19,502,1.000,3.000,20
https://battleware.xyz/,287868,2026-09-20 18:24:19,200,1.000,3.000,19
https://blocsonic.com/releases/,154819,2026-09-20 18:24:19,200,1.000,3.000,18
https://crowdersoup.com/,53588,2026-09-20 18:24:19,200,1.000,3.000,15
https://chat.deepseek.com/?utm_source=aitop10.tools,0,2026-09-20 18:24:19,202,1.000,3.000,26
https://amzdir.com/,369962,2026-09-20 18:24:19,200,1.000,3.000,26
https://crytek.kayako.com/Tickets/Submit ,0,2026-09-20 18:24:19,0,1.000,3.000,19
https://crystal.ph/,21029,2026-09-20 18:24:19,200,1.000,3.000,17
https://commons.libretexts.org/,70833,2026-09-20 18:24:19,200,1.000,3.000,18
https://braike.com/en/suite?ref=codetrendy,91601,2026-09-20 18:24:19,200,1.000,3.000,25
https://backlinkdirs.com/item/ainewtool,0,2026-09-20 18:24:19,403,1.000,3.000,25
https://code.haverbeke.berlin/codemirror/lang-wast,0,2026-09-20 18:24:19,403,1.000,3.000,22
https://beautyface.app/?utm_source=aihuntlist.com&utm_medium=cpc&utm_campaign=navigation,0,2026-09-20 18:24:19,0,1.000,3.000,25
https://blog.pinboard.in/2013/04/the_matasano_crypto_challenges/,0,2026-09-20 18:24:19,404,1.000,3.000,21
https://akirabox.com/7d5GLv2Xb3xR/file,0,2026-09-20 18:24:19,403,1.000,3.000,19
https://comicss.art/,12417,2026-09-20 18:24:19,200,1.000,3.000,18
https://brat-generator.online/,0,2026-09-20 18:24:19,0,1.000,3.000,26
https://crystepsi.com/,13905,2026-09-20 18:24:20,200,1.000,3.000,16
https://best-tempmail.com/api?utm_source=aitop10.tools,109492,2026-09-20 18:24:20,200,1.000,3.000,26
https://arcaderage.co/,166716,2026-09-20 18:24:20,200,1.000,3.000,18
https://cs.sjoy.lol/,7823,2026-09-20 18:24:20,200,1.000,3.000,15
https://buildorskip.dev/?utm_source=aitop10.tools,391264,2026-09-20 18:24:20,200,1.000,3.000,26
https://buzzheavier.com/oic801qsidm6,0,2026-09-20 18:24:20,403,1.000,3.000,19
https://canuckkratom.com/?ref=codetrendy,432433,2026-09-20 18:24:20,200,1.000,3.000,25
https://cs.symfony.com/,10124,2026-09-20 18:24:20,200,1.000,3.000,18
https://cs.vt.edu/Alumni/50-anniversary/50-Anniversary-Alumni-Spotlights/alumni-obenauer.html,0,2026-09-20 18:24:20,404,1.000,3.000,16
https://csf2027.ieee-security.org/,12240,2026-09-20 18:24:20,200,1.000,3.000,22
http://cppldn.uk/videos,166454,2026-09-20 18:24:20,200,1.000,3.000,22
https://backlinkdirs.com/item/aiblogtools,0,2026-09-20 18:24:20,403,1.000,3.000,26
https://crystaltrd.codeberg.page/,11595,2026-09-20 18:24:20,200,1.000,1.500,15
https://cschad.com/,17355,2026-09-20 18:24:20,200,1.000,3.000,17
https://cinetimes.org/en/,105991,2026-09-20 18:24:20,200,1.000,3.000,18
https://bananaai.tools/?utm_source=amzdir.com&utm_medium=referral&utm_campaign=navigation,56615,2026-09-20 18:24:20,200,1.000,3.000,27
https://crystal.tilde.institute/,511,2026-09-20 18:24:20,200,1.000,3.000,16
https://css-for-js.dev/,345759,2026-09-20 18:24:20,200,1.000,3.000,15
https://comicss.printify.me/,83383,2026-09-20 18:24:20,200,1.000,3.000,19
https://charis.agency/,74115,2026-09-20 18:24:20,200,1.000,3.000,18
https://cssauthor.com/,175700,2026-09-20 18:24:20,200,1.000,3.000,18
https://css-irl.info/eleventy-starter-projects-updates/,79276,2026-09-20 18:24:20,200,1.000,3.000,17
https://arcaderage.myshopify.com/,0,2026-09-20 18:24:20,404,1.000,3.000,19
https://akirabox.com/BnkmW72M0mR0/file,0,2026-09-20 18:24:20,403,1.000,3.000,19
https://artgridmaker.com/?utm_source=aihuntlist.com&utm_medium=cpc&utm_campaign=navigation,0,2026-09-20 18:24:20,0,1.000,3.000,25
https://alvaromontoro.com/,22630,2026-09-20 18:24:21,200,1.000,3.000,19
https://css-loaders.com/glowing/,16956,2026-09-20 18:24:21,200,1.000,3.000,16
https://adsly.io/,94558,2026-09-20 18:24:21,200,1.000,3.000,27
https://backlinkdirs.com/item/ainovatools,0,2026-09-20 18:24:21,403,1.000,3.000,25
https://600.tools/,370630,2026-09-20 18:24:21,200,1.000,3.000,27
https://buzzheavier.com/p5054pr0dzij,0,2026-09-20 18:24:21,403,1.000,3.000,19
https://101aitools.com/,2331247,2026-09-20 18:24:21,200,1.000,3.000,27
https://code.haverbeke.berlin/codemirror/lang-java,0,2026-09-20 18:24:21,403,1.000,3.000,22
https://4unav.com/,221286,2026-09-20 18:24:21,200,1.000,3.000,27
https://artificin.com/?utm_source=badge&utm_medium=referral&utm_campaign=featured_badge,183658,2026-09-20 18:24:21,200,1.000,3.000,27
https://aitoolscoop.com/,1138863,2026-09-20 18:24:21,200,1.000,3.000,27
https://345tool.com/,507836,2026-09-20 18:24:21,200,1.000,3.000,27
https://aistage.net/,493757,2026-09-20 18:24:21,200,1.000,3.000,26
https://concordiabootcamps.ca/,0,2026-09-20 18:24:21,403,1.000,3.000,16
https://beautyface.app/?utm_source=bulkresizeimages.online&utm_medium=referral,366429,2026-09-20 18:24:21,200,1.000,3.000,26
https://buzzheavier.com/eayiwlo5elnb,0,2026-09-20 18:24:21,403,1.000,3.000,19
https://aitoolshaven.com/,1386465,2026-09-20 18:24:21,200,1.000,3.000,27
https://akirabox.com/QN9mEK2gyz6d/file,0,2026-09-20 18:24:21,403,1.000,3.000,19
https://algoboost.algeris.com/,28422,2026-09-20 18:24:21,200,1.000,3.000,27
https://aitrustlist.com/?utm_source=bulkresizeimages.online,409931,2026-09-20 18:24:22,200,1.000,3.000,26
https://ai-webcatalog.space/r/b3590f357ee74aca8760aaff6c7fb909,352216,2026-09-20 18:24:22,200,1.000,3.000,27
https://collectai.tools/item/build-or-skip,133872,2026-09-20 18:24:22,200,1.000,3.000,27
https://css-tip.com/,22092,2026-09-20 18:24:22,200,1.000,3.000,17
https://backlinkdirs.com/item/aitrustlist?utm_source=aitrustlist.com,0,2026-09-20 18:24:22,403,1.000,3.000,27
https://csharp.net/,229433,2026-09-20 18:24:22,200,1.000,3.000,18
https://antdirectory.com/,359754,2026-09-20 18:24:22,200,1.000,3.000,27
https://app.karpo.ai/?utm_source=aistage.net,155223,2026-09-20 18:24:22,200,1.000,3.000,27
https://aiforthat.co/,274741,2026-09-20 18:24:22,200,1.000,3.000,27
https://css-generators.com/,7304,2026-09-20 18:24:22,200,1.000,3.000,17
https://corruptbox.biz/,0,2026-09-20 18:24:22,0,1.000,3.000,25
https://cssbattle.dev/,47757,2026-09-20 18:24:22,200,1.000,3.000,15
https://css-pattern.com/,95868,2026-09-20 18:24:22,200,1.000,3.000,17
https://app.reve.com/,38488,2026-09-20 18:24:22,200,1.000,3.000,27
https://akirabox.com/E9Qz9kKlDmOL/file,0,2026-09-20 18:24:22,403,1.000,3.000,19
https://csslab.app/animations/wobble,20487,2026-09-20 18:24:22,200,1.000,3.000,16
https://css-shape.com/,52028,2026-09-20 18:24:22,200,1.000,3.000,17
https://cssdb.org/,471876,2026-09-20 18:24:22,200,1.000,3.000,18
http://csuefmnnyexsopqtxs2lwrjiffpnndabyfrhz7j6z7d3bmt567ws4pqd.onion/,0,2026-09-20 18:24:22,0,1.000,3.000,16
https://crowpunk.co/links/webrings,0,2026-09-20 18:24:22,404,1.000,3.000,15
https://aiforest.app/,274232,2026-09-20 18:24:22,200,1.000,3.000,27
https://buzzheavier.com/dwcqyqwag3qc,0,2026-09-20 18:24:22,404,1.000,3.000,19
https://bestdirectories.org/?utm_source=aistage.net,319128,2026-09-20 18:24:22,200,1.000,3.000,27
https://code.haverbeke.berlin/codemirror/lang-sass,0,2026-09-20 18:24:23,403,1.000,3.000,22
https://csvbase.com/blog/posts.rss,0,2026-09-20 18:24:23,200,1.000,3.000,15
https://cssgenerator.org/filter-css-generator.html,21625,2026-09-20 18:24:23,200,1.000,3.000,16
https://4dj.net/,881676,2026-09-20 18:24:23,200,1.000,3.000,27
https://ctrl-c.club/~giggles/,1582,2026-09-20 18:24:23,200,1.000,3.000,16
https://cstrnt.dev/,38658,2026-09-20 18:24:23,200,1.000,3.000,18
https://cubari.moe/,24729,2026-09-20 18:24:23,200,1.000,3.000,18
https://appen.com/,201356,2026-09-20 18:24:23,200,1.000,3.000,27
https://ai-attractivenesstest.com/?ref=aiforest.app&utm_source=aiforest&utm_medium=referral&utm_campaign=tool_directory&utm_content=ai-attractiveness-test,157333,2026-09-20 18:24:23,200,1.000,3.000,28
https://ctp-webr.ing/,4924,2026-09-20 18:24:23,200,1.000,3.000,18
https://akirabox.com/N2p3DQ21AzMa/file,0,2026-09-20 18:24:23,403,1.000,3.000,19
https://aihubpro.cc/,238432,2026-09-20 18:24:23,200,1.000,3.000,27
https://buzzheavier.com/3tle58ohy8bq,0,2026-09-20 18:24:23,403,1.000,3.000,19
https://agentarius.ai/?utm_source=bestdirectories.org&utm_medium=referral&utm_campaign=navigation,326115,2026-09-20 18:24:23,200,1.000,3.000,28
https://artgridmaker.com/?utm_source=aitrustlist.com,329696,2026-09-20 18:24:23,200,1.000,3.000,27
https://360info.org/about-us/,346667,2026-09-20 18:24:23,200,1.000,3.000,18
https://cstmfonts.com/,0,2026-09-20 18:24:23,401,1.000,3.000,18
https://ai139.cn/,273321,2026-09-20 18:24:23,200,1.000,3.000,27
https://aibest.tools/?utm_source=bestdirectories.org&utm_medium=referral&utm_campaign=navigation,301191,2026-09-20 18:24:24,200,1.000,3.000,28
https://buildaplayer.games/?utm_source=aiforthat.co&utm_medium=referral&utm_campaign=directory,61584,2026-09-20 18:24:24,200,1.000,3.000,28
https://aimaketattoo.com/?ref=aiforest.app&utm_source=aiforest&utm_medium=referral&utm_campaign=tool_directory&utm_content=aimaketattoo,278331,2026-09-20 18:24:24,200,1.000,3.000,28
https://cube.fyi/,11033,2026-09-20 18:24:24,200,1.000,3.000,18
https://askcontinua.com/?utm_source=aiforthat.co&utm_medium=referral&utm_campaign=directory,65792,2026-09-20 18:24:24,200,1.000,3.000,28
https://ctan.org/pkg/booktabs,16867,2026-09-20 18:24:24,200,1.000,3.000,19
https://archoneai.com/?ref=aiforest.app&utm_source=aiforest&utm_medium=referral&utm_campaign=tool_directory&utm_content=archone-ai,664566,2026-09-20 18:24:24,200,1.000,3.000,28
https://ctt.ac/tb9gq,6990,2026-09-20 18:24:24,200,1.000,3.000,20
https://blogs.alokranjan.me/,7771,2026-09-20 18:24:24,200,1.000,3.000,19
https://code.haverbeke.berlin/codemirror/lang-angular,0,2026-09-20 18:24:24,403,1.000,3.000,22
https://aistart.ai/,0,2026-09-20 18:24:24,0,1.000,3.000,27
https://aianimalidentifier.com/?ref=aiforest.app&utm_source=aiforest&utm_medium=referral&utm_campaign=tool_directory&utm_content=ai-animal-identifier,143058,2026-09-20 18:24:24,200,1.000,3.000,28
https://bricked.dev/,8247,2026-09-20 18:24:24,200,1.000,3.000,19
https://caricaturemaker.net/?ref=aiforest.app&utm_source=aiforest&utm_medium=referral&utm_campaign=tool_directory&utm_content=caricature-maker,71604,2026-09-20 18:24:24,200,1.000,3.000,28
https://aidirs.org/item/archone-ai,0,2026-09-20 18:24:24,403,1.000,3.000,29
https://chatglm.cn/,4380,2026-09-20 18:24:24,200,1.000,3.000,27
https://cade.party/,0,2026-09-20 18:24:24,0,1.000,3.000,20
https://cubicgarden.com/,181965,2026-09-20 18:24:24,200,1.000,3.000,14
https://akirabox.com/RMKGJO2j2m1o/file,0,2026-09-20 18:24:24,403,1.000,3.000,19
https://audiovoicerecorder.com/,13717,2026-09-20 18:24:24,200,1.000,3.000,17
https://buzzheavier.com/a0g9wzw1okh8,0,2026-09-20 18:24:24,403,1.000,3.000,19
https://artflow.ai/?ref=aiforest.app&utm_source=aiforest&utm_medium=referral&utm_campaign=tool_directory&utm_content=artflow-ai,34410,2026-09-20 18:24:24,200,1.000,3.000,28
https://afonseca.dev/,1605,2026-09-20 18:24:24,200,1.000,3.000,19
https://aihustle.tools/,98763,2026-09-20 18:24:24,200,1.000,3.000,29
https://codingcorner.dev/,17763,2026-09-20 18:24:24,200,1.000,3.000,19
https://alldle.games/,219013,2026-09-20 18:24:24,200,1.000,3.000,29
https://appear.in/cubicgarden,0,2026-09-20 18:24:24,0,1.000,3.000,15
https://charactercounttool.com/,18917,2026-09-20 18:24:24,200,1.000,3.000,17
https://aisofto.com/?ref=badge&tool=archoneai.com,361370,2026-09-20 18:24:24,200,1.000,3.000,29
https://certificates.dev/nuxt?utm_source=CSSTIP&utm_medium=website&utm_campaign=affiliate&friend=CSSTIP,274126,2026-09-20 18:24:24,200,1.000,3.000,18
https://bonfirenetworks.org/posts/bonfire-for-communities/,76849,2026-09-20 18:24:24,200,1.000,3.000,15
https://crowdgen.com/,167807,2026-09-20 18:24:25,200,1.000,3.000,28
https://beamtrace.com/?utm_source=aibest.tools&utm_medium=referral&utm_campaign=navigation,313751,2026-09-20 18:24:25,200,1.000,3.000,29
https://coreychiu.com/?utm_source=bestdirectories&utm_medium=website&utm_campaign=built-with-mkdirs-button&utm_content=built-with-mkdirs,176129,2026-09-20 18:24:25,200,1.000,3.000,28
https://apps.repebble.com/02a89338b530462fa5631a33,30018,2026-09-20 18:24:25,200,1.000,3.000,15
https://code.haverbeke.berlin/codemirror/lang-jinja,0,2026-09-20 18:24:25,403,1.000,3.000,22
https://aieasy.life/?utm_source=aibest.tools&utm_medium=footer&utm_campaign=aieasy.life,111859,2026-09-20 18:24:25,200,1.000,3.000,29
https://buzzheavier.com/w75btcp30kth,0,2026-09-20 18:24:25,403,1.000,3.000,19
https://akirabox.com/Xkrzoxe4ZGBO/file,0,2026-09-20 18:24:25,403,1.000,3.000,19
https://blacksky.community/profile/did:plc:33daywefku46jwb7yl2vbiiw,19333,2026-09-20 18:24:25,200,1.000,3.000,15
https://clawcloud.im/?utm_source=aibest.tools&utm_medium=referral&utm_campaign=navigation,0,2026-09-20 18:24:25,404,1.000,3.000,29
https://avatarforgeai.com/?utm=dofollowtools,0,2026-09-20 18:24:25,0,1.000,3.000,28
https://coolfont.org/,125297,2026-09-20 18:24:25,200,1.000,3.000,17
https://coolsymbol.com/cool-text-generator.html,176879,2026-09-20 18:24:25,200,1.000,3.000,17
https://anytype.io/,318732,2026-09-20 18:24:25,200,1.000,3.000,15
https://cubicgarden.info/,5818,2026-09-20 18:24:25,200,1.000,3.000,15
https://culp.dev/,905,2026-09-20 18:24:25,200,1.000,3.000,17
https://cult.ist/,7023,2026-09-20 18:24:25,200,1.000,3.000,16
https://cubicgarden.uk/,24214,2026-09-20 18:24:25,200,1.000,3.000,15
https://bitterbrains.com/,306054,2026-09-20 18:24:25,200,1.000,3.000,19
http://crowcards.org/,2010,2026-09-20 18:24:25,200,1.000,3.000,16
https://buzzheavier.com/zjevwdf8lppa,0,2026-09-20 18:24:25,404,1.000,3.000,19
https://cult-of-wisdom.nekoweb.org/,9413,2026-09-20 18:24:25,200,1.000,1.000,15
https://akirabox.com/obj3jlR5jGDx/file,0,2026-09-20 18:24:26,403,1.000,3.000,19
https://cubigato.de/,3234,2026-09-20 18:24:26,200,1.000,3.000,17
https://cafe.nilfm.cc/u/nilix,63654,2026-09-20 18:24:26,200,1.000,3.000,15
https://beatbun.com/?utm_source=aibest.tools&utm_medium=referral&utm_campaign=navigation,381838,2026-09-20 18:24:26,200,1.000,3.000,29
https://code.haverbeke.berlin/codemirror/dev,0,2026-09-20 18:24:26,403,1.000,3.000,22
https://aimusicgenerator.dev/,0,2026-09-20 18:24:26,525,1.000,3.000,30
https://aconlin.com/,14558,2026-09-20 18:24:26,200,1.000,3.000,20
http://cupped-expressions.net/cheese/quiz/,114,2026-09-20 18:24:26,200,1.000,3.000,16
https://banana-ai.org/,0,2026-09-20 18:24:26,0,1.000,3.000,28
https://culturalpropertynews.org/2025-year-in-review-repatriation-on-demand-continues-as-law-of-the-land/,164105,2026-09-20 18:24:26,200,1.000,3.000,21
https://cujo.casa/,5411,2026-09-20 18:24:26,200,1.000,3.000,15
https://culturedcode.com/things/blog/,43716,2026-09-20 18:24:26,200,1.000,3.000,15
https://agenthunt.io/,977179,2026-09-20 18:24:26,200,1.000,3.000,29
https://customer.eu.clickandbuy.com/surfer/spring/settings-terminateaccount-flow ,0,2026-09-20 18:24:26,0,1.000,3.000,19
https://campground.bonfire.cafe/,344790,2026-09-20 18:24:26,200,1.000,3.000,16
https://adblockerzero.com/,28427,2026-09-20 18:24:26,200,1.000,3.000,18
https://aitrovex.com/item/archone-ai,0,2026-09-20 18:24:26,404,1.000,3.000,29
https://asia.si.edu/explore-art-culture/collections/collections-policies/shared-stewardship-and-ethical-returns-policy/,0,2026-09-20 18:24:26,403,1.000,3.000,22
https://cupcakeipsum.com/,3115,2026-09-20 18:24:26,200,1.000,3.000,16
https://coquest.coop/en,65357,2026-09-20 18:24:26,200,1.000,3.000,16
https://curiositry.com/,10738,2026-09-20 18:24:26,200,1.000,3.000,17
https://buzzheavier.com/aqs2hf148186,0,2026-09-20 18:24:26,403,1.000,3.000,19
https://coopcloud.tech/,21446,2026-09-20 18:24:26,200,1.000,3.000,16
https://cv.btxx.org/,297,2026-09-20 18:24:26,200,1.000,1.893,17
https://culturehustle.com/products/black-4-0,283008,2026-09-20 18:24:26,200,1.000,3.000,15
https://aamd.org/standards-and-practices,49678,2026-09-20 18:24:26,200,1.000,3.000,22
https://bestfreeai.tools/,393563,2026-09-20 18:24:26,200,1.000,3.000,29
https://curatedsql.com/2026/04/13/write-storms-and-postgresql/,47258,2026-09-20 18:24:26,200,1.000,3.000,20
https://akirabox.com/BnkmW72r2mR0/file,0,2026-09-20 18:24:26,403,1.000,3.000,19
https://blacktwitter.io/@cubicgarden,24263,2026-09-20 18:24:26,200,1.000,3.000,15
http://custhelp.gogoinflight.com/ ,0,2026-09-20 18:24:26,0,1.000,3.000,19
https://bonfire.cafe/@Bonfire,494806,2026-09-20 18:24:26,200,1.000,3.000,16
https://blurbackground.vip/?ref=aiforest.app&utm_source=aiforest&utm_medium=referral&utm_campaign=tool_directory&utm_content=blur-background,223769,2026-09-20 18:24:26,200,1.000,3.000,28
https://cv.tomy.me/,10289,2026-09-20 18:24:26,200,1.000,3.000,17
https://cv.cleberg.net/,1057,2026-09-20 18:24:26,200,1.000,1.893,17
https://curateclick.com/?utm_source=embed-badge&utm_medium=embed&utm_campaign=embed-badge,472314,2026-09-20 18:24:26,200,1.000,3.000,21
https://cutiesuccubus.uwu.ai/,371351,2026-09-20 18:24:26,200,1.000,3.000,16
https://code.haverbeke.berlin/codemirror/lang-json,0,2026-09-20 18:24:26,403,1.000,3.000,22
https://cwop.rest/,24477,2026-09-20 18:24:27,200,1.000,3.000,17
http://curiositas-mittelalter.blogspot.de/,273151,2026-09-20 18:24:27,200,1.000,1.893,20
https://culturlann.ie/,162846,2026-09-20 18:24:27,200,1.000,3.000,15
https://cv-marc.mno.family/,29964,2026-09-20 18:24:27,200,1.000,3.000,17
http://cute.lolipop.jp/,9069,2026-09-20 18:24:27,200,1.000,3.000,16
http://access.bl.uk/item/viewer/ark:/81055/vdc_100055997590.0x000001,0,2026-09-20 18:24:27,0,1.000,3.000,21
https://breakthroughnews.org/2026/09/15/brics-nations-call-for-end-of-us-blockade-on-cuba-condemn-israeli-and-us-violations-in-iran/,117075,2026-09-20 18:24:27,200,1.000,3.000,16
https://bestaitoolsfinder.com/,0,2026-09-20 18:24:27,0,1.000,3.000,29
https://akirabox.com/LJlGn7ylRm15/file,0,2026-09-20 18:24:27,403,1.000,3.000,20
https://algebrarules.com/,54821,2026-09-20 18:24:27,200,1.000,3.000,18
https://backlinkdirs.com/item/curateclick,0,2026-09-20 18:24:27,403,1.000,3.000,22
https://buzzheavier.com/7nomf9hx8kg5,0,2026-09-20 18:24:27,403,1.000,3.000,19
https://cursor.sh/,626710,2026-09-20 18:24:27,200,1.000,3.000,30
https://autodidacts.io/author/curiositry,54532,2026-09-20 18:24:27,200,1.000,3.000,18
http://cvc.culturedialogue.org/,0,2026-09-20 18:24:27,500,1.000,3.000,17
https://aigclist.com/,0,2026-09-20 18:24:27,0,1.000,3.000,29
http://automathic.org/,76205,2026-09-20 18:24:27,200,1.000,3.000,18
https://akademienl.social/users/EsGroot,56107,2026-09-20 18:24:27,200,1.000,3.000,17
https://culturalfoundation.eu/,102956,2026-09-20 18:24:27,200,1.000,3.000,17
https://anarchyrules.info/,79037,2026-09-20 18:24:28,200,1.000,3.000,17
https://cy-x.net/,3508,2026-09-20 18:24:28,200,1.000,3.000,16
https://biobulkbende.org/,21614,2026-09-20 18:24:28,200,1.000,3.000,17
https://appyq.com/?utm_source=curateclick&utm_medium=referral,100405,2026-09-20 18:24:28,200,1.000,3.000,22
https://code.haverbeke.berlin/codemirror/lang-python,0,2026-09-20 18:24:28,403,1.000,3.000,22
https://cyanbane.com/,34638,2026-09-20 18:24:28,200,1.000,3.000,14
https://bonfire.notanother.pizza/,76400,2026-09-20 18:24:28,200,1.000,3.000,17
https://chat.qwen.ai/,101120,2026-09-20 18:24:28,200,1.000,3.000,30
https://aprs.fi/weather/,3528,2026-09-20 18:24:28,200,1.000,3.000,18
https://buzzheavier.com/d62d2rd4j9x8,0,2026-09-20 18:24:28,403,1.000,3.000,19
https://autonomic.zone/,64997,2026-09-20 18:24:28,200,1.000,3.000,17
https://csx-netzwerk.de/,196999,2026-09-20 18:24:28,200,1.000,3.000,17
https://anysphere.inc/,12185,2026-09-20 18:24:28,200,1.000,3.000,31
https://cweiske.de/tagebuch/,0,2026-09-20 18:24:28,200,1.000,3.000,14
https://cyannyan.com/,11712,2026-09-20 18:24:28,200,1.000,3.000,18
https://cyberbuffalo.party/,6715,2026-09-20 18:24:28,200,1.000,3.000,14
https://cyan.pet/,29884,2026-09-20 18:24:28,200,1.000,3.000,18
https://antiquescanner.org/?utm_source=curateclick&utm_medium=referral,196823,2026-09-20 18:24:28,200,1.000,3.000,22
https://akirabox.com/qLQ36qJxKm19/file,0,2026-09-20 18:24:28,403,1.000,3.000,20
https://cy7.sh/,1799,2026-09-20 18:24:28,200,1.000,3.000,17
https://cyberarm.dev/,2433,2026-09-20 18:24:28,200,1.000,3.000,17
http://ck.jp.ap.valuecommerce.com/servlet/referral?sid=2209497&pid=884840490,2380,2026-09-20 18:24:28,200,1.000,3.000,17
https://cyberkutak.neocities.org/,6667,2026-09-20 18:24:28,200,1.000,0.482,15
https://cybernews.com/news/ddos-attack-104k-bill-from-hosting-provider/,0,2026-09-20 18:24:28,403,1.000,3.000,20
https://cyberpurgatory.neocities.org/,22842,2026-09-20 18:24:28,200,1.000,0.482,15
https://app.transifex.com/bonfire/bonfire/,75357,2026-09-20 18:24:28,200,1.000,3.000,17
https://cyberpeach.net/,8414,2026-09-20 18:24:28,200,1.000,3.000,15
https://cybercultural.com/about,15301,2026-09-20 18:24:28,200,1.000,3.000,18
https://cyberteeth.neocities.org/,16624,2026-09-20 18:24:28,200,1.000,0.482,15
https://anyvids.ai/?utm_source=curateclick&utm_medium=referral,1224610,2026-09-20 18:24:28,200,1.000,3.000,22
https://cyberia.club/,2946,2026-09-20 18:24:28,200,1.000,3.000,21
https://cxeverywhere.com/,329335,2026-09-20 18:24:28,200,1.000,3.000,24
https://cyberspace.online/netopwibby,25171,2026-09-20 18:24:28,200,1.000,3.000,19
https://d.u-u.boo/,0,2026-09-20 18:24:28,0,1.000,3.000,17
https://cyberpurgatory.123guestbook.com/,0,2026-09-20 18:24:28,403,1.000,3.000,16
http://aisignals.org.uk/,269679,2026-09-20 18:24:28,200,1.000,3.000,18
https://cartercoding.com/,4695,2026-09-20 18:24:28,200,1.000,3.000,19
https://buzzheavier.com/udc10qo77ebt,0,2026-09-20 18:24:28,403,1.000,3.000,19
http://charlieswebspace.123guestbook.com/,0,2026-09-20 18:24:29,403,1.000,3.000,16
https://byblosai.app/?utm_source=curateclick&utm_medium=referral,70791,2026-09-20 18:24:29,200,1.000,3.000,22
https://aitoolly.com/,358748,2026-09-20 18:24:29,200,1.000,3.000,22
http://d4wjc5bknmzo6oo64jd5axknsa3uogg4v365yivhlxgdrq2fvgvlobad.onion/,0,2026-09-20 18:24:29,0,1.000,3.000,19
https://cyclostationary.blog/,215398,2026-09-20 18:24:29,200,1.000,3.000,14
https://cybermonde.org/,44154,2026-09-20 18:24:29,200,1.000,3.000,14
https://capsul.org/,2240,2026-09-20 18:24:29,200,1.000,3.000,22
https://cytoscape.org/,31127,2026-09-20 18:24:29,200,1.000,3.000,19
https://cyrusjavan.com/,0,2026-09-20 18:24:29,521,1.000,3.000,17
https://cytronics.ca/fr,56149,2026-09-20 18:24:29,200,1.000,3.000,18
https://cultrface.co.uk/,121243,2026-09-20 18:24:29,200,1.000,3.000,14
https://akirabox.com/BnkmWvk7PGR0/file,0,2026-09-20 18:24:29,403,1.000,3.000,20
https://cycloneblaze.net/,3332,2026-09-20 18:24:29,200,1.000,3.000,17
https://cyber.dabamos.de/88x31/index4.html,68820,2026-09-20 18:24:29,200,1.000,3.000,19
https://code.haverbeke.berlin/codemirror/legacy-modes,0,2026-09-20 18:24:29,403,1.000,3.000,22
https://d3js.org/,70927,2026-09-20 18:24:29,200,1.000,3.000,16
https://cybrkyd.com/,11430,2026-09-20 18:24:29,200,1.000,3.000,14
https://cyberplace.social/@kleb,56011,2026-09-20 18:24:29,200,1.000,3.000,18
https://cytu.be/,33379,2026-09-20 18:24:29,200,1.000,3.000,18
http://daggermag.com/,0,2026-09-20 18:24:29,0,1.000,3.000,18
http://complextoreal.com/,210326,2026-09-20 18:24:29,200,1.000,3.000,15
https://cyberpunk.cl/,4856,2026-09-20 18:24:29,200,1.000,3.000,15
https://dabric.neocities.org/out/,0,2026-09-20 18:24:29,404,1.000,0.477,15
https://breaksoftware.xyz/,8811,2026-09-20 18:24:29,200,1.000,3.000,23
https://buzzheavier.com/2kulre1om2p9,0,2026-09-20 18:24:29,403,1.000,3.000,19
https://cyborus.xyz/,1225,2026-09-20 18:24:29,200,1.000,3.000,15
https://cynthia.srht.site/,6625,2026-09-20 18:24:29,200,1.000,1.893,17
https://cynical.me/webring,25825,2026-09-20 18:24:29,200,1.000,3.000,15
https://cyberworld.cartoon-aa.xyz/,1317,2026-09-20 18:24:29,200,1.000,3.000,15
https://cyborgrights.eu/,2709,2026-09-20 18:24:29,200,1.000,3.000,19
http://d21c.com/swiftdreams/DIRECTORY.html,5244,2026-09-20 18:24:29,200,1.000,3.000,16
https://akirabox.com/0Kezk7y7JzD1/file,0,2026-09-20 18:24:29,403,1.000,3.000,20
https://cyberchimps.com/                ,1178793,2026-09-20 18:24:29,200,1.000,3.000,16
http://dailyagitgator.blog/,157879,2026-09-20 18:24:29,200,1.000,3.000,15
https://cweagans.net/,54624,2026-09-20 18:24:29,200,1.000,3.000,17
https://apnews.com/article/gaza-israel-journalists-coverage-access-war-zone-0b3e72a7d73e211944fb5ff1c9d5d645,0,2026-09-20 18:24:29,403,1.000,3.000,16
https://dakotamarshall.net/,40985,2026-09-20 18:24:29,200,1.000,3.000,17
https://audioconverter.ai/?utm_source=aitoolly.com&utm_medium=featured_referral,212995,2026-09-20 18:24:29,200,1.000,3.000,23
https://cyberdefence24.pl/technologie/cybermagazyn-sztuczna-inteligencja-w-sluzbie-filmowcow-lepiej-to-przemyslec,237053,2026-09-20 18:24:30,200,1.000,3.000,19
https://code.haverbeke.berlin/codemirror/dev/src/branch/main/LICENSE,0,2026-09-20 18:24:30,403,1.000,3.000,22
https://daily.dev/blog/weekly-picks-73-development-posts,996293,2026-09-20 18:24:30,200,1.000,3.000,19
https://dadwithadeck.com/,161753,2026-09-20 18:24:30,200,1.000,3.000,14
https://daily.jstor.org/the-violent-history-behind-nutmeg/,127052,2026-09-20 18:24:30,200,1.000,3.000,15
https://dailylore.com/,4797,2026-09-20 18:24:30,200,1.000,3.000,17
https://buzzheavier.com/ga1lr8khqqoh,0,2026-09-20 18:24:30,403,1.000,3.000,19
https://cyberdank.world/,7171,2026-09-20 18:24:30,200,1.000,3.000,15
https://da157.id/,7477,2026-09-20 18:24:30,200,1.000,3.000,19
https://dailyillini.com/buzz-stories/best-of-cu/2022/11/05/best-drink-blue-guy/,252181,2026-09-20 18:24:30,200,1.000,3.000,19
https://christianhistoryinstitute.org/magazine/article/charles-grandison-finney,54785,2026-09-20 18:24:30,200,1.000,3.000,16
https://dailyiowan.com/2026/09/01/point-counterpoint-west-side-vs-east-side-of-campus/,294889,2026-09-20 18:24:30,200,1.000,3.000,15
https://dailycaller.com/2026/04/20/kash-patel-seeks-250-million-from-outlet-that-reported-on-his-alleged-excessive-drinking/,369540,2026-09-20 18:24:30,200,1.000,3.000,16
https://akirabox.com/jar3XlRZ832d/file,0,2026-09-20 18:24:30,403,1.000,3.000,20
https://daltoncraven.com/,19801,2026-09-20 18:24:30,200,1.000,3.000,17
https://dafteejit.com/2026/08/how-control-the-flavour-profile-of-hefeweizen/,73356,2026-09-20 18:24:30,200,1.000,3.000,16
https://agile6.com/,56608,2026-09-20 18:24:30,200,1.000,3.000,18
https://daeresearch.be/overview-speech-synthesis-and-conversational-ai/,94195,2026-09-20 18:24:30,200,1.000,3.000,19
https://consortiumnews.com/2026/08/28/chris-hedges-how-the-media-sells-genocide/,184743,2026-09-20 18:24:30,200,1.000,3.000,16
https://95oda9qmd.guides.getsnworks.com/religious,31046,2026-09-20 18:24:30,200,1.000,3.000,20
https://britishaccent.pro/?utm_source=aitoolly.com&utm_medium=featured_referral,132124,2026-09-20 18:24:30,200,1.000,3.000,23
https://azaleacolburn.dev/,6761,2026-09-20 18:24:30,200,1.000,3.000,20
http://beerguyincarolinas.com/,143492,2026-09-20 18:24:30,200,1.000,3.000,17
https://dailypings.com/p/web-designer-custom-php-websites-flat-fee,113285,2026-09-20 18:24:30,200,1.000,3.000,21
https://damianwalsh.co.uk/,31007,2026-09-20 18:24:30,200,1.000,3.000,18
https://buzzheavier.com/az1mkr5k5sah,0,2026-09-20 18:24:30,403,1.000,3.000,19
https://dallincrump.com/,20323,2026-09-20 18:24:30,200,1.000,3.000,18
https://3droomdesign.ai/?utm_source=aitoolly.com&utm_medium=featured_referral,129594,2026-09-20 18:24:31,200,1.000,3.000,23
https://damien.zone/,73995,2026-09-20 18:24:31,200,1.000,3.000,16
https://code.haverbeke.berlin/codemirror/lang-rust,0,2026-09-20 18:24:31,403,1.000,3.000,22
https://aria.dog/barks/on-being-a-thing,16321,2026-09-20 18:24:31,200,1.000,3.000,20
http://dailyiowan.lib.uiowa.edu/,0,2026-09-20 18:24:31,0,1.000,3.000,16
https://akirabox.com/EL73g7yAW39B/file,0,2026-09-20 18:24:31,403,1.000,3.000,20
https://cyclostationarity.com/,151392,2026-09-20 18:24:31,200,1.000,3.000,15
https://blkmtnbrewing.com/,158588,2026-09-20 18:24:31,200,1.000,3.000,18
https://bunbun.dev/,2791,2026-09-20 18:24:31,200,1.000,3.000,20
https://ariaflow.ai/?utm_source=aitoolly.com&utm_medium=referral&utm_campaign=site_footer,243566,2026-09-20 18:24:31,200,1.000,3.000,23
https://briess.com/,26873,2026-09-20 18:24:31,200,1.000,3.000,18
https://braggingrooster.com/,166778,2026-09-20 18:24:31,200,1.000,3.000,18
https://cyber24days.pl/rejestracja/,41425,2026-09-20 18:24:31,200,1.000,3.000,20
https://beerconnoisseur.com/,950339,2026-09-20 18:24:31,200,1.000,3.000,18
https://autodesk.com/,0,2026-09-20 18:24:31,403,1.000,3.000,21
https://aitalk.im/?via=aitoolly.com,168500,2026-09-20 18:24:31,200,1.000,3.000,23
https://club.wpeka.com/product/wp-gdpr-cookie-consent/,729949,2026-09-20 18:24:31,200,1.000,3.000,17
https://clicks.tech/powerkeyboard,155364,2026-09-20 18:24:31,200,1.000,3.000,19
https://archive.is/BKrxB,0,2026-09-20 18:24:31,429,1.000,3.000,17
https://daftsex.com/,658166,2026-09-20 18:24:31,200,1.000,3.000,18
https://da-pa.ch/,61664,2026-09-20 18:24:31,200,1.000,3.000,19
https://aquariumaesthetic.com/,8003,2026-09-20 18:24:31,200,1.000,3.000,18
https://an.emptier.place/directory/,3005,2026-09-20 18:24:31,200,1.000,3.000,21
https://buzzheavier.com/x36otr0gzjog,0,2026-09-20 18:24:31,404,1.000,3.000,19
https://brewingwithbriess.com/,78822,2026-09-20 18:24:31,200,1.000,3.000,19
https://828newsnow.com/news/228822-oak-grist-fights-to-stay-open-after-black-mountain-town-order/,175850,2026-09-20 18:24:31,200,1.000,3.000,18
https://academy24.pl/,127577,2026-09-20 18:24:31,200,1.000,3.000,20
https://consortiumnews.salsalabs.org/ClassicDonationPage1/index.html,74164,2026-09-20 18:24:31,200,1.000,3.000,17
https://bmcbrewing.com/,207036,2026-09-20 18:24:32,200,1.000,3.000,18
https://code.haverbeke.berlin/codemirror/dev/issues,0,2026-09-20 18:24:32,403,1.000,3.000,22
https://dan.langille.org/,173486,2026-09-20 18:24:32,200,1.000,3.000,18
https://clicksphone.com/,179991,2026-09-20 18:24:32,200,1.000,3.000,20
https://akirabox.com/jJD3VDbPaGa5/file,0,2026-09-20 18:24:32,403,1.000,3.000,20
https://business.untappd.com/boards/58361,151176,2026-09-20 18:24:32,200,1.000,3.000,19
https://dampfkraft.com/,6136,2026-09-20 18:24:32,200,1.000,3.000,17
https://cpli.dev/,3402,2026-09-20 18:24:32,200,1.000,3.000,21
https://dailystudybible.com/todaybib.php,11275,2026-09-20 18:24:32,200,1.000,3.000,19
https://brainless.social/@brainlessbitch,57661,2026-09-20 18:24:32,200,1.000,3.000,21
https://damcraft.de/,21527,2026-09-20 18:24:32,200,1.000,3.000,23
https://dandysworlddraw.com/,172894,2026-09-20 18:24:32,200,1.000,3.000,25
https://dandelion-utilitarian.com/,80227,2026-09-20 18:24:32,200,1.000,3.000,17
https://buzzheavier.com/frxu9lamvqul,0,2026-09-20 18:24:32,403,1.000,3.000,19
https://asp-eurasipjournals.springeropen.com/articles/10.1186/s13634-018-0564-6,3038,2026-09-20 18:24:32,200,1.000,3.000,16
https://dang.ai/,373015,2026-09-20 18:24:32,200,1.000,3.000,21
https://danielc.dev/,5135,2026-09-20 18:24:32,200,1.000,3.000,17
https://danielcorin.com/,47879,2026-09-20 18:24:32,200,1.000,3.000,18
https://akirabox.com/b5OzdVyplmB8/file,0,2026-09-20 18:24:32,403,1.000,3.000,20
https://1lab.dev/,66324,2026-09-20 18:24:33,200,1.000,3.000,22
https://danielcuttridge.com/,3348,2026-09-20 18:24:33,200,1.000,3.000,17
https://bruijn.marvinborner.de/,9265,2026-09-20 18:24:33,200,1.000,3.000,22
https://daniel.do/article/the-je-ne-sais-quoi-of-tiktok/,36940,2026-09-20 18:24:33,200,1.000,3.000,18
https://daniel.lawrence.lu/blog,21362,2026-09-20 18:24:33,200,1.000,3.000,14
https://clu.pl/,8362,2026-09-20 18:24:33,200,1.000,3.000,21
https://ashevillemediagroup.com/contact/,103253,2026-09-20 18:24:33,200,1.000,3.000,19
https://chloes.website/,896,2026-09-20 18:24:33,200,1.000,3.000,20
https://bestofavl.com/,107353,2026-09-20 18:24:33,200,1.000,3.000,19
https://code.haverbeke.berlin/codemirror/lang-css,0,2026-09-20 18:24:33,403,1.000,3.000,22
https://dancohen.org/?utm_source=dancohen&utm_medium=email,83594,2026-09-20 18:24:33,200,1.000,3.000,14
https://dailycallernewsfoundation.org/2026/04/19/kash-patel-announces-intention-sue-atlantic-fox-news-sunday-morning-futures-maria-bartiromo/,0,2026-09-20 18:24:33,0,1.000,3.000,17
https://clutchlink.com/,1099,2026-09-20 18:24:33,200,1.000,3.000,18
https://dane.dp42.dev/,13356,2026-09-20 18:24:33,200,1.000,1.893,18
https://cyber24days.com/registration/,41172,2026-09-20 18:24:33,200,1.000,3.000,21
https://daniel-siepmann.de/,62373,2026-09-20 18:24:33,200,1.000,3.000,17
https://daniel.kea.st/,18646,2026-09-20 18:24:33,200,1.000,3.000,15
https://daniele.ch/applicazioni.php,60928,2026-09-20 18:24:33,200,1.000,3.000,15
https://beta.openai.com/?app=creative-gen,0,2026-09-20 18:24:33,403,1.000,3.000,20
https://daniel.haxx.se/blog/2026/06/15/curl-summer-of-bliss/,81060,2026-09-20 18:24:33,200,1.000,3.000,20
https://buzzheavier.com/43c07elfy00s,0,2026-09-20 18:24:33,403,1.000,3.000,19
https://ar.redtube.com/channels/brazzers,672611,2026-09-20 18:24:33,200,1.000,3.000,19
https://112batman.com/,19364,2026-09-20 18:24:33,200,1.000,3.000,24
https://danieljwilson.me/,62183,2026-09-20 18:24:33,200,1.000,3.000,14
https://coolgames.zip/,9908,2026-09-20 18:24:33,200,1.000,3.000,22
https://danij.bearblog.dev/,22152,2026-09-20 18:24:33,200,1.000,1.292,15
https://danielflannery.ie/,7032,2026-09-20 18:24:33,200,1.000,3.000,17
https://danisancas.com/,19371,2026-09-20 18:24:33,200,1.000,3.000,17
https://akirabox.com/RMKGJKvOVm1o/file,0,2026-09-20 18:24:33,403,1.000,3.000,20
http://danluu.com/,22257,2026-09-20 18:24:33,200,1.000,3.000,14
https://daniellaunches.com/tools/webagentscan,161387,2026-09-20 18:24:34,200,1.000,3.000,21
https://danielmiessler.com/study/vim/?fb_ref=118ef0e03ab54c0d8197214328648a68-Hackernews,313886,2026-09-20 18:24:34,200,1.000,3.000,18
https://cuiiliste.de/,79789,2026-09-20 18:24:34,200,1.000,3.000,24
https://danielsada.tech/,14557,2026-09-20 18:24:34,200,1.000,3.000,17
https://dannarchy.com/,21092,2026-09-20 18:24:34,200,1.000,3.000,16
https://dannybate.com/2021/03/15/the-decline-and-fall-of-the-latin-neuter/,211255,2026-09-20 18:24:34,200,1.000,3.000,18
https://code.haverbeke.berlin/codemirror/dev/,0,2026-09-20 18:24:34,403,1.000,3.000,22
https://danritz.com/,18221,2026-09-20 18:24:34,200,1.000,3.000,17
https://dantecomedy.com/welcome/inferno/inferno-canto-3/inferno-canto-3-images/,356908,2026-09-20 18:24:34,200,1.000,3.000,16
https://buzzheavier.com/kamg8m0td8qd,0,2026-09-20 18:24:34,403,1.000,3.000,20
https://curl.se/support.html,8604,2026-09-20 18:24:34,200,1.000,3.000,21
https://danieljudd.xyz/,5218,2026-09-20 18:24:34,200,1.000,3.000,17
https://dansinker.com/,34175,2026-09-20 18:24:34,200,1.000,3.000,14
https://creatune.ai/?utm_source=aitoolly.com&utm_medium=featured_referral,0,2026-09-20 18:24:34,0,1.000,3.000,23
https://catb.it/,4736,2026-09-20 18:24:34,200,1.000,3.000,24
https://darkweblinkssites.com/,0,2026-09-20 18:24:34,0,1.000,3.000,17
https://danielfett.de/,9422,2026-09-20 18:24:34,200,1.000,3.000,19
https://dannb.org/blog/2024/obsidian-use-your-notes/,15282,2026-09-20 18:24:34,200,1.000,3.000,18
https://danielprindii.com/,28873,2026-09-20 18:24:34,200,1.000,3.000,17
https://community.nginx.org/,269280,2026-09-20 18:24:34,200,1.000,3.000,21
http://dantelab.dartmouth.edu/reader?reader%5Bcantica%5D=1&reader%5Bcanto%5D=3,489496,2026-09-20 18:24:34,200,1.000,3.000,16
https://dannyguo.com/,6272,2026-09-20 18:24:34,200,1.000,3.000,18
https://dariusz.wieckiewicz.org/,83606,2026-09-20 18:24:34,200,1.000,1.893,17
https://darcynorman.net/,20290,2026-09-20 18:24:34,200,1.000,3.000,19
https://darnielle.me/,0,2026-09-20 18:24:34,0,1.000,3.000,16
https://danlam.net/,106599,2026-09-20 18:24:34,200,1.000,3.000,18
https://buzzheavier.com/92i4x16s3w4d,0,2026-09-20 18:24:34,403,1.000,3.000,20
https://akirabox.com/jar3XlROZ32d/file,0,2026-09-20 18:24:34,403,1.000,3.000,20
https://darknetdiaries.com/,15971,2026-09-20 18:24:34,200,1.000,3.000,14
https://darkhours.app/,23642,2026-09-20 18:24:34,200,1.000,3.000,19
http://darkpatterns.org/,0,2026-09-20 18:24:35,0,1.000,3.000,19
https://code.haverbeke.berlin/codemirror/lang-cpp,0,2026-09-20 18:24:35,403,1.000,3.000,22
https://dan.pika.page/,24393,2026-09-20 18:24:35,200,1.000,3.000,18
https://blahaj.pet/,18196,2026-09-20 18:24:35,200,1.000,3.000,25
https://danq.me/,58717,2026-09-20 18:24:35,200,1.000,3.000,14
https://climbx.so/,493792,2026-09-20 18:24:35,200,1.000,3.000,22
https://darkstarsystems.com/,383449,2026-09-20 18:24:35,200,1.000,3.000,19
https://darktheme.club/,47577,2026-09-20 18:24:35,200,1.000,3.000,17
https://databento.com/?utm_source=astro&utm_medium=sponsor&utm_content=display,17781,2026-09-20 18:24:35,200,1.000,3.000,16
https://darekkay.com/blog/static-site-comments/,21618,2026-09-20 18:24:35,200,1.000,3.000,18
https://darren.me/,13699,2026-09-20 18:24:35,200,1.000,3.000,14
https://dashboard.pantheon.io/,15638,2026-09-20 18:24:35,200,1.000,3.000,19
https://danterobinson.dev/,6944,2026-09-20 18:24:35,200,1.000,3.000,18
https://danwang.co/,546781,2026-09-20 18:24:35,200,1.000,3.000,14
https://darice.org/,33993,2026-09-20 18:24:35,200,1.000,3.000,14
https://dannysalzman.com/,7925,2026-09-20 18:24:35,200,1.000,3.000,17
https://danstroot.com/about,70256,2026-09-20 18:24:35,200,1.000,3.000,18
https://dansfroyo.ph/,74862,2026-09-20 18:24:35,200,1.000,3.000,18
https://arkai.win/,18244,2026-09-20 18:24:36,200,1.000,3.000,18
https://apnews.com/article/chinese-emigration-us-mexico-border-darien-381c215ff30f0f2349c2ea118aa280c6,0,2026-09-20 18:24:36,403,1.000,3.000,15
http://apple.co/darknetdiaries,435370,2026-09-20 18:24:36,200,1.000,3.000,15
https://celestrak.org/,10304,2026-09-20 18:24:36,200,1.000,3.000,20
https://databasegdriveplayer.co/movie.php,4941,2026-09-20 18:24:36,200,1.000,3.000,18
https://akirabox.com/QN9mEq0KRm6d/file,0,2026-09-20 18:24:36,403,1.000,3.000,20
https://dashboard.simpleanalytics.com/bomberfish.ca?utm_source=bomberfish.ca&utm_content=badge,52575,2026-09-20 18:24:36,200,1.000,3.000,25
https://buzzheavier.com/kpfey6ppej12,0,2026-09-20 18:24:36,403,1.000,3.000,20
https://andrewbatson.com/2023/05/10/xis-new-growth-synthesis/,184716,2026-09-20 18:24:36,200,1.000,3.000,15
https://datatxt.org/,1214,2026-09-20 18:24:36,200,1.000,3.000,17
https://adamchamberlin.info/,49044,2026-09-20 18:24:36,200,1.000,3.000,18
https://cuties.zip/,7295,2026-09-20 18:24:36,200,1.000,3.000,25
https://darkhours.io/,23642,2026-09-20 18:24:36,200,1.000,3.000,20
https://blog.yaslam.org/,0,2026-09-20 18:24:36,0,1.000,3.000,18
https://dataos.software/,13176,2026-09-20 18:24:36,200,1.000,3.000,17
https://datavolve.psdcoder.dev/,86888,2026-09-20 18:24:36,200,1.000,3.000,15
https://dashcameras.net/,155661,2026-09-20 18:24:36,200,1.000,3.000,17
https://blog.joeldare.com/how-i-implemented-comments-on-a-static-site/,23018,2026-09-20 18:24:36,200,1.000,3.000,19
https://datagubbe.se/,18772,2026-09-20 18:24:36,200,1.000,3.000,17
https://blog.vinfall.com/,5316,2026-09-20 18:24:36,200,1.000,3.000,18
https://chirpy.dev/,59314,2026-09-20 18:24:36,200,1.000,3.000,19
https://bannedwagon.team/,1786758,2026-09-20 18:24:36,200,1.000,3.000,26
https://datenkastl.de/,16128,2026-09-20 18:24:36,200,1.000,3.000,17
https://archive.ph/tNdrf,0,2026-09-20 18:24:36,429,1.000,3.000,15
https://code.haverbeke.berlin/codemirror/lang-html,0,2026-09-20 18:24:37,403,1.000,3.000,22
https://americanaffairsjournal.org/2025/11/the-engineering-state/,81829,2026-09-20 18:24:37,200,1.000,3.000,15
https://alexzeecomedy.com/,142326,2026-09-20 18:24:37,200,1.000,3.000,18
https://blog.newdegeneration.xyz/,22667,2026-09-20 18:24:37,200,1.000,3.000,18
https://buzzheavier.com/womxby9ka6wz,0,2026-09-20 18:24:37,403,1.000,3.000,20
http://datadog.com/coderradio,129769,2026-09-20 18:24:37,200,1.000,3.000,19
https://apps.irs.gov/pub/epostcard/dl/FinalLetter_86-3575285_CELESTRAK_10062021_00.tif,0,2026-09-20 18:24:37,200,1.000,3.000,21
https://akirabox.com/obj3j7ylrzDx/file,0,2026-09-20 18:24:37,403,1.000,3.000,20
https://conversationswithtyler.com/episodes/dan-wang/,184566,2026-09-20 18:24:37,200,1.000,3.000,15
https://blog.bidisaster.party/,0,2026-09-20 18:24:37,0,1.000,3.000,18
https://convocomet.dev/,12646,2026-09-20 18:24:37,200,1.000,3.000,19
https://commentbox.io/,186173,2026-09-20 18:24:37,200,1.000,3.000,19
https://crsreports.congress.gov/product/pdf/IF/IF12534,0,2026-09-20 18:24:37,403,1.000,3.000,15
https://davcloud.xyz/,0,2026-09-20 18:24:37,0,1.000,3.000,17
https://botwave.dpip.lol/,3654,2026-09-20 18:24:37,200,1.000,3.000,18
https://cactus.chat/,8982,2026-09-20 18:24:37,200,1.000,3.000,19
https://coywolf.blog/the-case-against-comments/,55639,2026-09-20 18:24:37,200,1.000,3.000,19
http://cpc.people.com.cn/n1/2023/0428/c64094-32675981.html,48742,2026-09-20 18:24:37,200,1.000,3.000,16
https://das-wilde-gartenblog.de/,66648,2026-09-20 18:24:37,200,1.000,3.000,18
https://cshubh.com/,22030,2026-09-20 18:24:37,200,1.000,3.000,18
https://crabmayo.net/,3439,2026-09-20 18:24:37,200,1.000,3.000,26
https://browsehappy.com/,26439,2026-09-20 18:24:37,200,1.000,3.000,26
https://cusdis.com/,0,2026-09-20 18:24:37,521,1.000,3.000,19
https://buzzheavier.com/mov36cp21u0v,0,2026-09-20 18:24:37,403,1.000,3.000,20
https://daught.me/blog/2024/indie-web/,39136,2026-09-20 18:24:37,200,1.000,3.000,17
https://actix.rs/,46629,2026-09-20 18:24:37,200,1.000,3.000,26
https://blink.net/login,2147,2026-09-20 18:24:37,200,1.000,3.000,16
https://akirabox.com/l76mZrZrpman/file,0,2026-09-20 18:24:38,403,1.000,3.000,20
https://coywolf.com/podcast/,69179,2026-09-20 18:24:38,200,1.000,3.000,20
https://code.haverbeke.berlin/codemirror/lang-vue,0,2026-09-20 18:24:38,403,1.000,3.000,22
https://davecormier.com/edblog/,118454,2026-09-20 18:24:38,200,1.000,3.000,19
https://coywolf.llc/,37363,2026-09-20 18:24:38,200,1.000,3.000,20
https://agoraroad.goeshard.org/alexzeecomedy/prev,0,2026-09-20 18:24:38,404,1.000,3.000,19
https://blue-pages.bitbucket.io/,0,2026-09-20 18:24:38,404,1.000,3.000,19
https://chinaopensourceobservatory.org/articles/america-against-america,124738,2026-09-20 18:24:38,200,1.000,3.000,16
https://dataswamp.org/~lich,1493,2026-09-20 18:24:38,200,1.000,3.000,16
https://coywolf.help/,0,2026-09-20 18:24:38,0,1.000,3.000,21
https://coywolf.shop/,0,2026-09-20 18:24:38,0,1.000,3.000,21
https://commento.io/,0,2026-09-20 18:24:38,404,1.000,3.000,19
https://darksitefinder.com/maps/world.html,70573,2026-09-20 18:24:38,200,1.000,3.000,18
https://daverupert.com/,23127,2026-09-20 18:24:38,200,1.000,3.000,14
https://daricedecuba.com/,120481,2026-09-20 18:24:38,200,1.000,3.000,15
https://alastairjohnston.com/introducing-hello-pages/,16434,2026-09-20 18:24:38,200,1.000,3.000,19
https://datingmanifesto.cc/,251753,2026-09-20 18:24:38,200,1.000,3.000,15
https://buzzheavier.com/7dgzelaj4aeu,0,2026-09-20 18:24:38,403,1.000,3.000,20
https://algo.free/,19540,2026-09-20 18:24:38,200,1.000,3.000,20
https://catalins.tech/node-version-manager-macos/,37009,2026-09-20 18:24:38,200,1.000,3.000,18
https://coywolf.domains/,105354,2026-09-20 18:24:38,200,1.000,3.000,21
https://davekellam.com/feed/,0,2026-09-20 18:24:38,200,1.000,3.000,18
https://david.coffee/,26076,2026-09-20 18:24:38,200,1.000,3.000,18
https://davepeck.org/about/,5685,2026-09-20 18:24:38,200,1.000,3.000,18
https://agoraroad.goeshard.org/alexzeecomedy/next,0,2026-09-20 18:24:38,404,1.000,3.000,19
https://coywolf.pro/seo/disambiguation-visibility-google/,88192,2026-09-20 18:24:38,200,1.000,3.000,20
https://akirabox.com/0rpmvpyLgzRg/file,0,2026-09-20 18:24:38,403,1.000,3.000,20
https://davidakennedy.com/,14915,2026-09-20 18:24:38,200,1.000,3.000,14
https://baty.blog/hello/,0,2026-09-20 18:24:39,404,1.000,3.000,20
https://davi.sh/,16937,2026-09-20 18:24:39,200,1.000,3.000,18
https://daveguarino.com/,2719,2026-09-20 18:24:39,200,1.000,3.000,17
https://coywolf.printful.me/,5258,2026-09-20 18:24:39,200,1.000,3.000,20
https://davidallengreen.com/,491,2026-09-20 18:24:39,200,1.000,3.000,14
https://coywolf.app/,73617,2026-09-20 18:24:39,200,1.000,3.000,21
http://chuxin.people.cn/GB/index.html,87275,2026-09-20 18:24:39,200,1.000,3.000,17
https://davehenry.blog/,18685,2026-09-20 18:24:39,200,1.000,3.000,14
https://code.haverbeke.berlin/codemirror/lang-yaml,0,2026-09-20 18:24:39,403,1.000,3.000,22
https://david-smith.org/,37828,2026-09-20 18:24:39,200,1.000,3.000,20
https://davesmyth.com/,5751,2026-09-20 18:24:39,200,1.000,3.000,14
http://dangshi.people.cn/,132284,2026-09-20 18:24:39,200,1.000,3.000,17
https://coywolf.social/@coywolf,56572,2026-09-20 18:24:39,200,1.000,3.000,20
https://davelawrence.photo/,407591,2026-09-20 18:24:39,200,1.000,3.000,14
https://coywolf.surf/,2812,2026-09-20 18:24:39,200,1.000,3.000,21
https://davideisinger.com/,14000,2026-09-20 18:24:39,200,1.000,3.000,14
https://canion.blog/hello/,8800,2026-09-20 18:24:39,200,1.000,3.000,20
https://davidbilla.net/rss/,0,2026-09-20 18:24:39,200,1.000,3.000,18
https://a11yweekly.com/,13832,2026-09-20 18:24:39,200,1.000,3.000,15
https://adhoc.team/,46920,2026-09-20 18:24:39,200,1.000,3.000,15
https://buzzheavier.com/tkxeuog307zd,8769,2026-09-20 18:24:39,200,1.000,3.000,20
https://akirabox.com/Z9dzBPeWEmk1/file,0,2026-09-20 18:24:39,403,1.000,3.000,20
https://davidandkay.me.uk/,7393,2026-09-20 18:24:39,200,1.000,3.000,18
https://airesources.dev/,214934,2026-09-20 18:24:39,200,1.000,3.000,19
https://davidea.st/articles/11ty-tips-i-wish-i-knew-from-the-start/,64516,2026-09-20 18:24:39,200,1.000,3.000,17
https://davidffisher.com/,82502,2026-09-20 18:24:39,200,1.000,3.000,14
https://davidak.de/,20148,2026-09-20 18:24:39,200,1.000,3.000,20
http://accessibility.voxmedia.com/,58554,2026-09-20 18:24:39,200,1.000,3.000,16
https://communitywiki.org/trunk,2166,2026-09-20 18:24:39,200,1.000,3.000,21
https://daximus.neocities.org/,22437,2026-09-20 18:24:39,200,1.000,0.477,15
https://commercial-exchange.com/,103945,2026-09-20 18:24:39,200,1.000,3.000,15
https://davidumoru.me/,30621,2026-09-20 18:24:39,200,1.000,3.000,14
https://app.contact.garden/signup,3878,2026-09-20 18:24:39,200,1.000,3.000,22
https://davidvlijmincx.com/about/,8951,2026-09-20 18:24:39,200,1.000,3.000,18
https://davidgebski.com//,3216,2026-09-20 18:24:39,200,1.000,3.000,16
https://davidjohnmead.com/,21712,2026-09-20 18:24:40,200,1.000,3.000,14
https://davidwonn.kontek.net/,1140,2026-09-20 18:24:40,200,1.000,3.000,18
https://davidjenei.com/,2143,2026-09-20 18:24:40,200,1.000,3.000,18
https://davideaversa.it/,25050,2026-09-20 18:24:40,200,1.000,3.000,14
https://davidtran.me/,20165,2026-09-20 18:24:40,200,1.000,3.000,18
https://davidrutland.com/,9508,2026-09-20 18:24:40,200,1.000,3.000,17
https://code.haverbeke.berlin/codemirror/lang-go,0,2026-09-20 18:24:40,403,1.000,3.000,22
http://colorsafe.co/,19323,2026-09-20 18:24:40,200,1.000,3.000,17
https://app.thestorygraph.com/profile/thek3nger,0,2026-09-20 18:24:40,403,1.000,3.000,15
https://daviewales.com/,40488,2026-09-20 18:24:40,200,1.000,3.000,18
https://akirabox.com/M2BGwPyWXmj4/file,0,2026-09-20 18:24:40,403,1.000,3.000,20
https://davidwparker.com/,20781,2026-09-20 18:24:40,200,1.000,3.000,17
https://davidmarsden.info/,31090,2026-09-20 18:24:40,200,1.000,3.000,14
http://code.viget.com/interactive-wcag/,1179,2026-09-20 18:24:40,200,1.000,3.000,17
https://cameradecision.com/compare/Canon-EOS-R6-V-vs-Canon-EOS-R50-V,324192,2026-09-20 18:24:40,200,1.000,3.000,15
https://commanderred.xyz/,117460,2026-09-20 18:24:40,200,1.000,3.000,26
http://davidmead.listal.com/,34549,2026-09-20 18:24:40,200,1.000,3.000,15
https://dawnpatrol.cloud/,170272,2026-09-20 18:24:40,200,1.000,3.000,15
https://davidrutland.uk/,19728,2026-09-20 18:24:40,200,1.000,3.000,18
https://davidwalesdata.com/,2476,2026-09-20 18:24:40,200,1.000,3.000,18
https://ctmiller.net/,12167,2026-09-20 18:24:40,200,1.000,3.000,15
http://davidovski.xyz/,3451,2026-09-20 18:24:40,200,1.000,3.000,17
http://achecker.ca/checker/index.php,33626,2026-09-20 18:24:40,200,1.000,3.000,17
https://conventionalcomments.org/,22444,2026-09-20 18:24:40,200,1.000,3.000,15
http://colororacle.org/index.html,4555,2026-09-20 18:24:40,200,1.000,3.000,17
https://davidmead.mixlr.com/,6854,2026-09-20 18:24:41,200,1.000,3.000,15
http://davesmyth.studio/,41002,2026-09-20 18:24:41,200,1.000,3.000,15
https://blackcape.fi/,105700,2026-09-20 18:24:41,200,1.000,3.000,15
https://akirabox.com/dkD3YwMDOGLQ/file,0,2026-09-20 18:24:41,403,1.000,3.000,20
http://adrianrapp.com/,3384,2026-09-20 18:24:41,200,1.000,3.000,18
https://code.haverbeke.berlin/codemirror/lang-liquid,0,2026-09-20 18:24:41,403,1.000,3.000,22
http://aquaregia.de/,6580,2026-09-20 18:24:41,200,1.000,3.000,21
http://brennblatt.de/,7420,2026-09-20 18:24:41,200,1.000,3.000,21
https://dbrand.com/shop/mnml/iphone-18-pro-max-cases,187344,2026-09-20 18:24:41,200,1.000,3.000,15
https://akkoma.social/,38027,2026-09-20 18:24:41,200,1.000,3.000,21
https://dcbeer.com/2026/08/04/100000-barrels-lost-wherefore-art-thou/,185967,2026-09-20 18:24:41,200,1.000,3.000,16
https://dbushell.com/,76860,2026-09-20 18:24:41,200,1.000,3.000,18
https://daytona.io/,1859984,2026-09-20 18:24:41,200,1.000,3.000,19
https://daytonamess.com/,201091,2026-09-20 18:24:41,200,1.000,3.000,18
https://dawnpatrolstore.com/,5097,2026-09-20 18:24:41,200,1.000,3.000,16
https://atlasminor.com/,15589,2026-09-20 18:24:41,200,1.000,3.000,15
https://christian.bock.ml/posts/academic_meetings,0,2026-09-20 18:24:41,0,1.000,3.000,19
https://camdecphoto.com/?utm_source=cameradecision&utm_medium=referral&utm_campaign=header_nav,603786,2026-09-20 18:24:41,200,1.000,3.000,16
https://dbohdan.com/,21022,2026-09-20 18:24:41,200,1.000,3.000,18
https://akirabox.com/XkrzoKy1WzBO/file,0,2026-09-20 18:24:41,403,1.000,3.000,20
https://dcr.some.pics/,0,2026-09-20 18:24:41,0,1.000,3.000,18
https://dcp.ucla.edu/2011/04/tips-and-tools-for-creating-accessible-color-schemes/,0,2026-09-20 18:24:41,404,1.000,3.000,17
http://app.people.cn/,0,2026-09-20 18:24:42,0,1.000,3.000,17
https://de4d.lol/,7139,2026-09-20 18:24:42,200,1.000,3.000,17
https://dbohdan.tilde.institute/,17587,2026-09-20 18:24:42,200,1.000,1.893,17
https://davidduchemin.com/,133678,2026-09-20 18:24:42,200,1.000,3.000,14
http://berniejenny.info/,235492,2026-09-20 18:24:42,200,1.000,3.000,18
https://cohere.com/,546592,2026-09-20 18:24:42,200,1.000,3.000,20
https://bespokelabs.ai/,555163,2026-09-20 18:24:42,200,1.000,3.000,20
https://accessibility.oit.ncsu.edu/tools/color-extractor/,0,2026-09-20 18:24:42,404,1.000,3.000,17
https://deadpixelsclub.nekoweb.org/,6096,2026-09-20 18:24:42,200,1.000,0.946,15
https://code.haverbeke.berlin/codemirror/lang-javascript,0,2026-09-20 18:24:42,403,1.000,3.000,22
https://deadparrotbbs.com/why-personal-websites-are-coming-back/,30721,2026-09-20 18:24:42,200,1.000,3.000,19
https://deal.digital/,10335,2026-09-20 18:24:42,200,1.000,3.000,18
https://daynumber.now/?utm_source=bestsky.tools&utm_medium=referral&utm_campaign=tool-listing,187780,2026-09-20 18:24:42,200,1.000,3.000,22
https://deanebarker.net/now/,21541,2026-09-20 18:24:42,200,1.000,3.000,18
https://2024.typemedia.org/ando/dargon.html,20098,2026-09-20 18:24:42,200,1.000,3.000,19
https://akirabox.com/9QWmpAyoN3EB/file,0,2026-09-20 18:24:42,403,1.000,3.000,20
https://civiccommons.co.uk/,5833,2026-09-20 18:24:42,200,1.000,3.000,15
http://dbohdan.sdf.org/,17595,2026-09-20 18:24:42,200,1.000,3.000,19
https://dearphotograph.com/,135980,2026-09-20 18:24:42,200,1.000,3.000,15
http://concert.arte.tv/de/collections/moers-festival-2014,820158,2026-09-20 18:24:42,200,1.000,3.000,21
http://de.personello.com/mypersonello/index/feedback ,0,2026-09-20 18:24:42,404,1.000,3.000,19
https://dealmyapp.com/listings/aiqualityhq,91778,2026-09-20 18:24:43,200,1.000,3.000,24
https://deadendshrine.online/,7377,2026-09-20 18:24:43,200,1.000,3.000,16
http://debconf13.debconf.org/,0,2026-09-20 18:24:43,200,1.000,1.893,19
https://de.redtube.com/channels/brazzers,660359,2026-09-20 18:24:43,200,1.000,1.893,19
https://bojansavric.projectionwizard.org/Hufnagel.html,4430,2026-09-20 18:24:43,200,1.000,3.000,19
https://clay.com/,505021,2026-09-20 18:24:43,200,1.000,3.000,20
https://deathcult.fun/,1828,2026-09-20 18:24:43,200,1.000,3.000,17
https://akirabox.com/EL73g7yky39B/file,0,2026-09-20 18:24:43,403,1.000,3.000,20
https://debian.org/,15862,2026-09-20 18:24:43,200,1.000,3.000,16
https://decibel.trade/,133245,2026-09-20 18:24:43,200,1.000,3.000,20
https://debian.club/,65258,2026-09-20 18:24:43,200,1.000,3.000,24
https://decembergirl.net/xfiles/,2437,2026-09-20 18:24:43,200,1.000,3.000,15
https://code.haverbeke.berlin/codemirror/lang-php,0,2026-09-20 18:24:43,403,1.000,3.000,22
https://debian.ch/,3901,2026-09-20 18:24:43,200,1.000,3.000,19
https://badhi.id/,61097,2026-09-20 18:24:43,200,1.000,3.000,19
https://craftandvision.lpages.co/20-ways-free-ebook-offer/,193293,2026-09-20 18:24:43,200,1.000,3.000,15
https://deepakness.com/,31835,2026-09-20 18:24:43,200,1.000,3.000,14
https://deepy.me/,114,2026-09-20 18:24:43,200,1.000,3.000,22
https://ainoblocks.io/makoney/category/news/https://dcbeer.com/category/homebrewing/,0,2026-09-20 18:24:43,404,1.000,3.000,17
http://co2.digitalcartography.org/,155911,2026-09-20 18:24:43,200,1.000,3.000,19
https://dedications.fyi/,5820,2026-09-20 18:24:43,200,1.000,3.000,17
https://decoded.legal/blog/,66134,2026-09-20 18:24:43,200,1.000,3.000,18
https://abr.business.gov.au/ABN/View?abn=41276311303,13777,2026-09-20 18:24:43,200,1.000,3.000,19
https://defiant-confusion.com/,7713,2026-09-20 18:24:43,200,1.000,3.000,16
https://deepdreamgenerator.com/,186095,2026-09-20 18:24:43,200,1.000,3.000,16
http://cartographicperspectives.org/index.php/journal/article/view/cp75-patterson-jenny,31048,2026-09-20 18:24:43,200,1.000,3.000,19
https://deerz.one/,38623,2026-09-20 18:24:43,200,1.000,3.000,21
https://akirabox.com/RMKGJKvwVm1o/file,0,2026-09-20 18:24:44,403,1.000,3.000,20
https://accessibility.oit.ncsu.edu/tools/color-contrast/,0,2026-09-20 18:24:44,404,1.000,3.000,17
https://dayslaunch.com/,103023,2026-09-20 18:24:44,200,1.000,3.000,23
https://deepsouthventures.com/,48879,2026-09-20 18:24:44,200,1.000,3.000,18
https://astrovials.com/,0,2026-09-20 18:24:44,0,1.000,3.000,22
https://code.haverbeke.berlin/codemirror/lang-sql,0,2026-09-20 18:24:44,403,1.000,3.000,22
https://dehora.net/about,96142,2026-09-20 18:24:44,200,1.000,3.000,18
https://akkoma.dev/AkkomaGang/akkoma,3168,2026-09-20 18:24:44,200,1.000,3.000,22
https://definable.ai/,162161,2026-09-20 18:24:44,200,1.000,3.000,30
https://alloyed.me/,619,2026-09-20 18:24:44,200,1.000,3.000,22
https://defaults.rknight.me/,152076,2026-09-20 18:24:44,200,1.000,3.000,19
https://biddyfox.net/,3324,2026-09-20 18:24:44,200,1.000,3.000,22
https://aviz.fr/reliefshearing,14656,2026-09-20 18:24:44,200,1.000,3.000,19
https://cabl.rodeo/,15307,2026-09-20 18:24:44,200,1.000,3.000,22
https://defence24.com/,958680,2026-09-20 18:24:44,200,1.000,3.000,20
https://acn.lol/2023/11/07/default-apps,0,2026-09-20 18:24:44,0,1.000,3.000,20
https://defensivecomputingchecklist.com/,26344,2026-09-20 18:24:44,200,1.000,3.000,18
https://abhinavsarkar.net/notes/2025-default-apps/,0,2026-09-20 18:24:44,403,1.000,3.000,20
https://delicious.com/xtaran,0,2026-09-20 18:24:44,404,1.000,3.000,19
https://deepbolt.xyz/,559375,2026-09-20 18:24:44,200,1.000,3.000,21
https://critta.fyi/,2256,2026-09-20 18:24:44,200,1.000,3.000,22
https://decompiler.com/,18593,2026-09-20 18:24:44,200,1.000,3.000,17
https://cdrom.ca/,6014,2026-09-20 18:24:44,200,1.000,3.000,22
https://akirabox.com/rk9zKWEWXz0l/file,0,2026-09-20 18:24:44,403,1.000,3.000,20
https://deliciousreverie.co.uk/,231089,2026-09-20 18:24:44,200,1.000,3.000,14
https://defn.io/2019/02/04/bye-bye-google/,5410,2026-09-20 18:24:44,200,1.000,3.000,18
https://deixismagazine.org/2014/09/joint-venture/,325195,2026-09-20 18:24:44,200,1.000,3.000,15
https://deimhart.net/,29814,2026-09-20 18:24:44,200,1.000,3.000,19
https://defence24.pl/,1967556,2026-09-20 18:24:44,200,1.000,3.000,20
https://aaronczichon.de/blog/36-app-defaults-2025/,6254,2026-09-20 18:24:44,200,1.000,3.000,20
https://defcon.social/@brentdev,56591,2026-09-20 18:24:44,200,1.000,3.000,18
https://alexink.ca/2024/12/26/default-apps-edition.html,0,2026-09-20 18:24:44,0,1.000,3.000,20
https://bssg.dragas.net/,80824,2026-09-20 18:24:45,200,1.000,3.000,19
https://degraeve.com/,43852,2026-09-20 18:24:45,200,1.000,3.000,17
https://deepseek-image.com/,384386,2026-09-20 18:24:45,200,1.000,3.000,28
https://ankaph.xyz/posts/app-defaults/,0,2026-09-20 18:24:45,0,1.000,3.000,20
https://del.icio.us/davidmead,0,2026-09-20 18:24:45,0,1.000,3.000,15
https://adamfortuna.com/api/feed,0,2026-09-20 18:24:45,200,1.000,3.000,20
https://1password.com/,1155675,2026-09-20 18:24:45,200,1.000,3.000,19
https://alby.xyz/index.php/feed/,0,2026-09-20 18:24:45,200,1.000,3.000,20
https://akirabox.com/qLQ36qJWKm19/file,0,2026-09-20 18:24:45,403,1.000,3.000,20
https://alvinintheroom.com/posts/my-default-apps-jan-2026,22627,2026-09-20 18:24:45,200,1.000,3.000,20
https://arkoinad.com/posts/default_apps_2023.html,5200,2026-09-20 18:24:45,200,1.000,3.000,20
https://connectonline.asic.gov.au/RegistrySearch/faces/landing/ProfessionalRegisters.jspx,6842,2026-09-20 18:24:45,200,1.000,3.000,20
https://andrewmarder.net/defaults/,25068,2026-09-20 18:24:45,200,1.000,3.000,20
https://alienlebarge.ch/articles/2023/11/my-defaults-apps-end-of/,0,2026-09-20 18:24:45,404,1.000,3.000,20
http://davidrutland.co.uk/,0,2026-09-20 18:24:45,0,1.000,3.000,18
https://alexandremouriec.com/blog/2026-app-defaults/,31644,2026-09-20 18:24:45,200,1.000,3.000,20
https://backlinkdirs.com/item/deepbolt,0,2026-09-20 18:24:45,403,1.000,3.000,22
https://deeplaunch.io/,461236,2026-09-20 18:24:45,200,1.000,3.000,22
https://alpine.weblog.lol/2023/11/the-defaults,0,2026-09-20 18:24:45,0,1.000,3.000,20
https://arne.me/articles/app-defaults,34695,2026-09-20 18:24:45,200,1.000,3.000,20
https://adrianperales.com/2023/12/aplicaciones-por-defecto-en-2023/,81176,2026-09-20 18:24:45,200,1.000,3.000,20
https://beccais.online/2023/11/default-apps-2023/,18284,2026-09-20 18:24:45,200,1.000,3.000,20
https://anotherdayu.com/feed/,0,2026-09-20 18:24:45,200,1.000,3.000,20
https://1password.social/@1password,36333,2026-09-20 18:24:45,200,1.000,3.000,20
https://antonio.is/2023/11/26/app-defaults/,12920,2026-09-20 18:24:45,200,1.000,3.000,20
https://backlinkdirs.com/,0,2026-09-20 18:24:45,403,1.000,3.000,23
https://barryfrost.com/rss?post-type=article,0,2026-09-20 18:24:46,200,1.000,3.000,20
http://bitlove.org/deimhart/ogg/feed,0,2026-09-20 18:24:46,0,1.000,3.000,20
https://austinwhite.org/feed.rss,0,2026-09-20 18:24:46,200,1.000,3.000,20
https://7a0.com.br/en?utm_source=deepbolt&utm_medium=referral,69943,2026-09-20 18:24:46,200,1.000,3.000,22
https://akirabox.com/qLQ36qJqPm19/file,0,2026-09-20 18:24:46,403,1.000,3.000,20
https://blog.jasonkratz.me/2023/11/08/my-default-apps-2023/,0,2026-09-20 18:24:46,0,1.000,3.000,20
https://degrowth.org/,135890,2026-09-20 18:24:46,200,1.000,3.000,18
https://blog.laker.lol/posts/app-defaults-ii-return-of-the-note-taking-frenzy,0,2026-09-20 18:24:46,0,1.000,3.000,20
https://bentobingo.com/,54766,2026-09-20 18:24:46,200,1.000,3.000,18
https://blog.klein.ruhr/list-of-my-default-apps-in-2025/,0,2026-09-20 18:24:46,0,1.000,3.000,20
http://blog.european-podcast-award.eu/epa-2012-the-national-winners-885,0,2026-09-20 18:24:46,0,1.000,3.000,20
https://bitboxer.de/2023/11/12/default-apps-2023/,9918,2026-09-20 18:24:46,200,1.000,3.000,20
https://ankursethi.in/posts/default-apps-2023-edition/,0,2026-09-20 18:24:46,404,1.000,3.000,20
https://blog.douchi.space/app-defaults/,40196,2026-09-20 18:24:46,200,1.000,3.000,20
http://bitlove.org/deimhart/mp3/feed,0,2026-09-20 18:24:46,0,1.000,3.000,20
https://blog.darylsun.page/2025/01/25/se-6-app-defaults-2025,0,2026-09-20 18:24:46,0,1.000,3.000,20
https://blog.huadeity.com/posts/app-defaults/,19309,2026-09-20 18:24:46,200,1.000,3.000,20
https://ben.yaf.ai/app-defaults,16065,2026-09-20 18:24:46,200,1.000,3.000,20
https://benji.dog/articles/defaults-2023/,12381,2026-09-20 18:24:46,200,1.000,3.000,20
https://andreas-spiegler.de/feed/,0,2026-09-20 18:24:46,200,1.000,3.000,20
https://blog.alpine.day/2024/12/the-defaults-2k24,0,2026-09-20 18:24:46,0,1.000,3.000,20
https://blog.8bit.lol/2023/12/defaults,0,2026-09-20 18:24:46,0,1.000,3.000,20
https://blog.jasonkratz.me/rss/,0,2026-09-20 18:24:46,0,1.000,3.000,20
https://blog.heygarrett.com/2023/11/app-defaults,0,2026-09-20 18:24:46,0,1.000,3.000,20
https://blog.laker.lol/posts_feed,0,2026-09-20 18:24:47,0,1.000,3.000,20
https://akirabox.com/EL73g7y7y39B/file,0,2026-09-20 18:24:47,403,1.000,3.000,20
https://appbanana.io/?utm_source=deepbolt&utm_medium=referral,1858098,2026-09-20 18:24:47,200,1.000,3.000,22
http://blog.european-podcast-award.eu/the-national-winners-of-the-european-podcast-award-2010-146,0,2026-09-20 18:24:47,0,1.000,3.000,20
https://blog.moeyua.com/posts/my-defaults-2023/,13510,2026-09-20 18:24:47,200,1.000,3.000,20
https://cartogis.org/42nd-map-design-competition-results/,0,2026-09-20 18:24:47,404,1.000,3.000,19
https://blog.klein.ruhr/rss/,0,2026-09-20 18:24:47,0,1.000,3.000,20
https://blog.bdw.li/posts/app-defaults/,0,2026-09-20 18:24:47,404,1.000,3.000,20
https://bewertix.eu/,61347,2026-09-20 18:24:47,200,1.000,3.000,23
https://amitgawande.com/blog/2024/app-defaults-2024,9330,2026-09-20 18:24:47,200,1.000,3.000,20
https://app.warp.dev/referral/DXXVMN,13209,2026-09-20 18:24:47,200,1.000,3.000,21
https://backlinkdirs.com/item/appbanana,0,2026-09-20 18:24:47,403,1.000,3.000,23
https://alvincheng.sumupstore.com/,116875,2026-09-20 18:24:47,200,1.000,3.000,21
https://blog.davidmoll.net/blog/2024-01-19-default-apps/,8880,2026-09-20 18:24:47,200,1.000,3.000,20
https://dehash.me/,69668,2026-09-20 18:24:47,200,1.000,3.000,17
https://blog.metagame.hk/default-apps-for-2026/,25834,2026-09-20 18:24:47,200,1.000,3.000,20
https://aijustbetter.com/item/appbanana.io,0,2026-09-20 18:24:47,429,1.000,3.000,23
https://antennapod.org/,34875,2026-09-20 18:24:47,200,1.000,3.000,21
https://beui.dev/?utm_source=deepbolt&utm_medium=referral,254257,2026-09-20 18:24:47,200,1.000,3.000,22
https://blog.luiscarlospando.com/personal/2023/11/app-defaults-mis-apps-predeterminadas/,91268,2026-09-20 18:24:47,200,1.000,3.000,20
https://answerrank.so/,77223,2026-09-20 18:24:47,200,1.000,3.000,23
https://1password.dev/,1409019,2026-09-20 18:24:47,200,1.000,3.000,20
https://blog.martin-haehnel.de/2023/12/01/via-app-defaults.html,18437,2026-09-20 18:24:47,200,1.000,3.000,20
https://bigideasdb.com/launchdb/launches/wisegrid,0,2026-09-20 18:24:47,429,1.000,3.000,23
https://bear.app/,216996,2026-09-20 18:24:47,200,1.000,3.000,21
https://blog.thalskarth.ar/aplicaciones-por-defecto/,16703,2026-09-20 18:24:47,200,1.000,3.000,20
https://blog.nekoq.top/blog/my-app-defaults-2023,26892,2026-09-20 18:24:47,200,1.000,3.000,20
https://akirabox.com/APVmab9Md3Xo/file,0,2026-09-20 18:24:47,403,1.000,3.000,20
https://agentwise.org/,0,2026-09-20 18:24:47,429,1.000,3.000,23
https://blog.numericcitizen.me/2023/11/06/nsuserdefaults-defaults-nsuserdefaults.html,17310,2026-09-20 18:24:47,200,1.000,3.000,20
https://ainexfinder.com/?utm_source=deepbolt&utm_medium=referral,526065,2026-09-20 18:24:47,200,1.000,3.000,22
https://aitoolslist.tools/tool/wisegrid/,16756,2026-09-20 18:24:47,200,1.000,3.000,23
https://bodo.tasche.me/,8576,2026-09-20 18:24:47,200,1.000,3.000,21
https://bombich.com/,169804,2026-09-20 18:24:48,200,1.000,3.000,21
https://amitg.blog/post/back-to-kagi,0,2026-09-20 18:24:48,404,1.000,3.000,21
https://aijustbetter.com/item/ainexfinder.com,0,2026-09-20 18:24:48,429,1.000,3.000,23
https://bazzite.gg/?ref=blog.metagame.hk,321827,2026-09-20 18:24:48,200,1.000,3.000,21
https://atemplate.com/,1152140,2026-09-20 18:24:48,200,1.000,3.000,24
https://bored.horse/post/app-defaults-late-2023/,7551,2026-09-20 18:24:48,200,1.000,3.000,20
https://blogblog.es/,2351,2026-09-20 18:24:48,200,1.000,3.000,21
http://beeper.com/,103715,2026-09-20 18:24:48,200,1.000,3.000,21
https://blog.timbueno.com/2023/11/06/my-app-defaults.html,9771,2026-09-20 18:24:48,200,1.000,3.000,20
https://apprater.net/a/wisegrid,82696,2026-09-20 18:24:48,200,1.000,3.000,23
https://aidirs.org/item/ainexfinder,0,2026-09-20 18:24:48,403,1.000,3.000,23
https://brainbaking.com/post/2023/11/app-defaults-in-late-2023/,0,2026-09-20 18:24:48,0,1.000,3.000,20
https://buildvoyage.com/products/appbanana?ref=badge,0,2026-09-20 18:24:48,404,1.000,3.000,23
https://boopdeck.com/,104803,2026-09-20 18:24:48,200,1.000,3.000,18
https://braddielman.com/posts/2024-04-13-default-apps/,48704,2026-09-20 18:24:48,200,1.000,3.000,20
https://blog.zzsqwq.cn/posts/default-apps-f2023/,22361,2026-09-20 18:24:48,200,1.000,3.000,20
https://bizsignal.eu/,60813,2026-09-20 18:24:48,200,1.000,3.000,24
https://bobiko.blog/2023/12/defaults-apps-2023/,129666,2026-09-20 18:24:48,200,1.000,3.000,20
https://calebhearth.com/apps-i-use-2023,39319,2026-09-20 18:24:48,200,1.000,3.000,20
https://akirabox.com/Z9dzBPeBMmk1/file,0,2026-09-20 18:24:48,403,1.000,3.000,20
https://brendanthompson.com/uses,113764,2026-09-20 18:24:48,200,1.000,3.000,20
https://beeperstatus.com/,412428,2026-09-20 18:24:48,200,1.000,3.000,22
https://charlesmagnuson.com/blognuson/2024/02/11/my-app-defaults/,0,2026-09-20 18:24:48,404,1.000,3.000,20
http://bnj.pw/b5Tq0,12381,2026-09-20 18:24:49,200,1.000,3.000,21
https://bryanmanio.com/blog/default-apps-for-2024/,48545,2026-09-20 18:24:49,200,1.000,3.000,20
https://byemc.xyz/2023/app-defaults,15943,2026-09-20 18:24:49,200,1.000,3.000,20
https://app.thestorygraph.com/profile/calebhearth,0,2026-09-20 18:24:49,403,1.000,3.000,21
https://chojecki.net/posts/Apps2023,0,2026-09-20 18:24:49,404,1.000,3.000,20
https://aiextension.ai/item/ainexfinder,177928,2026-09-20 18:24:49,200,1.000,3.000,23
https://canyoudownloadrice.com/feed/,0,2026-09-20 18:24:49,200,1.000,3.000,20
https://brandons-journal.com/feed/,0,2026-09-20 18:24:49,200,1.000,3.000,20
https://aokzoestore.com/,280724,2026-09-20 18:24:49,200,1.000,3.000,22
https://capio.ai/,859176,2026-09-20 18:24:49,200,1.000,3.000,23
https://code.haverbeke.berlin/codemirror/lang-xml,0,2026-09-20 18:24:49,403,1.000,3.000,22
https://chatmigo.com/,18615,2026-09-20 18:24:49,200,1.000,3.000,18
https://cartogis.org/44nd-map-design-competition-results/,0,2026-09-20 18:24:49,404,1.000,3.000,19
https://blog.lyokolux.space/posts/2023-11-20-default-apps/,15574,2026-09-20 18:24:49,200,1.000,3.000,20
https://akirabox.com/2WVGrdyBq3kx/file,0,2026-09-20 18:24:49,403,1.000,3.000,20
https://charlesmagnuson.com/blognuson/feed/,0,2026-09-20 18:24:49,404,1.000,3.000,20
https://ainavigationsite.com/,0,2026-09-20 18:24:49,0,1.000,3.000,25
https://cleanshot.com/,178159,2026-09-20 18:24:49,200,1.000,3.000,21
https://calmcalendar.com/,15461,2026-09-20 18:24:49,200,1.000,3.000,21
https://brew.bsd.cafe/stefano/BSSG,4473,2026-09-20 18:24:49,200,1.000,3.000,20
https://chrisfinazzo.com/2023/12/31/app-defaults/,7415,2026-09-20 18:24:49,200,1.000,3.000,20
https://crates.io/crates/deepseek-video,0,2026-09-20 18:24:49,404,1.000,3.000,29
https://chi.miantiao.me/post/app-defaults-2023/,598,2026-09-20 18:24:49,200,1.000,3.000,20
https://cjd.weblog.lol/2024/01/app-defaults,0,2026-09-20 18:24:49,0,1.000,3.000,20
https://chroniclingapp.com/,10087,2026-09-20 18:24:49,200,1.000,3.000,21
https://buildrship.xyz/product/appbanana,163205,2026-09-20 18:24:50,200,1.000,3.000,23
http://ceoas.oregonstate.edu/profile/jenny/,0,2026-09-20 18:24:50,404,1.000,3.000,20
https://crouton.app/,9825,2026-09-20 18:24:50,200,1.000,3.000,21
https://couchtim.es/,141293,2026-09-20 18:24:50,200,1.000,3.000,21
https://crashthearcade.com/blog/app-defaults-2024/,0,2026-09-20 18:24:50,0,1.000,3.000,20
https://delicious.com/settings/deactivate ,0,2026-09-20 18:24:50,403,1.000,3.000,19
https://dayoneapp.com/,150203,2026-09-20 18:24:50,200,1.000,3.000,21
https://curiouser.au/blog/app-defaults-2024/,5185,2026-09-20 18:24:50,200,1.000,3.000,20
https://akirabox.com/ex5z25rXo3Kq/file,0,2026-09-20 18:24:50,403,1.000,3.000,20
https://dailyclack.com/products/gmk-muted-2,250425,2026-09-20 18:24:50,200,1.000,3.000,21
https://craney.uk/defaults,37349,2026-09-20 18:24:50,200,1.000,3.000,20
https://danabyerly.com/notes/defaults-2023/,54547,2026-09-20 18:24:50,200,1.000,3.000,20
https://corteximplant.com/@benji,59093,2026-09-20 18:24:50,200,1.000,3.000,21
https://camera-test.com/?utm_source=deepbolt&utm_medium=referral,78714,2026-09-20 18:24:50,200,1.000,3.000,22
https://decky.xyz/,247932,2026-09-20 18:24:50,200,1.000,3.000,22
https://ca.kobobooks.com/products/kobo-libra-2,471406,2026-09-20 18:24:50,200,1.000,3.000,21
https://crashthearcade.com/blog/app-defaults-2023/,0,2026-09-20 18:24:50,0,1.000,3.000,20
https://deadpan.io/,9276,2026-09-20 18:24:50,200,1.000,3.000,21
https://danhannigan.dev/post/default-apps-2023/,0,2026-09-20 18:24:50,404,1.000,3.000,20
https://curtmerrill.com/blog/2023/default-apps/,4111,2026-09-20 18:24:50,200,1.000,3.000,20
https://damjanovic.it/2023/11/26/my-defaults.html,0,2026-09-20 18:24:50,404,1.000,3.000,20
https://cohost.org/cabl?page=0,0,2026-09-20 18:24:50,429,1.000,3.000,23
https://daniel.industries/2023/12/03/default-apps-2023/,5725,2026-09-20 18:24:50,200,1.000,3.000,20
https://deepphoto.org/,91456,2026-09-20 18:24:50,200,1.000,3.000,24
https://coderdojo.com/,26622,2026-09-20 18:24:51,200,1.000,3.000,20
https://chequewriting.com/,78008,2026-09-20 18:24:51,200,1.000,3.000,25
https://biddyfox.dreamwidth.org/,0,2026-09-20 18:24:51,0,1.000,3.000,23
https://deltaruneprophecypanelgenerator.com/,0,2026-09-20 18:24:51,0,1.000,3.000,25
https://deltarune.com/,29898,2026-09-20 18:24:51,200,1.000,3.000,19
https://delta.dev/,700924,2026-09-20 18:24:51,200,1.000,3.000,15
https://authorize.kobo.com/terms/privacypolicy,0,2026-09-20 18:24:51,403,1.000,3.000,22
https://demonolatry.org/library-archives/,72473,2026-09-20 18:24:51,200,1.000,3.000,16
https://akirabox.com/9AqGQZJ0RmMn/file,0,2026-09-20 18:24:51,403,1.000,3.000,20
https://delta.chat/en/,4636,2026-09-20 18:24:51,200,1.000,3.000,18
https://demochen.com/posts/20231216/,23038,2026-09-20 18:24:51,200,1.000,3.000,20
https://cropp.blog/defaults,0,2026-09-20 18:24:51,0,1.000,3.000,20
https://artiverse.app/ai/fluxproweb-com-image-to-prompt/,0,2026-09-20 18:24:51,0,1.000,3.000,25
https://asmrvideos.io/,360812,2026-09-20 18:24:51,200,1.000,3.000,25
https://deltaruneboards.net/index.php?showuser=151,0,2026-09-20 18:24:51,429,1.000,3.000,16
https://danabyerly-junkdrawer.website/blog/the-five-year-plan/,22740,2026-09-20 18:24:51,200,1.000,3.000,21
https://deckbrew.xyz/,247932,2026-09-20 18:24:51,200,1.000,3.000,23
https://danhannigan.dev/rss/,0,2026-09-20 18:24:51,200,1.000,3.000,20
https://alfred.app/,17275,2026-09-20 18:24:51,200,1.000,3.000,21
https://dazz.ltd/,3646,2026-09-20 18:24:51,200,1.000,3.000,21
https://codeclub.org/en/events,38063,2026-09-20 18:24:51,200,1.000,3.000,21
https://desertjaguar.casa/,0,2026-09-20 18:24:51,0,1.000,3.000,16
https://demonicpedigree.com/,8003,2026-09-20 18:24:51,200,1.000,3.000,18
https://65x24.net/,6655,2026-09-20 18:24:51,200,1.000,3.000,21
https://chierchia.fr/blog/2023/12/applications-par-defaut-2023,117816,2026-09-20 18:24:51,200,1.000,3.000,20
https://ctrlalt.cc/profile/appbanana.io,74449,2026-09-20 18:24:51,200,1.000,3.000,23
https://deno.com/feed,0,2026-09-20 18:24:51,200,1.000,3.000,15
https://deoxys.space/,14201,2026-09-20 18:24:52,200,1.000,3.000,15
https://dequake.neocities.org/home,13328,2026-09-20 18:24:52,200,1.000,0.476,15
https://derg.rest/,0,2026-09-20 18:24:52,0,1.000,3.000,20
https://daylio.net/,90951,2026-09-20 18:24:52,200,1.000,3.000,21
https://deltarune.jp/,29992,2026-09-20 18:24:52,200,1.000,3.000,20
https://denpa-chan.org/,1017,2026-09-20 18:24:52,200,1.000,3.000,16
https://akirabox.com/7d5GLZwe53xR/file,0,2026-09-20 18:24:52,403,1.000,3.000,20
https://denmchenry.com/,17710,2026-09-20 18:24:52,200,1.000,3.000,15
https://cartogis.org/43nd-map-design-competition-results/,0,2026-09-20 18:24:52,404,1.000,3.000,19
https://denisdefreyne.com/weeknotes/,67121,2026-09-20 18:24:52,200,1.000,3.000,14
https://denys.computer/blog/my-defaults-2026/,8191,2026-09-20 18:24:52,200,1.000,3.000,20
https://derg.social/@ulysia,31353,2026-09-20 18:24:52,200,1.000,3.000,20
https://cleanshop.com/,0,2026-09-20 18:24:52,0,1.000,3.000,21
http://designdesign.space/,14608,2026-09-20 18:24:52,200,1.000,3.000,18
https://dennisfink.me/,82876,2026-09-20 18:24:52,200,1.000,3.000,14
https://derekkedziora.com/,2800,2026-09-20 18:24:52,200,1.000,3.000,14
https://deschutesbrewery.com/,309768,2026-09-20 18:24:52,200,1.000,3.000,18
https://deltaruneboards.net/index.php?showuser=796,0,2026-09-20 18:24:52,429,1.000,3.000,16
https://designformankind.com/,49369,2026-09-20 18:24:52,200,1.000,3.000,17
https://designtokenscourse.com/,209613,2026-09-20 18:24:52,200,1.000,3.000,15
https://denshub.com/en/floodtide-review-macupdater-alternative/,68512,2026-09-20 18:24:52,200,1.000,3.000,21
https://deskferry.com/?utm_source=aibest.tools&utm_medium=referral&utm_campaign=navigation,230567,2026-09-20 18:24:52,200,1.000,3.000,29
https://chatmail.at/relays,6415,2026-09-20 18:24:52,200,1.000,3.000,19
https://desmondrivet.com/,7071,2026-09-20 18:24:52,200,1.000,3.000,17
https://design2seo.com/blog/web-development/11ty/build-a-blog-with-11ty-part-3/,76800,2026-09-20 18:24:52,200,1.000,3.000,17
https://design.studio/,25898,2026-09-20 18:24:52,200,1.000,3.000,19
https://casperlefantom.net/,0,2026-09-20 18:24:53,0,1.000,3.000,18
http://camera-wiki.org/wiki/Fujifilm_TX-1,29482,2026-09-20 18:24:53,200,1.000,3.000,22
https://amity.dual-weekend.com/index.php,4403,2026-09-20 18:24:53,200,1.000,3.000,16
https://dereingerostete.dev/,14371,2026-09-20 18:24:53,200,1.000,3.000,24
https://designflows.it/?utm_source=bendingspoons&utm_medium=website&utm_campaign=events&UTM_content=event_CTA,226397,2026-09-20 18:24:53,200,1.000,3.000,24
https://desuarchive.org/,0,2026-09-20 18:24:53,403,1.000,3.000,18
http://detexify.kirelabs.org/classify.html,470,2026-09-20 18:24:53,200,1.000,3.000,18
https://detally.app/,25283,2026-09-20 18:24:53,200,1.000,3.000,17
http://desktop.ly/settings ,0,2026-09-20 18:24:53,0,1.000,3.000,19
https://denkfabrikblog.de/,466770,2026-09-20 18:24:53,200,1.000,3.000,18
https://apocalopolis.com/,43680,2026-09-20 18:24:53,200,1.000,3.000,16
https://deprogrammaticaipsum.com/,288156,2026-09-20 18:24:53,200,1.000,3.000,18
https://designfutures.guide/,117622,2026-09-20 18:24:53,200,1.000,3.000,15
https://design-system.club/prev,27479,2026-09-20 18:24:53,200,1.000,3.000,16
https://dergrimm.net/,69152,2026-09-20 18:24:54,200,1.000,3.000,26
https://denkmalschutz-erhalten.nrw/,111003,2026-09-20 18:24:54,200,1.000,3.000,21
https://detektywi.it/,71421,2026-09-20 18:24:55,200,1.000,3.000,17

 CRAWL SUMMARY STATISTICS 
Total Time Taken: 276.62 seconds
Total URL Attempts Logged: 6846
200 OK (Pages Crawled): 5525
404 Not Found: 205
403 Forbidden: 494
Transport/Timeout Failures (Code 0): 451
Other HTTP Statuses: 171
Total Data Downloaded: 879.40 MB (922118288 bytes)
Crawl Rate: 19.97 pages per second
